title,year,authors,journal,cited_by,link,classifier_confidence,replicated_paper,method_description,result_description
Evaluating replicability of laboratory experiments in economics,2016,"CF Camerer, A Dreber, E Forsell, TH Ho, J Huber","CF Camerer, A Dreber, E Forsell, TH Ho, J Huber… - Science, 2016 - science.org",1596,https://www.science.org/doi/abs/10.1126/science.aaf0918,low,Not identifiable from abstract,laboratory experiment,Result not specified in abstract
"The economic burden of prescription opioid overdose, abuse, and dependence in the United States, 2013",2016,C Zhou,"CS Florence, C Zhou, F Luo, L Xu - Medical care, 2016 - journals.lww.com",1578,https://journals.lww.com/lww-medicalcare/fulltext/2016/10000/The_Economic_Burden_of_Prescription_Opioid.2.aspx?utm_campaign=Rx+Summit&utm_source=hs_email&utm_medium=email&utm_content=37802781&_hsenc=p2...,low,"Birnbaum et al. (2011): ""Societal costs of prescription opioid abuse and dependence in the Unit""",… We replicated the calculation procedures by Birnbaum and colleagues to estimate the proportions of these 3 components attributab,Result not specified in abstract
Can war foster cooperation?,2016,"M Bauer, C Blattman, J Chytilová, J Henrich","M Bauer, C Blattman, J Chytilová, J Henrich… - Journal of Economic …, 2016 - aeaweb.org",1004,https://www.aeaweb.org/articles?id=10.1257/jep.30.3.249,medium,Not identifiable from abstract,"… We replicate each study's original research design, taking the study's identification strategy, measure of violence exposure, co","… We replicate each study's original research design, taking the study's identification strategy, measure of violence exposure, control variables, and"
Pushing on a string: US monetary policy is less powerful in recessions,2016,"S Tenreyro, G Thwaites","S Tenreyro, G Thwaites - American Economic Journal …, 2016 - aeaweb.org",713,https://www.aeaweb.org/articles?id=10.1257/mac.20150016,medium,"Tenreyro et al. (2016): ""Pushing on a String: US Monetary Policy Is Less Powerful in Recessions""","… When estimated linearly over a common sample, we replicate the results exactly","… When estimated linearly over a common sample, we replicate the results exactly"
Dynamic effects of teacher turnover on the quality of instruction,2016,"EA Hanushek, JC Schiman","EA Hanushek, SG Rivkin, JC Schiman - Economics of Education Review, 2016 - Elsevier",480,https://www.sciencedirect.com/science/article/pii/S027277571530087X,medium,Not identifiable from abstract,Method not specified in abstract,"… After taking more extensive steps to account for nonrandom sorting of students into classrooms and endogenous teacher exits and grade-switching, we "
Examination of the synthetic control method for evaluating health policies with multiple treated units,2016,"N Kreif, R Grieve, D Hangartner","N Kreif, R Grieve, D Hangartner, AJ Turner… - … economics, 2016 - Wiley Online Library",424,https://onlinelibrary.wiley.com/doi/abs/10.1002/hec.3258,high,Not identifiable from abstract,"… We replicate the original analysis in considering all the incentivised conditions aggregated, and then disaggregated by conditio","… We replicate the original analysis in considering all the incentivised conditions aggregated, and then disaggregated by condition (pneumonia, acute "
Heaping‐induced bias in regression‐discontinuity designs,2016,"AI Barreca, JM Lindo, GR Waddell","AI Barreca, JM Lindo, GR Waddell - Economic inquiry, 2016 - Wiley Online Library",365,https://onlinelibrary.wiley.com/doi/abs/10.1111/ecin.12225,medium,Not identifiable from abstract,Method not specified in abstract,"… To illustrate this issue, we replicate ADKW's analysis of the 1,500-g cutoff while also considering placebo cutoffs of 1, 000, 1, 100, …, 3, 000 g"
Social vulnerability to natural hazards in Brazil,2016,"BM de Loyola Hummell, SL Cutter","BM de Loyola Hummell, SL Cutter… - International Journal of …, 2016 - Springer",356,https://link.springer.com/article/10.1007/s13753-016-0090-9,high,"Cutter et al. (2013): ""The Social Vulnerability Index (SoVI): A New Tool for Disaster Risk Re""; Cutter et al. (2003): ""Social Vulnerability to Environmental Hazards""",Method not specified in abstract,Result not specified in abstract
The realization effect: Risk-taking after realized versus paper losses,2016,A Imas,"A Imas - American Economic Review, 2016 - aeaweb.org",323,https://www.aeaweb.org/articles?id=10.1257/aer.20140386,high,"Imas & Alex (2016): ""The Realization Effect: Risk-Taking after Realized versus Paper Losses""",Method not specified in abstract,Result not specified in abstract
A theoretical and experimental appraisal of four risk elicitation methods,2016,"P Crosetto, A Filippin","P Crosetto, A Filippin - Experimental Economics, 2016 - Springer",298,https://link.springer.com/article/10.1007/s10683-015-9457-9,high,"Crosetto et al. (2013): ""A theoretical and experimental appraisal of four risk elicitation meth""; Charness et al. (2011): ""The effect of risk on the decision to participate in a lottery""; Harrison & W. (1990): ""Risk aversion and the Becker-DeGroot-Marschak mechanism""",Method not specified in abstract,Result not specified in abstract
Revisiting the corporate social performance‐financial performance link: A replication of W addock and G raves,2016,"X Zhao, AJ Murrell","X Zhao, AJ Murrell - Strategic Management Journal, 2016 - Wiley Online Library",297,https://onlinelibrary.wiley.com/doi/abs/10.1002/smj.2579,high,"Waddock et al. (1997): ""The Corporate Social Performance-Financial Performance Link""",Method not specified in abstract,Result not specified in abstract
Aid on demand: African leaders and the geography of China's foreign assistance,2016,"A Dreher, A Fuchs, R Hodler, B Parks","A Dreher, A Fuchs, R Hodler, B Parks… - Centro Studi Luca d' …, 2016 - papers.ssrn.com",253,https://papers.ssrn.com/sol3/papers.cfm?abstract_id=2900351,medium,Not identifiable from abstract,Method not specified in abstract,"… However, when we replicate the analysis for the World Bank, our regressions show no … We include nighttime light intensity as a proxy for economic a"
Evolving choice inconsistencies in choice of prescription drug insurance,2016,"J Abaluck, J Gruber","J Abaluck, J Gruber - American Economic Review, 2016 - aeaweb.org",208,https://www.aeaweb.org/articles?id=10.1257/aer.20130778,high,"Ketcham et al. (2012): ""The Effect of Medicare Part D on Prescription Drug Use and Spending""","… We are unable to replicate KLMR's results in our data so we cannot say for sure what drives … Further, while we do replicate the",unable to replicate
Entrepreneurial finance and technology transfer,2016,"DB Audretsch, EE Lehmann, S Paleari","DB Audretsch, EE Lehmann, S Paleari… - The Journal of …, 2016 - Springer",182,https://link.springer.com/article/10.1007/s10961-014-9381-8,low,Not identifiable from abstract,new/different dataset,Result not specified in abstract
Reinquiry into advertising avoidance on the internet: A conceptual replication and extension,2016,"Z Seyedghorban, H Tahernejad","Z Seyedghorban, H Tahernejad… - Journal of …, 2016 - Taylor & Francis",172,https://www.tandfonline.com/doi/abs/10.1080/00913367.2015.1085819,high,"Cho et al. (2004): ""Advertising avoidance on the Internet: A model of antecedents and cons""",Method not specified in abstract,replicates and extends original
Mineral economics and policy,2016,JE Tilton,"JE Tilton, JI Guzmán - 2016 - taylorfrancis.com",152,https://www.taylorfrancis.com/books/mono/10.4324/9781315733708/mineral-economics-policy-john-tilton-juan-ignacio-guzm%C3%A1n,low,"Sachs et al. (1995): ""Natural Resource Abundance and Economic Growth""",Method not specified in abstract,Result not specified in abstract
Prosocial behavior increases with age across five economic games,2016,"Y Li, T Kiyonari","Y Matsumoto, T Yamagishi, Y Li, T Kiyonari - PloS one, 2016 - journals.plos.org",142,https://journals.plos.org/plosone/article?id=10.1371/journal.pone.0158671,high,"Lange et al. (2012): ""Age and prosocial behavior: A meta-analysis""",Method not specified in abstract,fails to replicate; directional effect found
The effects of endowment size and strategy method on third party punishment,2016,"J Jordan, K McAuliffe, D Rand","J Jordan, K McAuliffe, D Rand - Experimental Economics, 2016 - Springer",141,https://link.springer.com/article/10.1007/s10683-015-9466-8,low,"Fehr et al. (2004): ""Third-party punishment in experimental games""",Method not specified in abstract,Result not specified in abstract
Cortical thickness of the dorsolateral prefrontal cortex predicts strategic choices in economic games,2016,"H Takagishi, ASR Fermin, R Kanai","T Yamagishi, H Takagishi, ASR Fermin, R Kanai… - Proceedings of the …, 2016 - pnas.org",130,https://www.pnas.org/doi/abs/10.1073/pnas.1523940113,high,Not identifiable from abstract,Method not specified in abstract,not fully replicated; successfully replicates
"Replicating group-based trajectory models of crime at micro-places in Albany, NY",2016,"AP Wheeler, RE Worden","AP Wheeler, RE Worden, SJ McLean - Journal of quantitative criminology, 2016 - Springer",119,https://link.springer.com/article/10.1007/s10940-015-9268-3,high,"Weisburd et al. (2004): ""The Criminology of Place: Street Segments and Our Understanding of the""; Curman et al. (2014): ""Crime and place: a longitudinal examination of street segment patterns""",Method not specified in abstract,Result not specified in abstract
Replicating the multinationality‐performance relationship: Is there an S‐curve?,2016,"H Berry, A Kaul","H Berry, A Kaul - Strategic Management Journal, 2016 - Wiley Online Library",115,https://onlinelibrary.wiley.com/doi/abs/10.1002/smj.2567,high,Not identifiable from abstract,Method not specified in abstract,Result not specified in abstract
The association between attention-deficit/hyperactivity (ADHD) symptoms and self-employment,2016,"I Verheul, J Block, I Franken","I Verheul, W Rietdijk, J Block, I Franken… - European journal of …, 2016 - Springer",111,https://link.springer.com/article/10.1007/s10654-016-0159-1,high,"Lichtenstein et al. (2010): ""The genetics of ADHD""",The positive association between hyperactivity and self-employment was replicated in the Dutch student sample [OR 1,directional effect found
"Social norms, labor market opportunities, and the marriage gap for skilled women",2016,"M Bertrand, P Cortés, C Olivetti, J Pan","M Bertrand, P Cortés, C Olivetti, J Pan - 2016 - nber.org",110,https://www.nber.org/papers/w22015,high,"Bertrand et al. (2016): ""Social norms, labor market opportunities, and the marriage gap for ski""",Method not specified in abstract,Result not specified in abstract
Core and periphery in the European Monetary Union: Bayoumi and Eichengreen 25 years later,2016,"NF Campos, C Macchiarelli","NF Campos, C Macchiarelli - Economics Letters, 2016 - Elsevier",100,https://www.sciencedirect.com/science/article/pii/S0165176516302932,high,"Bayoumi et al. (1993): ""Shocking Aspects of European Monetary Integration""",same design/methodology,effect significance noted
Work-related attitudes of Czech generation Z: International comparison,2016,J Kubátová,"J Kubátová - Central European Business Review, 2016 - ceeol.com",100,https://www.ceeol.com/search/article-detail?id=494386,high,"Unknown (Unkn): ""International research project focused on work attitudes among Generat""",Method not specified in abstract,effect significance noted
Should organizations be forgiving or unforgiving? A two-study replication of how forgiveness climate in hospitality organizations drives employee attitudes and …,2016,"P Guchait, JA Lanza-Abbott","P Guchait, JA Lanza-Abbott… - Cornell Hospitality …, 2016 - journals.sagepub.com",99,https://journals.sagepub.com/doi/abs/10.1177/1938965516633308,high,Not identifiable from abstract,Method not specified in abstract,Result not specified in abstract
Registered replication report: Hart & albarracín (2011),2016,"A Eerland, AM Sherrill, JP Magliano","A Eerland, AM Sherrill, JP Magliano… - Perspectives on …, 2016 - journals.sagepub.com",95,https://journals.sagepub.com/doi/abs/10.1177/1745691615605826,high,"Hart et al. (2011): ""When the heart breaks: The role of emotional distress in the decision """,direct replication,Result not specified in abstract
Economic uncertainty and earnings management,2016,"LCD Stein, CCY Wang","LCD Stein, CCY Wang - Harvard Business School Accounting & …, 2016 - papers.ssrn.com",94,https://papers.ssrn.com/sol3/papers.cfm?abstract_id=2746091,high,Not identifiable from abstract,Method not specified in abstract,Result not specified in abstract
Economic conditions and mortality: evidence from 200 years of data,2016,"DM Cutler, W Huang, A Lleras-Muney","DM Cutler, W Huang, A Lleras-Muney - 2016 - nber.org",93,https://www.nber.org/papers/w22690,medium,Not identifiable from abstract,uses original data/code; uses original data,"We find that small, but not large, booms increase contemporary mortality"
Risk taking for oneself and others: A structural model approach,2016,"FM Vieider, C Villegas‐Palacio, P Martinsson","FM Vieider, C Villegas‐Palacio, P Martinsson… - Economic …, 2016 - Wiley Online Library",85,https://onlinelibrary.wiley.com/doi/abs/10.1111/ecin.12290,high,Not identifiable from abstract,Method not specified in abstract,fails to replicate; null result
University knowledge and the creation of innovative start-ups: An analysis of the Italian case,2016,M Guerini,"N Ghio, M Guerini, C Rossi-Lamastra - Small Business Economics, 2016 - Springer",74,https://link.springer.com/article/10.1007/s11187-016-9720-2,high,"Anselin et al. (1997): ""Local geographic spillovers between university research and high techn""; Audretsch et al. (1996): ""R&D spillovers and the geography of innovation and production""; Audretsch et al. (2004): ""University spillovers: Does the kind of science matter?""",Method not specified in abstract,"… mainly focused on their economic and innovative performance… First, we replicate in the context of innovative start-ups a well-… The value of our re"
Cancelling out early age gender differences in competition: an analysis of policy interventions,2016,"M Sutter, D Glätzle-Rützler, L Balafoutas","M Sutter, D Glätzle-Rützler, L Balafoutas… - … Economics, 2016 - Springer",72,https://link.springer.com/article/10.1007/s10683-015-9447-y,medium,"Booth et al. (2012): ""Choosing to compete: How different are girls and boys?""; Buser et al. (2014): ""Gender, competitiveness and career choices""; Gneezy et al. (2003): ""Performance in competitive environments: Gender differences""",Method not specified in abstract,… We replicate the gender difference in tournament entry choices usually found in the literature for adults
"Gender, self-confidence, sports, and preferences for competition",2016,"I Comeig, A Grau-Grau, A Jaramillo-Gutiérrez","I Comeig, A Grau-Grau, A Jaramillo-Gutiérrez… - Journal of Business …, 2016 - Elsevier",70,https://www.sciencedirect.com/science/article/pii/S014829631500541X,high,"Niederle et al. (2007): ""Do Women Shy Away from Competition? Do Men Compete Too Much?""",Method not specified in abstract,Result not specified in abstract
Using the Pareto distribution to improve estimates of topcoded earnings,2016,"RV Burkhauser, J Larrimore","P Armour, RV Burkhauser, J Larrimore - Economic Inquiry, 2016 - Wiley Online Library",67,https://onlinelibrary.wiley.com/doi/abs/10.1111/ecin.12299,high,"Kopczuk et al. (2004): ""Top Income Elasticity in the United States""",Method not specified in abstract,Result not specified in abstract
Reanalyzing zero returns to education in Germany,2016,"DA Kamhöfer, H Schmitz","DA Kamhöfer, H Schmitz - Journal of Applied Econometrics, 2016 - Wiley Online Library",66,https://onlinelibrary.wiley.com/doi/abs/10.1002/jae.2461,medium,Not identifiable from abstract,new/different dataset,"… (i) We replicate PW's finding using a different dataset (the German Socio-Economic Panel, SOEP) and a slightly different sample selection"
Preference reversals: Time and again,2016,"C Alós-Ferrer, ÐG Granić","C Alós-Ferrer, ÐG Granić, J Kern… - Journal of Risk and …, 2016 - Springer",65,https://link.springer.com/article/10.1007/s11166-016-9233-z,low,"Tversky et al. (1993): ""Context-dependent preferences""; Tversky et al. (1990): ""Anomalies: Preference reversals""; Wilcox & Nathaniel (1993): ""The effects of the choice set on preference reversals""",Method not specified in abstract,effect significance noted
Hard times and regime failure: autocratic responses to economic downturns,2016,"D Tanneberg, C Stefes, W Merkel","D Tanneberg, C Stefes, W Merkel - Comparing autocracies in the …, 2016 - taylorfrancis.com",63,https://www.taylorfrancis.com/chapters/edit/10.4324/9781315752853-6/hard-times-regime-failure-autocratic-responses-economic-downturns-dag-tanneberg-christoph-stefes-wolfgang-merkel,low,Not identifiable from abstract,Method not specified in abstract,Result not specified in abstract
Tax reforms in Latin America in an era of democracy,2016,"M Hallerberg, C Scartascini","D Focanti, M Hallerberg, C Scartascini - Latin American Research …, 2016 - cambridge.org",62,https://www.cambridge.org/core/journals/latin-american-research-review/article/tax-reforms-in-latin-america-in-an-era-of-democracy/A2859A2BFB361DC9A214ECC1A1391F17,high,"Mahon & E. (2004): ""Tax Reform in Latin America: A Comparative Perspective""",Method not specified in abstract,Result not specified in abstract
"Context may be King, but generalizability is the Emperor!",2016,"Z Cheng, A Dimoka, PA Pavlou","Z Cheng, A Dimoka, PA Pavlou - Journal of Information …, 2016 - journals.sagepub.com",62,https://journals.sagepub.com/doi/abs/10.1057/s41265-016-0005-7,high,Not identifiable from abstract,"… Because we are able to replicate less than half of the papers in our sample even with help from the authors, we assert that econ",Result not specified in abstract
Equity premium prediction: Are economic and technical indicators unstable?,2016,L Menkhoff,"F Baetje, L Menkhoff - International Journal of Forecasting, 2016 - Elsevier",60,https://www.sciencedirect.com/science/article/pii/S0169207016300267,high,"Goyal et al. (2003): ""Predicting the Equity Premium with Dividend Ratios""; Goyal et al. (2008): ""A Comprehensive Look at The Empirical Performance of Equity Premium Pr""",Method not specified in abstract,Result not specified in abstract
Forecasting structural change and fat-tailed events in Australian macroeconomic variables,2016,"J Cross, A Poon","J Cross, A Poon - Economic Modelling, 2016 - Elsevier",56,https://www.sciencedirect.com/science/article/pii/S0264999316301237,medium,"Reserve Bank of Australia (1993): ""Inflation targeting in Australia""",Method not specified in abstract,… Set in this manner we replicate the Reserve Bank of Australia's forecasting responsibilities since adopting inflation targeting
On the timing and pricing of dividends: Comment,2016,F Schulz,"F Schulz - American Economic Review, 2016 - aeaweb.org",51,https://www.aeaweb.org/articles?id=10.1257/aer.20131416,medium,Not identifiable from abstract,"… Replication and Analysis of Alternate Term Structure Segments In this section, I replicate and … 29 Note that, likely partly due",Result not specified in abstract
Smartphones vs PCs: Does the device affect the web survey experience and the measurement error for sensitive topics?-A replication of the Mavletova & Couper's …,2016,"D Toninelli, M Revilla","D Toninelli, M Revilla - Survey Research Methods, 2016 - ojs.ub.uni-konstanz.de",50,https://ojs.ub.uni-konstanz.de/srm/article/view/6274,high,"Mavletova et al. (2013): ""Mobile Response Versus Computer Response: A Comparison of Data Quality""",different country; different context/setting; more recent data,Result not specified in abstract
Malware avoidance motivations and behaviors: A technology threat avoidance replication,2016,"DK Young, A McLeod","DK Young, D Carpenter, A McLeod - … Transactions on Replication …, 2016 - aisel.aisnet.org",50,https://aisel.aisnet.org/trr/vol2/iss1/8/,high,"Liang et al. (2010): ""Avoidance of spyware: A technology threat avoidance perspective""",conceptual replication,The results suggest that TTAT is a valid foundational framework for examining user behavior related to malicious software
The impact of private and public feedback on worker performance—evidence from the lab,2016,L Gerhards,"L Gerhards, N Siemer - Economic Inquiry, 2016 - Wiley Online Library",48,https://onlinelibrary.wiley.com/doi/abs/10.1111/ecin.12310,high,Not identifiable from abstract,Method not specified in abstract,Result not specified in abstract
Choice inconsistencies among the elderly: Evidence from plan choice in the Medicare Part D program: Comment,2016,"JD Ketcham, NV Kuminoff","JD Ketcham, NV Kuminoff, CA Powers - American Economic Review, 2016 - aeaweb.org",46,https://www.aeaweb.org/articles?id=10.1257/aer.20131048,high,"Abaluck et al. (2011): ""Choice Inconsistencies among the Elderly: Evidence from Plan Choice in""",Method not specified in abstract,Result not specified in abstract
Reputation formation in economic transactions,2016,"M Abraham, V Grimm","M Abraham, V Grimm, C Neeß, M Seebauer - Journal of Economic …, 2016 - Elsevier",46,https://www.sciencedirect.com/science/article/pii/S0167268115002772,high,Not identifiable from abstract,We design experiments that replicate …,Result not specified in abstract
"Replicating the networking, mentoring and venture creation benefits of entrepreneurship centres on a shoestring: A student-centred approach to entrepreneurship …",2016,"R Bell, H Bell","R Bell, H Bell - Industry and Higher Education, 2016 - journals.sagepub.com",46,https://journals.sagepub.com/doi/abs/10.1177/0950422216660921,high,Not identifiable from abstract,Method not specified in abstract,Result not specified in abstract
Sexual selection and the evolution of altruism: males are more altruistic and cooperative towards attractive females,2016,MS Bhogal,"MS Bhogal, N Galbraith, K Manktelow - 2016 - wlv.openrepository.com",45,https://wlv.openrepository.com/items/10a7d1f6-cc50-4270-868c-021394a45e37,high,Not identifiable from abstract,Method not specified in abstract,Result not specified in abstract
'Nonlinear causality between crude oil price and exchange rate: A comparative study of China and India'—A failed replication (negative Type 1 and Type 2),2016,"G De Vita, E Trachanas","G De Vita, E Trachanas - Energy Economics, 2016 - Elsevier",43,https://www.sciencedirect.com/science/article/pii/S0140988316300524,high,Not identifiable from abstract,Method not specified in abstract,Result not specified in abstract
Pricing competition: A new laboratory measure of gender differences in the willingness to compete,2016,"J Ifcher, H Zarghamee","J Ifcher, H Zarghamee - Experimental Economics, 2016 - Springer",43,https://link.springer.com/article/10.1007/s10683-015-9458-8,medium,"Niederle et al. (2007): ""Do Women Shy Away from Competition? Do Men Compete Too Much?""",Method not specified in abstract,Result not specified in abstract
Looking upstream and downstream in entrepreneurial cognition: replicating and extending the Busenitz and Barney (1997) study,2016,"RJ Arend, J Im","RJ Arend, X Cao, A Grego‐Nagel, J Im… - Journal of Small …, 2016 - Taylor & Francis",42,https://www.tandfonline.com/doi/abs/10.1111/jsbm.12233,high,"Busenitz et al. (1997): ""Differences between entrepreneurs and managers in large organizations:""","… source of employment, economic growth, and innovation, … In this paper, we provide that research through a replication … and exe",replicates and extends original; extends original findings
"Income reliably predicts daily sadness, but not happiness: A replication and extension of Kushlev, Dunn, and Lucas (2015)",2016,"NW Hudson, RE Lucas","NW Hudson, RE Lucas… - Social psychological …, 2016 - journals.sagepub.com",42,https://journals.sagepub.com/doi/abs/10.1177/1948550616657599,high,"Kushlev et al. (2015): ""Income and well-being: The role of income in predicting daily happines""",… The present study used longitudinal data from an approximately representative German sample to replicate and extend these findin,largely replicates; replicates and extends original
The elusive effects of trade on growth: Export diversity and economic take‐off,2016,"TS Eicher, DJ Kuenzel","TS Eicher, DJ Kuenzel - Canadian Journal of Economics …, 2016 - Wiley Online Library",40,https://onlinelibrary.wiley.com/doi/abs/10.1111/caje.12197,high,"Barro & J. (2003): ""Religion and Economic Growth""",Method not specified in abstract,effect significance noted
An externality-robust auction: Theory and experimental evidence,2016,"B Bartling, N Netzer","B Bartling, N Netzer - Games and Economic Behavior, 2016 - Elsevier",40,https://www.sciencedirect.com/science/article/pii/S0899825616300197,low,"Vickrey & William (1961): ""Counterspeculation, Auctions, and Competitive Sealed Tenders""",Method not specified in abstract,"… Our experiments replicate the earlier finding of overbidding in the second-price auction, but we find that average bids equal value in the externali"
Inequality and electoral accountability: Class-biased economic voting in comparative perspective,2016,"T Hicks, AM Jacobs, JS Matthews","T Hicks, AM Jacobs, JS Matthews - The Journal of Politics, 2016 - journals.uchicago.edu",38,https://www.journals.uchicago.edu/doi/abs/10.1086/686157,low,"Bartels & M. (2002): ""Beyond the Running Tally: Partisan Bias in Political Perceptions""",Method not specified in abstract,Result not specified in abstract
Academic knowledge and economic growth: are scientific fields all alike?,2016,"C Antonelli, C Fassio","C Antonelli, C Fassio - Socio-Economic Review, 2016 - academic.oup.com",37,https://academic.oup.com/ser/article-abstract/14/3/537/2599062,medium,Not identifiable from abstract,"… We replicate the procedure displayed for hard sciences for all the four academic fields (social sciences, medical sciences and h","… We replicate the procedure displayed for hard sciences for all the four academic fields (social sciences, medical sciences and humanities) and obtai"
Prospective analysis of behavioral economic predictors of stable moderation drinking among problem drinkers attempting natural recovery,2016,"JA Tucker, JW Cheong","JA Tucker, JW Cheong, SD Chandler… - Alcoholism: Clinical …, 2016 - Wiley Online Library",30,https://onlinelibrary.wiley.com/doi/abs/10.1111/acer.13245,high,Not identifiable from abstract,Method not specified in abstract,Result not specified in abstract
The decline in the nutritional status of the US antebellum population at the onset of modern economic growth,2016,"J Komlos, B A'Hearn","J Komlos, B A'Hearn - 2016 - nber.org",29,https://www.nber.org/papers/w21845,high,"Bodenhorn et al. (2013): ""The Decline in the Nutritional Status of the U.S. Antebellum Populatio""",Method not specified in abstract,Result not specified in abstract
"The US business cycle, 1867–2006: A dynamic factor approach",2016,"A Ritschl, S Sarferaz, M Uebele","A Ritschl, S Sarferaz, M Uebele - Review of Economics and Statistics, 2016 - direct.mit.edu",29,https://direct.mit.edu/rest/article-abstract/98/1/159/58298,medium,"Stock et al. (2003): ""Understanding Changes in the Business Cycle""",Method not specified in abstract,We replicate the Great Moderation of the 1980s and 1990s and find …
The impact of financial crises on the finance–growth relationship: A European perspective,2016,B Mahlberg,"P Haiss, H Juvan, B Mahlberg - … and Monetary Economics, 2016 - Wiley Online Library",28,https://onlinelibrary.wiley.com/doi/abs/10.1111/ecno.12067,high,"RW et al. (2011): ""Title of the original RW paper""",panel data,Result not specified in abstract
Ambiguity attitudes in decisions for others,2016,C König-Kersting,"C König-Kersting, ST Trautmann - Economics Letters, 2016 - Elsevier",27,https://www.sciencedirect.com/science/article/pii/S0165176516302890,medium,"Halevy et al. (2009): ""Ellsberg revisited: An experimental study of ambiguity attitudes""",Method not specified in abstract,"… We replicate the gain-part of the fourfold pattern of ambiguity … , and 36"
When good measurement goes wrong: New evidence that New York State's minimum wage reduced employment,2016,"JJ Sabia, RV Burkhauser, B Hansen","JJ Sabia, RV Burkhauser, B Hansen - ILR Review, 2016 - journals.sagepub.com",27,https://journals.sagepub.com/doi/abs/10.1177/0019793915610557,high,Not identifiable from abstract,Method not specified in abstract,Result not specified in abstract
From imitation to collusion: a replication,2016,"J Oechssler, A Roomets","J Oechssler, A Roomets, S Roth - Journal of the Economic Science …, 2016 - cambridge.org",26,https://www.cambridge.org/core/journals/journal-of-the-economic-science-association/article/from-imitation-to-collusion-a-replication/C6DD4EE127D5EE6803D2E3D1BF20DB4B,high,"Friedman et al. (2015): ""Experimental Evidence on the Effect of Imitation on Oligopoly Outcomes""",Method not specified in abstract,"… Econ Theory 155:185–205, 2015) qualifies those results in an interesting way: While they replicate … We replicate their result for duopolies"
Does bilateral trust across countries really affect international trade and factor mobility?,2016,,"E Spring, V Grossmann - Empirical Economics, 2016 - Springer",24,https://link.springer.com/article/10.1007/s00181-015-0915-1,high,"Guiso et al. (2009): ""Cultural Biases in Economic Exchange""",Method not specified in abstract,Result not specified in abstract
Flexible estimation of copulas: An application to the US housing crisis,2016,"ATY Ho, KP Huynh","ATY Ho, KP Huynh… - Journal of Applied …, 2016 - Wiley Online Library",23,https://onlinelibrary.wiley.com/doi/abs/10.1002/jae.2437,high,Not identifiable from abstract,uses original data/code; uses original code,Result not specified in abstract
Built to last: Understanding the link between democracy and conflict in the international system,2016,"MJC Crescenzi, KM Kadera","MJC Crescenzi, KM Kadera - International Studies Quarterly, 2016 - academic.oup.com",23,https://academic.oup.com/isq/article-abstract/60/3/565/2469857,medium,"Gartzke et al. (2013): ""Political Regime Type and the Risk of Civil War""",Method not specified in abstract,"… We also concur that scholars should consider the economic behavior of democracies and the … In Models A and B of our Table 2 , we replicate the resu"
Behavioural economics and tax evasion: calibrating an agent-based econophysics model with experimental tax compliance data,2016,"C Bazart, S Hokamp","C Bazart, A Bonein, S Hokamp… - Journal of Tax …, 2016 - journals.docuracy.co.uk",23,https://journals.docuracy.co.uk/jota/article/view/140,high,"Alm & J. (2010): ""Testing behavioral public economic theories in the laboratory""; Alm et al. (2015): ""On the external validity of laboratory tax compliance experiments""; Alm et al. (1992): ""Institutional uncertainty and taxpayer compliance""","… Furthermore, we have been able to replicate findings frequently observed in tax compliance experiments, in particular regarding ","We find that the subjects in the experimental laboratory pursue rather mixed behaviour, including random and imitating motives"
Robust determinants of intergenerational mobility in the land of opportunity,2016,"A Kourtellos, CM Tan","A Kourtellos, C Marr, CM Tan - European Economic Review, 2016 - Elsevier",22,https://www.sciencedirect.com/science/article/pii/S0014292115000963,high,"Chetty et al. (2014): ""Where is the Land of Opportunity? The Geography of Intergenerational M""",Method not specified in abstract,closely replicates
Continuance intention on using mobile banking applications: A replication study of information systems continuance model,2016,"A Vedadi, M Warkentin","A Vedadi, M Warkentin - AIS Transactions on Replication Research, 2016 - aisel.aisnet.org",22,https://aisel.aisnet.org/trr/vol2/iss1/7/,high,"Bhattacherjee & Anol (2001): ""Understanding information systems continuance: An expectation-confirma""",Method not specified in abstract,effect significance noted
Using seasonal stochastic dynamic programming to identify optimal management decisions that achieve maximum economic sustainable yields from grasslands …,2016,"K Behrendt, O Cacho","K Behrendt, O Cacho, JM Scott, R Jones - Agricultural Systems, 2016 - Elsevier",22,https://www.sciencedirect.com/science/article/pii/S0308521X16300312,high,Not identifiable from abstract,Method not specified in abstract,Result not specified in abstract
Effects of subcultural differences on country and product evaluations: A replication study,2016,"T Aichner, P Coletti, C Forza","T Aichner, P Coletti, C Forza, U Perkmann… - Journal of Global …, 2016 - Taylor & Francis",22,https://www.tandfonline.com/doi/abs/10.1080/08911762.2015.1138012,high,Not identifiable from abstract,Method not specified in abstract,Result not specified in abstract
Market design and the stability of general equilibrium,2016,"JK Goeree, L Lindsay","JK Goeree, L Lindsay - Journal of Economic Theory, 2016 - Elsevier",20,https://www.sciencedirect.com/science/article/pii/S0022053116300138,medium,Not identifiable from abstract,Method not specified in abstract,… We replicate their experiments and confirm that tatonnement theory predicts the direction of price changes remarkably well
Refining the application of the FLQ formula for estimating regional input coefficients: An empirical study for South Korean Regions,2016,,"AT Flegg, T Tohmo - Univ. West Engl, 2016 - iioa.org",19,https://www.iioa.org/conferences/24th/papers/files/2348_20160513091_KoreaFULLpaper.docx,high,Not identifiable from abstract,"… However, using the same basic data, we were unable to replicate their findings",unable to replicate
Family ties and socio-economic outcomes in high vs low income countries,2016,"G Daniele, B Geys","G Daniele, B Geys - The Journal of Development Studies, 2016 - Taylor & Francis",18,https://www.tandfonline.com/doi/abs/10.1080/00220388.2015.1098630,high,"Alesina et al. (2015): ""Family Ties and Political Participation""","… Although this does not affect any of the results reported below, and we can exactly replicate Alesina and Giuliano's original re",Result not specified in abstract
Do your findings depend on your data (base)? A comparative analysis and replication study using the three most widely used databases in international business …,2016,A Papadopoulos,"JB McGuire, BE James, A Papadopoulos - Journal of International …, 2016 - Elsevier",15,https://www.sciencedirect.com/science/article/pii/S1075425316300795,high,"O'Brien & John (2003): ""Title of O'Brien's study""",Method not specified in abstract,Result not specified in abstract
Choice inconsistencies among the elderly: Evidence from plan choice in the Medicare Part D program: Reply,2016,"J Abaluck, J Gruber","J Abaluck, J Gruber - American Economic Review, 2016 - aeaweb.org",15,https://www.aeaweb.org/articles?id=10.1257/aer.20151318,high,"Ketcham et al. (2016): ""Choice Inconsistencies among the Elderly: Evidence from Plan Choice in""",Method not specified in abstract,"… original paper, KKP succeed in replicating nearly all of our results … Columns 3 and 4 report our replication of their replication, … In our replica"
"Revisiting Cheerful Jane and Miserable John: the impact of income, good health, social contacts and education declines with increasing subjective well-being",2016,M Binder,"M Binder - Applied Economics Letters, 2016 - Taylor & Francis",15,https://www.tandfonline.com/doi/abs/10.1080/13504851.2015.1085635,low,Not identifiable from abstract,Method not specified in abstract,Result not specified in abstract
Monetary policy shocks and Cholesky VARs: an assessment for the Euro area,2016,E Castelnuovo,"E Castelnuovo - Empirical Economics, 2016 - Springer",13,https://link.springer.com/article/10.1007/s00181-015-0930-2,medium,"Peeters et al. (1999): ""The monetary transmission mechanism: Evidence from the Euro area""; Peeters & M. (2004): ""The effects of monetary policy in the Euro area: A VAR approach""; Peeters et al. (2005): ""Heterogeneity in the effects of monetary policy: Evidence from the Eur""","… We replicate this evidence with a Monte Carlo exercise, in which the true responses of inflation and the output gap, according t","… We replicate this evidence with a Monte Carlo exercise, in which the true responses of inflation and the output gap, according to an estimated DSGE "
"Greece, Portugal, Spain: New evidence on the economic effects of military expenditure using the new SIPRI data",2016,E Nikolaidou,"E Nikolaidou - The Economics of Peace and Security Journal, 2016 - epsjournal.org.uk",12,https://www.epsjournal.org.uk/index.php/EPSJ/article/view/256,medium,"Dunne et al. (2012): ""Defense Spending and Economic Growth in the EU15""",new/different dataset,significance noted; directional effect found; effect significance noted
Does group discussion lead to better informed and more strategic market entry decisions?,2016,Z Murad,"Z Murad - Economics Letters, 2016 - Elsevier",11,https://www.sciencedirect.com/science/article/pii/S0165176516301422,high,Not identifiable from abstract,Method not specified in abstract,Result not specified in abstract
Local democracy and economic growth,2016,"CH Knutsen, J Gerring, SE Skaaning","CH Knutsen, J Gerring, SE Skaaning - V-Dem Working Paper, 2016 - papers.ssrn.com",11,https://papers.ssrn.com/sol3/papers.cfm?abstract_id=2877755,high,Not identifiable from abstract,Method not specified in abstract,"… In sum, we replicate the findings of most extant studies (cited at the outset), which show no robust association between democracy at the national l"
Matching and behavioral contrast in a two‐option repeated investment simulation,2016,"DA Hantula, CR Crowell","DA Hantula, CR Crowell - Managerial and Decision Economics, 2016 - Wiley Online Library",11,https://onlinelibrary.wiley.com/doi/abs/10.1002/mde.2717,high,Not identifiable from abstract,… This research program showed that fundamental economic … and methods to examine economic behavior and question … This latter fin,Result not specified in abstract
The role of social ties in explaining heterogeneity in the association between economic growth and subjective well-being,2016,"P Böckerman, JP Laamanen, E Palosaari","P Böckerman, JP Laamanen, E Palosaari - Journal of Happiness Studies, 2016 - Springer",10,https://link.springer.com/article/10.1007/s10902-015-9702-0,high,"Stevenson et al. (2008): ""Economic Growth and Subjective Well-Being: Reassessing the Easterlin P""","… We kept the original four waves in order to replicate the results by Stevenson and Wolfers (2008), but we also added the fifth w",Result not specified in abstract
Cost of Poverty in Toronto,2016,,"A Briggs, C Lee, J Stapleton - 2016 - openpolicyontario.s3.amazonaws …",10,http://openpolicyontario.s3.amazonaws.com/uploads/2016/11/Cost-of-Poverty-R10-Final-forweb.pdf,high,Not identifiable from abstract,meta-analysis,Result not specified in abstract
Successful scientific replication and extension of Levitt (2008): Child seats are still no safer than seat belts,2016,"LE Jones, NR Ziebarth","LE Jones, NR Ziebarth - Journal of Applied Econometrics, 2016 - Wiley Online Library",9,https://onlinelibrary.wiley.com/doi/abs/10.1002/jae.2449,high,"Levitt & D. (2008): ""Child seats are no safer than seat belts""; Levitt & D. (2005): ""The impact of child safety seats on child fatalities""",Method not specified in abstract,Result not specified in abstract
Linear regression with an estimated regressor: applications to aggregate indicators of economic development,2016,"L Meng, B Wu, Z Zhan","L Meng, B Wu, Z Zhan - Empirical Economics, 2016 - Springer",9,https://link.springer.com/article/10.1007/s00181-015-0941-z,high,Not identifiable from abstract,Method not specified in abstract,We find that the OLS estimator without accounting for sampling error could severely underestimate the effect of the estimated regressor
Effect of socio-economic stratification on house value in Bogotá,2016,J Gallego,"J Gallego, S Montoya, C Sepúlveda - 2016 - scioteca.caf.com",9,https://scioteca.caf.com/handle/123456789/994,medium,"Unknown & Unknown (1997): ""Methodology for socio-economic stratification in housing valuation""","… Therefore, we had to recover the formula by replicating the methodology used in 1997 (… With the aggregation formula and the cut",Result not specified in abstract
Replicating the Results in 'A New Model of Trend Inflation'Using Particle Markov Chain Monte Carlo,2016,N Nonejad,"N Nonejad - Journal of Applied Econometrics, 2016 - Wiley Online Library",8,https://onlinelibrary.wiley.com/doi/abs/10.1002/jae.2493,high,Not identifiable from abstract,Method not specified in abstract,Result not specified in abstract
What skills are important? A replication,2016,,"C Ballard, B Daniel - Journal of Applied Social Science, 2016 - journals.sagepub.com",7,https://journals.sagepub.com/doi/abs/10.1177/1936724414566509,high,"Hawdon et al. (Year): ""Title of the original study not provided""",Method not specified in abstract,Result not specified in abstract
A Replication of “Meta-Analysis of the Effect of Fiscal Policies on Long-run Growth” (European Journal of Political Economy 2004),2016,WR Reed,"WR Reed, NN Sidek - Public Finance Review, 2016 - journals.sagepub.com",7,https://journals.sagepub.com/doi/abs/10.1177/1091142114568659,high,Not identifiable from abstract,Method not specified in abstract,Result not specified in abstract
Additional information increases uncertainty in the securities market: Using both laboratory and fmri experiments,2016,H Yamaji,"H Yamaji, M Gotoh, Y Yamakawa - Computational Economics, 2016 - Springer",7,https://link.springer.com/article/10.1007/s10614-015-9532-5,low,"Huber & J. (2007): ""J’-shaped returns to timing advantage in access to information—experim""; Huber et al. (2008): ""J-shaped returns in double auction markets with uneven information dis""",Method not specified in abstract,Result not specified in abstract
Lasso for instrumental variable selection: A replication study,2016,M Spindler,"M Spindler - Journal of Applied Econometrics, 2016 - Wiley Online Library",6,https://onlinelibrary.wiley.com/doi/abs/10.1002/jae.2432,high,"Belloni et al. (2014): ""Inference on treatment effects after selection among high-dimensional """,Method not specified in abstract,"In a seminal paper, Belloni … We replicate their simulation study with the statistical package R (R Development Core …"
A re-examination of rating shopping and catering using post-crisis data on CDOs,2016,F Yu,"RH Owlett, F Yu - Economics Letters, 2016 - Elsevier",5,https://www.sciencedirect.com/science/article/pii/S0165176516303342,medium,Not identifiable from abstract,Method not specified in abstract,… We replicate a portion of GNT's analysis to uncover investor perception and rating agency behavior toward AAA-rated CDOs after the financial crisis 
Stepping on a Rake: Replication and Diagnosis,2016,JH Cochrane,"JH Cochrane - Available at SSRN 2886933, 2016 - papers.ssrn.com",5,https://papers.ssrn.com/sol3/papers.cfm?abstract_id=2886933,high,"Sims & A. (1992): ""Interpreting the Results of a VAR Model""",Method not specified in abstract,Result not specified in abstract
The impact of client and auditor gender on auditors' judgments: A replication and extension,2016,,RE Little - 2016 - core.ac.uk,5,https://core.ac.uk/download/pdf/78918990.pdf,high,"Bazerman et al. (2002): ""The Impossibility of Auditor Independence""",Method not specified in abstract,Result not specified in abstract
"Loneliness, Social Interactions and Sense of Humor. A quantitative study comparing romanian students and older adults",2016,I Schiau,"I Schiau - Studies and Scientific Researches. Economics Edition, 2016 - sceco.ub.ro",5,https://sceco.ub.ro/index.php/SCECO/article/view/355,high,"Schiau & Ioana (2016): ""The production and social use of humor to be correlated to a reduced s""",Method not specified in abstract,effect significance noted
International trade and economic growth: causality relations within NAFTA,2016,"A Giraldo, J Cañas","A Giraldo, J Cañas - Vniversitas Economica, 2016 - researchgate.net",5,https://www.researchgate.net/profile/Andres-Giraldo-16/publication/311666872_International_Trade_and_Economic_Growth_Causality_Relations_Within_NAFTA/links/5852f76308ae0c0f322276e6/International-Trade-and-Economic-Growth-Causality-Relations-Within-NAFTA.pdf,medium,Not identifiable from abstract,Method not specified in abstract,We replicate what has been done in the … within trade blocs is important for economic growth
"Aid, Policies and Growth: Revisiting with New Data",2016,"S Jia, CR Williamson","S Jia, CR Williamson - 2016 - aeaweb.org",4,https://www.aeaweb.org/conference/2016/retrieve.php?pdfid=14066&tk=e8ykyZia,high,Not identifiable from abstract,… Replication avoids data manipulation and disagreement over … We replicate the findings from both BD and ELR with updated … Forei,"… Replication avoids data manipulation and disagreement over … We replicate the findings from both BD and ELR with updated … Foreign financial aid, go"
Organisational tenure and bank diversification: a replication,2016,"W Untoro, A Angriawan, I Trinugroho","W Untoro, A Angriawan, I Trinugroho… - Journal for Global …, 2016 - inderscienceonline.com",4,https://www.inderscienceonline.com/doi/abs/10.1504/JGBA.2016.079868,high,Not identifiable from abstract,Method not specified in abstract,"… In this study, we replicate the literature by examining the impact of tenure on Indonesian banking industry given its characteristics and the impact"
Impacts of rural road on household welfare in Vietnam: Evidence from a replication study,2016,,CV Nguyen - 2016 - econstor.eu,3,https://www.econstor.eu/handle/10419/146505,medium,"Mu et al. (2011): ""Rural Roads and Local Market Development in Vietnam""",Method not specified in abstract,directional effect found; effect significance noted
On the external validity of construction bidding experiment,2016,,"BL Oo - Construction Economics and Building, 2016 - search.informit.org",3,https://search.informit.org/doi/abs/10.3316/informit.904318124024290,high,Not identifiable from abstract,direct replication,Result not specified in abstract
Analysis of the relationship between economic freedom and the stability of stock prices,2016,,J Qiu - 2016 - digitalcommons.usu.edu,3,https://digitalcommons.usu.edu/gradreports/784/,high,"Blau et al. (2013): ""Title of the original study""",panel data,directional effect found; effect significance noted
Replicating Silicon Valley: talent and techno-management in a culture of serendipity,2016,"R Isaak, A Isaak, J Zybura","R Isaak, A Isaak, J Zybura - … and talent management from a global …, 2016 - elgaronline.com",3,https://www.elgaronline.com/abstract/edcoll/9781783479122/9781783479122.00022.xml,high,"Isaak & John (2009): ""Title of Isaak's work""",Method not specified in abstract,Result not specified in abstract
Tax structures and economic growth,2016,K McNabb,K McNabb - 2016 - academia.edu,3,https://www.academia.edu/download/92736565/875193382.pdf,high,Not identifiable from abstract,Method not specified in abstract,Result not specified in abstract
Reexamining the influence of large clients on office-level auditor reporting decisions: a replication study,2016,,"L Lim - American Journal of Business, 2016 - emerald.com",2,https://www.emerald.com/insight/content/doi/10.1108/AJB-06-2015-0020/full/html,high,Not identifiable from abstract,Method not specified in abstract,Result not specified in abstract
The Deep Roots of Economic Development in the US States,2016,"R Murphy, A Nowrasteh","R Murphy, A Nowrasteh - Available at SSRN 2822137, 2016 - papers.ssrn.com",2,https://papers.ssrn.com/sol3/papers.cfm?abstract_id=2822137,low,"Putterman et al. (2010): ""Post-1500 Population Flows and the Long-Run Determinants of Economic G""",Method not specified in abstract,closely replicates
The impact of state corporate tax rate changes on state economic performance,2016,R Pjesky,"R Pjesky - Southwestern Economic Review, 2016 - swer.wtamu.edu",2,https://swer.wtamu.edu/swerrandi.wtamu.edu/sites/default/files/Data/Pjesky.pdf,high,Not identifiable from abstract,Method not specified in abstract,Result not specified in abstract
Do gender and personality traits (BFI-10) influence self-perceived innovativeness?,2016,F Sudzina,"F Sudzina - … Scientific Conference of Business Economics …, 2016 - ceeol.com",1,https://www.ceeol.com/search/chapter-detail?id=840960,high,"Stock et al. (2016): ""The role of gender and personality in self-perceived innovativeness""",Method not specified in abstract,Result not specified in abstract
The gender income gap and the roles of education and family formation: a scientific replication of Bobbitt-Zeher (2007),2016,F Ochsenfeld,"F Ochsenfeld - Available at SSRN 2724009, 2016 - papers.ssrn.com",1,https://papers.ssrn.com/sol3/papers.cfm?abstract_id=2724009,high,"Bobbitt-Zeher & Donna (2007): ""The gender income gap and the role of education""",Method not specified in abstract,Result not specified in abstract
"State Capacity, Capital Mobility, and Tax Competition",2016,"A Daneshmand, M Abdollah-Milani","A Daneshmand, M Abdollah-Milani - Iranian Economic Review, 2016 - ier.ut.ac.ir",1,https://ier.ut.ac.ir/article_58271_0.html,high,"Hays & C. (2009): ""Globalization and Taxation in the Developing World""",Method not specified in abstract,"A closer look at the … We replicate the work of Hays (2009), using a Spatio-…"
Replicating Four'Quasi-Experiments' and Three Facts from Oberholzergee/Strumpf's Piracy Article,2016,SJ Liebowitz,"SJ Liebowitz - Strumpf's Piracy Article (April 28, 2016), 2016 - papers.ssrn.com",1,https://papers.ssrn.com/sol3/papers.cfm?abstract_id=2777216,high,"Oberholzer-Gee et al. (2007): ""The Effect of File Sharing on Record Sales: An Empirical Analysis""",Method not specified in abstract,Result not specified in abstract
The Economic Impact of James Madison University on the Harrisonburg Metropolitan Area and Commonwealth of Virginia,2016,J Terance,"J Terance, PD Rephann - 2016 - metroai.org",1,https://www.metroai.org/reports/jmu_eis_final_05_05_2016.pdf,low,"OIR (2010): ""Economic Impact Study of James Madison University""; OIR (2006): ""Economic Impact Study of James Madison University""","… In measuring the economic impact of universityrelated spending, we replicated the methodology of two previous JMU economic impac",effect significance noted
HIV development assistance and adult mortality in Africa: a replication study of Bendavid (2012),2016,,"J Luo, N Hein - Replication plan, 2016 - 3ieimpact.org",1,https://www.3ieimpact.org/sites/default/files/2018-12/hiv-development-assistance-adult-mortality-africa-replication-study-luo.pdf,high,"Bendavid & Eran (2012): ""HIV development assistance and adult mortality in Africa""",Method not specified in abstract,effect significance noted
"The Self-Concordance Model: The Effects of Autonomy, Effort and Goal Progress on Subjective Well-Being in the US and Russia",2016,,"D Suchkov - Higher School of Economics Research Paper No. WP …, 2016 - papers.ssrn.com",1,https://papers.ssrn.com/sol3/papers.cfm?abstract_id=2879337,low,Sheldon and Eliot (1998,"… replicated most steps of the initial research by Sheldon and Eliot (1998, 1999), evidenced the representativeness of model for R",Result not specified in abstract
The Future of Illusions or the Illusions of the Future: FOMC Economic Projections 2008-2015,2016,J Marquez,"S Herrador, J Marquez - Available at SSRN 2769817, 2016 - papers.ssrn.com",1,https://papers.ssrn.com/sol3/papers.cfm?abstract_id=2769817,high,Not identifiable from abstract,Method not specified in abstract,Result not specified in abstract
The One-Percent across Two Centuries: A Replication of Thomas Piketty's Data on the Distribution of Wealth for the United States,2016,R Sutch,R Sutch - 2016 - economics.ucr.edu,0,http://economics.ucr.edu/repec/ucr/wpaper/201602.pdf,high,"Piketty & Thomas (2014): ""Capital in the Twenty-First Century""",Method not specified in abstract,Result not specified in abstract
"Banking, Liquidity and Bank Runs: Replication and Analysis of the Solution Method of Gertler/Kiyotaki (2015)",2016,,N Grga - 2016 - irihs.ihs.ac.at,0,https://irihs.ihs.ac.at/id/eprint/4017/,high,"Gertler et al. (2015): ""Banking, Liquidity, and Bank Runs""","Therefore, aim of the paper is to replicate the results of the … For the replication, the numerical solver based on the quasi-Newt",Result not specified in abstract
"A Replication of “The Political Determinants of Federal Expenditure at the State Level”(Public Choice, 2005)",2016,"S Douglas, WR Reed","S Douglas, WR Reed - Public Finance Review, 2016 - journals.sagepub.com",0,https://journals.sagepub.com/doi/abs/10.1177/1091142114553785,high,"Hansen et al. (2005): ""The Political Determinants of Federal Expenditure at the State Level""",Method not specified in abstract,Result not specified in abstract
RELIGION AND ECONOMIC ATTITUDES: A REPLICATION WITH ISSP DATA,2016,P Minárik,P Minárik - msed.vse.cz,0,https://msed.vse.cz/msed_2016/article/31-Minarik-Pavol-paper.pdf,high,Not identifiable from abstract,new/different dataset,Result not specified in abstract
A Replication of “Political Influence behind the Veil of Peer Review” (Journal of Law and Economics 2009),2016,,"RJ Hannum - Public Finance Review, 2016 - journals.sagepub.com",0,https://journals.sagepub.com/doi/abs/10.1177/1091142115605380,high,"Hegde et al. (2009): ""Political Influence behind the Veil of Peer Review""",panel data,Result not specified in abstract
The Regai Dzive Shiri Project: results of a randomised trial of an HIV prevention intervention for Zimbabwean youth: A replication study of Cowan et al.(2010),2016,F Yu,F Yu - 2016 - 3ieimpact.org,0,https://3ieimpact.org/sites/default/files/2018-12/replicationplan-fangyu.pdf,high,"Cowan et al. (2010): ""The Regai Dzive Shiri Project: results of a randomised trial of an HIV""",Method not specified in abstract,Result not specified in abstract
Replication data for: Intercropping Teak (Tectona grandis) and Maize (Zea mays): Bioeconomic Trade-off Analysis of Agroforestry Management Practices in …,2016,"N Khasanah, A Perdana, J Roshetko","N Khasanah, A Perdana, G Manurung, J Roshetko… - 2016 - agris.fao.org",0,https://agris.fao.org/search/en/providers/123417/records/6474613b425ec3c088eddfde,high,Not identifiable from abstract,Method not specified in abstract,Result not specified in abstract
“Racial Residential Segregation and Interracial Economic Disparities” Revisited,2016,,M Meiklejohn - 2016 - academiccommons.columbia.edu,0,https://academiccommons.columbia.edu/doi/10.7916/D8M045JC,high,Not identifiable from abstract,Method not specified in abstract,Result not specified in abstract
Reply to “A Replication of 'Political Influence Behind the Veil of Peer Review' (Journal of Law and Economics 2009)”,2016,D Hegde,"D Hegde - Public Finance Review, 2016 - journals.sagepub.com",0,https://journals.sagepub.com/doi/abs/10.1177/1091142115605376,high,Not identifiable from abstract,Method not specified in abstract,Result not specified in abstract
Tax policy and heterogeneous investment behavior,2017,"E Zwick, J Mahon","E Zwick, J Mahon - American Economic Review, 2017 - aeaweb.org",802,https://www.aeaweb.org/articles?id=10.1257/aer.20140855,low,"Zwick et al. (2017): ""Tax Policy and Heterogeneous Investment Behavior""",… We first replicate their main result and then reestimate their model using annualized data,effect ~half/double original
Immigration in American economic history,2017,"R Abramitzky, L Boustan","R Abramitzky, L Boustan - Journal of economic literature, 2017 - aeaweb.org",585,https://www.aeaweb.org/articles?id=10.1257/jel.20151189,low,"Abramitzky et al. (2014): ""The Effect of Immigrants on Native Workers: Evidence from the 1930s""",Method not specified in abstract,Result not specified in abstract
Peer effects in the workplace,2017,"T Cornelissen, C Dustmann","T Cornelissen, C Dustmann… - American Economic …, 2017 - aeaweb.org",450,https://www.aeaweb.org/articles?id=10.1257/aer.20141300,high,"Cornelissen et al. (2017): ""Peer Effects in the Workplace""",laboratory experiment,"… For comparison, we replicate the results from the respective baseline specifications of column 1, Table 4 in row (i)"
Incentives and cheating,2017,"A Kajackaite, U Gneezy","A Kajackaite, U Gneezy - Games and Economic Behavior, 2017 - Elsevier",364,https://www.sciencedirect.com/science/article/pii/S0899825617300283,low,Not identifiable from abstract,Method not specified in abstract,Result not specified in abstract
Economic inequality increases risk taking,2017,"BK Payne, JL Brown-Iannuzzi, JW Hannay","BK Payne, JL Brown-Iannuzzi, JW Hannay - Proceedings of the National …, 2017 - pnas.org",328,https://www.pnas.org/doi/abs/10.1073/pnas.1616453114,medium,Not identifiable from abstract,Method not specified in abstract,Result not specified in abstract
The real exchange rate and economic growth: Revisiting the case using external instruments,2017,MM Habib,"MM Habib, E Mileva, L Stracca - Journal of International Money and …, 2017 - Elsevier",309,https://www.sciencedirect.com/science/article/pii/S0261560617300347,medium,Not identifiable from abstract,"… Finally, in the last column we replicate the baseline model only on those observations for which the REER data are available, in","… Finally, in the last column we replicate the baseline model only on those observations for which the REER data are available, in order to check whet"
"A survey of global impacts of climate change: replication, survey methods, and a statistical analysis",2017,WD Nordhaus,"WD Nordhaus, A Moffat - 2017 - nber.org",195,https://www.nber.org/papers/w23646,high,"Tol & Richard (2009): ""The Economic Effects of Climate Change""; Tol & Richard (2014): ""Climate Change: Economic Impact""",Method not specified in abstract,directional effect found; effect significance noted
"Estimating the effect and economic impact of absenteeism, presenteeism, and work environment–related problems on reductions in productivity from a …",2017,E Aboagye,"C Strömberg, E Aboagye, J Hagberg, G Bergström… - Value in Health, 2017 - Elsevier",189,https://www.sciencedirect.com/science/article/pii/S1098301517302565,high,Not identifiable from abstract,Method not specified in abstract,Result not specified in abstract
Digging into the pocketbook: Evidence on economic voting from income registry data matched to a voter survey,2017,"M Persson, E Snowberg","AJ Healy, M Persson, E Snowberg - American Political Science …, 2017 - cambridge.org",186,https://www.cambridge.org/core/journals/american-political-science-review/article/digging-into-the-pocketbook-evidence-on-economic-voting-from-income-registry-data-matched-to-a-voter-survey/7FF7E7FFFDCA634B79D2289C6880CF3D,medium,"Healy et al. (2014): ""Substituting the End for the Whole: Why Voters Respond Primarily to th""",survey data,"… economic conditions appear to drive vote choice, we find no evidence of myopia when we examine actual personal economic … The survey experiment we r"
No gender difference in willingness to compete when competing against self,2017,"CL Apicella, EE Demiral, J Mollerstrom","CL Apicella, EE Demiral, J Mollerstrom - American Economic Review, 2017 - aeaweb.org",142,https://www.aeaweb.org/articles?id=10.1257/aer.p20171019,medium,"Niederle et al. (2007): ""Do Women Shy Away from Competition? Do Men Compete Too Much?""",Method not specified in abstract,… We replicate the oftdocumented finding that women are less willing than men to oth ercompete: In the Other treatment 57
The Global MRIO Lab–charting the world economy,2017,"M Lenzen, A Geschke, MD Abd Rahman","M Lenzen, A Geschke, MD Abd Rahman… - Economic Systems …, 2017 - Taylor & Francis",142,https://www.tandfonline.com/doi/abs/10.1080/09535314.2017.1301887,low,Not identifiable from abstract,Method not specified in abstract,Result not specified in abstract
When brain beats behavior: Neuroforecasting crowdfunding outcomes,2017,"A Genevsky, C Yoon, B Knutson","A Genevsky, C Yoon, B Knutson - Journal of Neuroscience, 2017 - jneurosci.org",141,https://www.jneurosci.org/content/37/36/8625.abstract,high,"Genevsky et al. (2017): ""When brain beats behavior: Neuroforecasting crowdfunding outcomes""",Method not specified in abstract,effect significance noted
The new closed shop? The economic and structural effects of occupational licensure,2017,B Redbird,"B Redbird - American Sociological Review, 2017 - journals.sagepub.com",134,https://journals.sagepub.com/doi/abs/10.1177/0003122417706463,medium,Not identifiable from abstract,Method not specified in abstract,Result not specified in abstract
Decisions to move and decisions to stay: Life course events and mobility outcomes,2017,WAV Clark,"WAV Clark, W Lisowski - Housing Studies, 2017 - Taylor & Francis",129,https://www.tandfonline.com/doi/abs/10.1080/02673037.2016.1210100,high,Not identifiable from abstract,Method not specified in abstract,Result not specified in abstract
On the ambiguous economic freedom–inequality relationship,2017,"DL Bennett, B Nikolaev","DL Bennett, B Nikolaev - Empirical Economics, 2017 - Springer",125,https://link.springer.com/article/10.1007/s00181-016-1131-3,high,"Clark et al. (2008): ""Economic Freedom and Income Inequality: A Panel Data Analysis""; Carter & R. (2006): ""Economic Freedom and Income Inequality: A Cross-Country Analysis""",Method not specified in abstract,"… Second, using the Fraser Institute's Economic Freedom of the World index (EFW), we replicate the results from two of the relevant studies using six "
Panel data designs and estimators as substitutes for randomized controlled trials in the evaluation of public programs,2017,"PJ Ferraro, JJ Miranda","PJ Ferraro, JJ Miranda - … and Resource Economists, 2017 - journals.uchicago.edu",125,https://www.journals.uchicago.edu/doi/abs/10.1086/689868,medium,Not identifiable from abstract,panel data,"… To assess the ability of observational designs to replicate results from experimental designs… with panel data estimators, we replicate the experime"
The effects of economic and sociocultural stressors on the well-being of children of Latino immigrants living in poverty.,2017,"J Dmitrieva, KM Perreira","MM Mendoza, J Dmitrieva, KM Perreira… - Cultural Diversity & …, 2017 - psycnet.apa.org",122,https://psycnet.apa.org/record/2016-62043-002,high,Not identifiable from abstract,Method not specified in abstract,Result not specified in abstract
Economic transition and growth: a replication,2017,"J Schnurbus, H Haupt","J Schnurbus, H Haupt, V Meier - Journal of Applied …, 2017 - Wiley Online Library",118,https://onlinelibrary.wiley.com/doi/abs/10.1002/jae.2544,high,Not identifiable from abstract,Method not specified in abstract,Result not specified in abstract
Socioeconomic status and learning from financial information,2017,"CM Kuhnen, AC Miu","CM Kuhnen, AC Miu - Journal of Financial Economics, 2017 - Elsevier",117,https://www.sciencedirect.com/science/article/pii/S0304405X17300387,high,Not identifiable from abstract,"… the original sample of participants replicate in other populations, … As done in the original sample, in the replication sample ","… the original sample of participants replicate in other populations, … As done in the original sample, in the replication sample we … As in the origi"
Does it get better? Recent estimates of sexual orientation and earnings in the United States,2017,"CS Carpenter, ST Eppink","CS Carpenter, ST Eppink - Southern Economic Journal, 2017 - Wiley Online Library",107,https://onlinelibrary.wiley.com/doi/abs/10.1002/soej.12233,low,"Badgett & Lee (1995): ""The Wage Effects of Sexual Orientation Discrimination""; Black et al. (2003): ""Demographics of the Gay and Lesbian Population in the United States: E""",Method not specified in abstract,Result not specified in abstract
The competitive effects of common ownership: Economic foundations and empirical evidence,2017,"DP O'Brien, M Song","P Kennedy, DP O'Brien, M Song… - Available at SSRN …, 2017 - papers.ssrn.com",105,https://papers.ssrn.com/sol3/papers.cfm?abstract_id=3008331,high,Not identifiable from abstract,Method not specified in abstract,Result not specified in abstract
"Money, trust and happiness in transition countries: evidence from time series",2017,"S Bartolini, M Mikucka, F Sarracino","S Bartolini, M Mikucka, F Sarracino - Social indicators research, 2017 - Springer",101,https://link.springer.com/article/10.1007/s11205-015-1130-3,high,"Easterlin et al. (2009): ""Happiness and Growth the World Over: Time Series Evidence on the Happi""; Easterlin et al. (2010): ""Happiness and Economic Growth: The Evidence""; Stevenson et al. (2008): ""Economic Growth and Subjective Well-Being: Reassessing the Easterlin P""",Method not specified in abstract,finding does not generalize; effect significance noted
Rational planning and politicians' preferences for spending and reform: Replication and extension of a survey experiment,2017,"B George, S Desmidt, PA Nielsen","B George, S Desmidt, PA Nielsen… - Public Management …, 2017 - Taylor & Francis",94,https://www.tandfonline.com/doi/abs/10.1080/14719037.2016.1210905,high,Not identifiable from abstract,Method not specified in abstract,Result not specified in abstract
The impact of stress on tournament entry,2017,"T Buser, A Dreber, J Mollerstrom","T Buser, A Dreber, J Mollerstrom - Experimental Economics, 2017 - Springer",92,https://link.springer.com/article/10.1007/s10683-016-9496-x,medium,"Niederle et al. (2007): ""Do Women Shy Away from Competition? Do Men Compete Too Much?""; Croson et al. (2009): ""Gender Differences in Preferences""",Method not specified in abstract,directional effect found
How is personality related to intelligence and achievement? A replication and extension of Borghans et al. and Salkever,2017,"C Lechner, D Danner, B Rammstedt","C Lechner, D Danner, B Rammstedt - Personality and Individual …, 2017 - Elsevier",90,https://www.sciencedirect.com/science/article/pii/S0191886917300417,high,"Borghans et al. (2008): ""The Economics and Psychology of Personality Traits""; Salkever & Alex (1990): ""The Effect of Intelligence on Earnings""",independent replication,Result not specified in abstract
Measuring the impacts of teachers: Reply,2017,"R Chetty, JN Friedman, JE Rockoff","R Chetty, JN Friedman, JE Rockoff - American Economic Review, 2017 - aeaweb.org",86,https://www.aeaweb.org/articles?id=10.1257/aer.20170108,high,"Chetty et al. (2014): ""Measuring the Impacts of Teachers""",Method not specified in abstract,Result not specified in abstract
Does aid effectiveness depend on the quality of donors?,2017,A Minasyan,"A Minasyan, P Nunnenkamp, K Richert - World Development, 2017 - Elsevier",84,https://www.sciencedirect.com/science/article/pii/S0305750X17302516,medium,Not identifiable from abstract,Method not specified in abstract,… ” economic policies and governance in the recipient countries render foreign aid more effective in alleviating poverty and stimulating economic … To
A preanalysis plan to replicate sixty economics research papers that worked half of the time,2017,"AC Chang, P Li","AC Chang, P Li - American Economic Review, 2017 - aeaweb.org",82,https://www.aeaweb.org/articles?id=10.1257/aer.p20171034,high,Not identifiable from abstract,"… In this article, we attempted to replicate 67 papers from 13 well-regarded economics journals using author-provided data and cod",Result not specified in abstract
"Gambling, risk-taking, and antisocial behavior: A replication study supporting the generality of deviance",2017,"S Mishra, ML Lalumiere, RJ Williams","S Mishra, ML Lalumiere, RJ Williams - Journal of Gambling Studies, 2017 - Springer",82,https://link.springer.com/article/10.1007/s10899-016-9608-8,medium,"Blaszczynski et al. (1994): ""Antisocial personality disorder and pathological gambling""; Blaszczynski et al. (1989): ""Crime, antisocial personality and pathological gambling""",Method not specified in abstract,Result not specified in abstract
A reputation economy: how individual reward considerations trump systemic arguments for open access to data,2017,"B Fecher, S Friesike","B Fecher, S Friesike, M Hebing, S Linek - Palgrave Communications, 2017 - nature.com",80,https://www.nature.com/articles/palcomms201751,low,"Camerer et al. (2016): ""Evaluating replicability of laboratory experiments in economics""",… the failure to replicate significant experiments in … to replicate 18 effects published in two top economics journals (American ,fails to replicate; effect significance noted
Significant placebo results in difference-in-differences analysis: The case of the ACA's parental mandate,2017,D JG Slusky,"D JG Slusky - Eastern Economic Journal, 2017 - Springer",76,https://link.springer.com/article/10.1057/eej.2015.49,medium,Not identifiable from abstract,"… I use the March CPS data to replicate SK's and Cantor's results, whereas for AMS I replicate … 1 percent level suggest that ther",Result not specified in abstract
Gender differences in the allocation of low-promotability tasks: The role of backlash,2017,"MP Recalde, L Vesterlund","L Babcock, MP Recalde, L Vesterlund - American Economic Review, 2017 - aeaweb.org",73,https://www.aeaweb.org/articles?id=10.1257/aer.p20171018,medium,"Babcock et al. (2017): ""Gender Differences in the Allocation of Low-Promotability Tasks: The R""",Method not specified in abstract,Result not specified in abstract
Consumption smoothing and frequency of benefit payments of cash transfer programs,2017,"E Aguila, A Kapteyn, F Perez-Arce","E Aguila, A Kapteyn, F Perez-Arce - American Economic Review, 2017 - aeaweb.org",65,https://www.aeaweb.org/articles?id=10.1257/aer.p20171147,low,"Aguila et al. (2017): ""Consumption Smoothing and Frequency of Benefit Payments of Cash Transf""",Method not specified in abstract,Result not specified in abstract
Split-second trustworthiness detection from faces in an economic game,2017,"W De Neys, A Hopfensitz","W De Neys, A Hopfensitz… - Experimental …, 2017 - econtent.hogrefe.com",61,https://econtent.hogrefe.com/doi/full/10.1027/1618-3169/a000367,low,Not identifiable from abstract,Method not specified in abstract,Result not specified in abstract
The one percent across two centuries: A replication of Thomas Piketty's data on the concentration of wealth in the United States,2017,R Sutch,"R Sutch - Social Science History, 2017 - cambridge.org",59,https://www.cambridge.org/core/journals/social-science-history/article/one-percent-across-two-centuries-a-replication-of-thomas-pikettys-data-on-the-concentration-of-wealth-in-the-united-states/20F44C37D29070B205D5FF33B30131C1,high,"Piketty & Thomas (2014): ""Capital in the Twenty-First Century""",Method not specified in abstract,Result not specified in abstract
"Winners, losers, and posers: The effect of power poses on testosterone and risk-taking following competition",2017,"KM Smith, CL Apicella","KM Smith, CL Apicella - Hormones and Behavior, 2017 - Elsevier",59,https://www.sciencedirect.com/science/article/pii/S0018506X1630023X,high,"Carney et al. (2010): ""Power Posing: Brief Nonverbal Displays Affect Neuroendocrine Levels an""",Method not specified in abstract,fails to replicate
"Trade liberalization, transboundary pollution, and market size",2017,"R Forslid, T Okubo, M Sanctuary","R Forslid, T Okubo, M Sanctuary - … and Resource Economists, 2017 - journals.uchicago.edu",53,https://www.journals.uchicago.edu/doi/abs/10.1086/693562,low,Not identifiable from abstract,Method not specified in abstract,Result not specified in abstract
Segregation and homeownership in the early twentieth century,2017,TD Logan,"TD Logan, JM Parman - American Economic Review, 2017 - aeaweb.org",49,https://www.aeaweb.org/articles?id=10.1257/aer.p20171081,medium,"Fetter & K. (2013): ""The Effect of World War II on the Racial Gap in Homeownership""","… In Table 1 , we replicate Fetter's approach of instrumenting for veteran status using date of birth cutoffs for eligibility to s","… In Table 1 , we replicate Fetter's approach of instrumenting for veteran status using date of birth cutoffs for eligibility to serve in World War II"
"Shy of the character limit:"" Twitter mood predicts the stock market"" revisited",2017,"M Lachanski, S Pav","M Lachanski, S Pav - Econ Journal Watch, 2017 - academia.edu",47,https://www.academia.edu/download/102684044/LachanskiPavSept2017.pdf,high,"Bollen et al. (2011): ""Twitter mood predicts the stock market""",… attempted to replicate the TMP findings in-sample,fails to replicate
"Decline effects: Types, mechanisms, and personal reflections",2017,"J Protzko, JW Schooler","J Protzko, JW Schooler - Psychological science under scrutiny …, 2017 - Wiley Online Library",47,https://onlinelibrary.wiley.com/doi/abs/10.1002/9781119095910.ch6,high,Not identifiable from abstract,Method not specified in abstract,Result not specified in abstract
Randomization inference with rainfall data: Using historical weather patterns for variance estimation,2017,AD Cooperman,"AD Cooperman - Political Analysis, 2017 - cambridge.org",46,https://www.cambridge.org/core/journals/political-analysis/article/randomization-inference-with-rainfall-data-using-historical-weather-patterns-for-variance-estimation/2F86BE9EB79FDFF9FF97C8C5CC4A2ED3,low,"Gomez et al. (2007): ""The Effect of Rainfall on Voter Turnout""",Method not specified in abstract,Result not specified in abstract
Does religious priming increase the prosocial behaviour of a Japanese sample in an anonymous economic game?,2017,,"S Miyatake, M Higuchi - Asian Journal of Social Psychology, 2017 - Wiley Online Library",45,https://onlinelibrary.wiley.com/doi/abs/10.1111/ajsp.12164,high,"Shariff et al. (2007): ""God is watching you: Priming religious concepts increases prosocial be""",… This study aimed to conduct a replication of Shariff and Norenzayan (2007) using a … The results showed that this study failed t,fails to replicate
Clever enough to tell the truth,2017,"BJ Ruffle, Y Tobol","BJ Ruffle, Y Tobol - Experimental Economics, 2017 - Springer",40,https://link.springer.com/article/10.1007/s10683-016-9479-y,medium,"Shalvi et al. (2011): ""Honesty Requires Time (and Lack of Justifications)""; Fischbacher et al. (2013): ""Lies in Disguise: An Experimental Study on Cheating""; Gneezy & A. (2005): ""Deception: The Role of Consequences""",… We replicate this finding on a sample of 156 civilians paid in cash for their die reports,… We replicate this finding on a sample of 156 civilians paid in cash for their die reports
"Corruption indicators, foreign capital, and economic growth in developing countries",2017,K Borja,"K Borja - The Journal of Developing Areas, 2017 - muse.jhu.edu",39,https://muse.jhu.edu/pub/51/article/662831/summary,high,Not identifiable from abstract,Method not specified in abstract,"Thus, we replicate the analysis by adding the effect of corruption"
External and internal consistency of choices made in convex time budgets,2017,"A Chakraborty, EM Calford, G Fenig, Y Halevy","A Chakraborty, EM Calford, G Fenig, Y Halevy - Experimental economics, 2017 - Springer",38,https://link.springer.com/article/10.1007/s10683-016-9506-z,high,"Andreoni et al. (2012): ""Estimating Time Preferences from Convex Budgets""; Augenblick et al. (2015): ""Time-Discounting in the Field: Evidence from a Randomized Experiment""",Method not specified in abstract,"… However, in the replication study we find higher levels of demand monotonicity violations, that we could not account for even after taking into acco"
No sex for fish: empowering women to promote health and economic opportunity in a localized place in Kenya,2017,,"P Nathenson, S Slater, P Higdon… - Health promotion …, 2017 - academic.oup.com",38,https://academic.oup.com/heapro/article-abstract/32/5/800/2951017,high,"Katz et al. (2011): ""No Sex for Fish: An Intervention to Reduce HIV Risk among Women in Fis""",Method not specified in abstract,Result not specified in abstract
The limitations of quantitative social science for informing public policy,2017,"J Jerrim, R de Vries","J Jerrim, R de Vries - Evidence & Policy, 2017 - bristoluniversitypressdigital.com",36,https://bristoluniversitypressdigital.com/view/journals/evp/13/1/article-p117.xml,high,Not identifiable from abstract,Method not specified in abstract,Result not specified in abstract
To weight or not to weight?: the case of PISA data,2017,"J Jerrim, LA Lopez-Agudo","J Jerrim, LA Lopez-Agudo… - … the Economics …, 2017 - 2017.economicsofeducation.com",34,https://2017.economicsofeducation.com/user/pdfsesiones/025.pdf,medium,Not identifiable from abstract,Method not specified in abstract,"… , Education Economics, Empirical Economics, Journal of Human Resources and The Economic … In order to achieve these goals, we replicate a recent stu"
Behavioural consequences of vaccination recommendations: An experimental analysis,2017,"R Böhm, NW Meier, L Korn, C Betsch","R Böhm, NW Meier, L Korn, C Betsch - Health economics, 2017 - Wiley Online Library",34,https://onlinelibrary.wiley.com/doi/abs/10.1002/hec.3584,high,Not identifiable from abstract,Method not specified in abstract,Result not specified in abstract
Month of birth and child height in 40 countries,2017,"N Agarwal, A Aiyar, J Cummins","N Agarwal, A Aiyar, A Bhattacharjee, J Cummins… - Economics Letters, 2017 - Elsevier",33,https://www.sciencedirect.com/science/article/pii/S0165176517301842,medium,Not identifiable from abstract,… We replicate these correlations using the same data and demonstrate that they are the result of a spurious relationship between ,original result may be spurious
Empirically constrained climate sensitivity and the social cost of carbon,2017,"K Dayaratna, R McKitrick","K Dayaratna, R McKitrick, D Kreutzer - Climate Change Economics, 2017 - World Scientific",32,https://www.worldscientific.com/doi/abs/10.1142/S2010007817500063,low,"Interagency Working Group (2010): ""Social Cost of Carbon for Regulatory Impact Analysis Under Executive O""",Method not specified in abstract,We replicate … We first replicated the SCC estimates that would have been used in IWG (…
Self-reported unemployment status and recession: An analysis on the Italian population with and without mental health problems,2017,"F Starace, T Addabbo","F Starace, F Mungai, E Sarti, T Addabbo - PLoS One, 2017 - journals.plos.org",30,https://journals.plos.org/plosone/article?id=10.1371/journal.pone.0174135,low,Not identifiable from abstract,"… In this paper we replicate, within an Italian sample, the … We investigated the impact of the economic crisis on the self-… be p","… In this paper we replicate, within an Italian sample, the … We investigated the impact of the economic crisis on the self-… be particularly liable t"
Differences between classical and Bayesian estimates for mixed logit models: A replication study,2017,"O Elshiewy, Y Boztug","O Elshiewy, G Zenetti, Y Boztug - Journal of Applied …, 2017 - Wiley Online Library",29,https://onlinelibrary.wiley.com/doi/abs/10.1002/jae.2513,high,"Train & E. (2009): ""Discrete Choice Methods with Simulation""",Method not specified in abstract,"Furthermore, our results suggest that the similarity is …"
A hard-science approach to Kondratieff's economic cycle,2017,T Modis,"T Modis - Technological forecasting and social change, 2017 - Elsevier",29,https://www.sciencedirect.com/science/article/pii/S0040162517301944,medium,Not identifiable from abstract,Method not specified in abstract,Result not specified in abstract
A 4-study replication of the moderating effects of greed on socioeconomic status and unethical behaviour,2017,"PA Palma, L Campbell","A Balakrishnan, PA Palma, J Patenaude, L Campbell - Scientific data, 2017 - nature.com",27,https://www.nature.com/articles/sdata2016120,high,"Piff et al. (2012): ""Higher social class predicts increased unethical behavior""",meta-analysis,Result not specified in abstract
The women of the national supported work demonstration,2017,"S Calónico, J Smith","S Calónico, J Smith - Journal of Labor Economics, 2017 - journals.uchicago.edu",26,https://www.journals.uchicago.edu/doi/abs/10.1086/692397,high,"LaLonde & J. (1986): ""Evaluating the Econometric Evaluations of Training Programs with Exper""",Method not specified in abstract,Result not specified in abstract
The role of gravity models in estimating the economic impact of Brexit,2017,,"G Gudgin, KJ Coutts, N Gibson, J Buchanan - 2017 - ulster.ac.uk",25,https://www.ulster.ac.uk/epc/pdf/2017/research-collaborations/CBR_Gravity-models.pdf,medium,"HM Treasury (2018): ""EU Exit: Long-term economic analysis""",Method not specified in abstract,effect significance noted
Subjective well‐being and income: A re‐examination of satiation using the regression kink model with an unknown threshold,2017,D Lien,"D Lien, Y Hu, L Liu - Journal of Applied Econometrics, 2017 - Wiley Online Library",24,https://onlinelibrary.wiley.com/doi/abs/10.1002/jae.2526,high,"Stevenson et al. (2013): ""Subjective well-being and income: Evidence from panel data""",Method not specified in abstract,Result not specified in abstract
"Who benefits most from a university degree?: A cross-national comparison of selection and wage returns in the US, UK, and Germany",2017,"RR Luthra, J Flashman","RR Luthra, J Flashman - Research in higher education, 2017 - Springer",23,https://link.springer.com/article/10.1007/s11162-017-9451-5,high,"Brand et al. (2010): ""Who benefits most from college? Evidence for negative selection in het""",Method not specified in abstract,Result not specified in abstract
"Inequality, FDI and economic development: Evidence from developing countries",2017,MT Majeed,"MT Majeed - The Singapore Economic Review, 2017 - World Scientific",22,https://www.worldscientific.com/doi/abs/10.1142/S0217590815500678,medium,Not identifiable from abstract,Method not specified in abstract,… We replicate the benchmark findings using human capital and financial development as measures of domestic conditions
Are some populations resilient to recessions? Economic fluctuations and mortality during a period of economic decline and recovery in Finland,2017,M Avendano,"M Avendano, H Moustgaard, P Martikainen - European journal of …, 2017 - Springer",22,https://link.springer.com/article/10.1007/s10654-016-0152-8,low,Not identifiable from abstract,panel data; instrumental variables,results not robust
Genetic algorithm learning in a New Keynesian macroeconomic setup,2017,"C Hommes, T Makarewicz, D Massaro","C Hommes, T Makarewicz, D Massaro… - … of Evolutionary Economics, 2017 - Springer",21,https://link.springer.com/article/10.1007/s00191-017-0511-y,high,"Assenza et al. (2013): ""Expectations and Bubbles in Experimental Asset Markets""; Anufriev et al. (2015): ""Evolutionary Learning in a New Keynesian Model""",different context/setting; different laboratory,… We replicate experimental treatments in a New-Keynesian environment with increasing … We find that the evolutionary learning model is able to replic
"Replication of unconditional quantile regressions by Firpo, Fortin and Lemieux (2009)",2017,"BH Baltagi, PK Ghosh","BH Baltagi, PK Ghosh - Journal of Applied Econometrics, 2017 - Wiley Online Library",19,https://onlinelibrary.wiley.com/doi/abs/10.1002/jae.2477,high,"Firpo et al. (2009): ""Unconditional quantile regressions""",Method not specified in abstract,Result not specified in abstract
Recalculating-How uncertainty in local labor market definitions affects empirical findings,2017,"A Foote, MJ Kutzbach","A Foote, MJ Kutzbach, L Vilhuber - 2017 - ecommons.cornell.edu",19,https://ecommons.cornell.edu/bitstream/1813/52649/2/ces_wp_recalculating.pdf,high,Not identifiable from abstract,Method not specified in abstract,Result not specified in abstract
A replication of 'Entry regulation and entrepreneurship: a natural experiment in German craftsmanship',2017,"P Runst, J Thomä","P Runst, J Thomä, K Haverkamp, K Müller - 2017 - econstor.eu",18,https://www.econstor.eu/handle/10419/191844,high,"Rostam-Afschar & D. (2014): ""Entry regulation and entrepreneurship: a natural experiment in German """,natural experiment,directional effect found
The impact of family income on child achievement: Evidence from the earned income tax credit: Comment,2017,,"S Lundstrom - American Economic Review, 2017 - aeaweb.org",16,https://www.aeaweb.org/articles?id=10.1257/aer.20150988,medium,"Dahl et al. (2012): ""The impact of family income on child achievement: Evidence from the ea""",Dahl and Lochner graciously provided me with copies of their programs and data which allowed me to replicate …,Result not specified in abstract
Is reciprocity really outcome-based? A second look at gift-exchange with random shocks,2017,"BJ Davis, R Kerschbamer, R Oexl","BJ Davis, R Kerschbamer, R Oexl - Journal of the Economic Science …, 2017 - cambridge.org",14,https://www.cambridge.org/core/journals/journal-of-the-economic-science-association/article/is-reciprocity-really-outcomebased-a-second-look-at-giftexchange-with-random-shocks/F3E0169C67C10364F7943A6E3F6C3C9F,high,"Rubin et al. (2016): ""The Effect of Random Shocks on Gift Exchange""",laboratory experiment,confirms original findings
"Work ethic, social ethic, no ethic: Measuring the economic values of modern Christians",2017,CL Colvin,"CL Colvin, M McCracken - Journal of Applied Econometrics, 2017 - Wiley Online Library",14,https://onlinelibrary.wiley.com/doi/abs/10.1002/jae.2543,medium,"Arruñada & Benito (2010): ""Protestantism and the emergence of the modern economy: Evidence from t""",Method not specified in abstract,We replicate Arruñada's results using …
Acts of helping and harming,2017,"A Sadrieh, M Schröder","A Sadrieh, M Schröder - Economics Letters, 2017 - Elsevier",14,https://www.sciencedirect.com/science/article/pii/S0165176517300290,medium,Not identifiable from abstract,Method not specified in abstract,… We replicate our findings in a chosen effort version of the experiment
Insights from experiments with duopoly games: Rational incremental decision-making,2017,"MJ Lee, MJ Moon","MJ Lee, MJ Moon, J Kim - Public Management Review, 2017 - Taylor & Francis",13,https://www.tandfonline.com/doi/abs/10.1080/14719037.2017.1282002,low,Not identifiable from abstract,Method not specified in abstract,Result not specified in abstract
Mathematics self-confidence and the “prepayment effect” in riskless choices,2017,"L Xue, S Sitzia, TL Turocy","L Xue, S Sitzia, TL Turocy - Journal of Economic Behavior & Organization, 2017 - Elsevier",13,https://www.sciencedirect.com/science/article/pii/S0167268117300148,medium,Not identifiable from abstract,"… We replicate this result under the original instructions, but not with instructions which explain the payment process more expli","… We replicate this result under the original instructions, but not with instructions which explain the payment process more explicitly"
Accounting for strategic response in an agent-based model of financial regulation,2017,"F Cheng, MP Wellman","F Cheng, MP Wellman - … of the 2017 ACM Conference on Economics …, 2017 - dl.acm.org",13,https://dl.acm.org/doi/abs/10.1145/3033274.3085114,high,Not identifiable from abstract,Method not specified in abstract,Result not specified in abstract
Innovation and institutional ownership revisited: An empirical investigation with count data models,2017,A Zeileis,"S Berger, H Stocker, A Zeileis - Empirical Economics, 2017 - Springer",13,https://link.springer.com/article/10.1007/s00181-016-1118-0,high,"Aghion et al. (2013): ""Innovation and institutional ownership""",Method not specified in abstract,Result not specified in abstract
Replicating health economic models: firm foundations or a house of cards?,2017,I Bermejo,"I Bermejo, P Tappenden, JH Youn - Pharmacoeconomics, 2017 - Springer",13,https://link.springer.com/article/10.1007/s40273-017-0553-x,high,"Smolen et al. (2015): ""Replication of a published Markov chronic migraine cost-effectiveness ""; Woods et al. (1997): ""Cost-effectiveness of antidepressant treatment reassessed""; Batty et al. (2013): ""The cost-effectiveness of onabotulinumtoxinA for the prophylaxis of he""",Method not specified in abstract,Result not specified in abstract
On the poverty–growth elasticity,2017,"C Arndt, C Schimanski","C Arndt, K Mahrt, C Schimanski - 2017 - wider.unu.edu",11,https://www.wider.unu.edu/sites/default/files/Publications/Working-paper/PDF/wp2017-149.pdf,high,"Ram & Rati (2013): ""Poverty–growth elasticity: A new perspective""",Method not specified in abstract,replicates and extends original; extends original findings
The Robust Relationship Between US Food Aid and Civil Conflict,2017,"DJ Henderson, L Wang","CY Chu, DJ Henderson, L Wang - Journal of Applied …, 2017 - Wiley Online Library",11,https://onlinelibrary.wiley.com/doi/abs/10.1002/jae.2558,high,"Nunn et al. (2014): ""US Food Aid and Civil Conflict""",Method not specified in abstract,Result not specified in abstract
Sustainability improvement opportunities in Brazilian sectors: analysis of DEA slacks,2017,"F de Castro Camioto, EB Mariano","F de Castro Camioto, EB Mariano… - Brazilian Journal of …, 2017 - bjopm.org.br",11,https://www.bjopm.org.br/bjopm/article/view/356,high,"Camioto et al. (2014): ""Efficiency of Brazil’s industrial sectors from 1996 to 2009""",Method not specified in abstract,Result not specified in abstract
Are genetic markers of interest for economic research?,2017,"SF Lehrer, W Ding","SF Lehrer, W Ding - IZA Journal of Labor Policy, 2017 - Springer",11,https://link.springer.com/article/10.1186/s40173-017-0080-6,high,Not identifiable from abstract,Method not specified in abstract,Result not specified in abstract
Are athletes more cooperative than nonathletes? A laboratory experiment,2017,"J Celse, M Nicolas","J Celse, M Nicolas, P Schilling - … and Decision Economics, 2017 - Wiley Online Library",10,https://onlinelibrary.wiley.com/doi/abs/10.1002/mde.2862,high,"Fischbacher et al. (2001): ""Why people cooperate: The role of social preferences""",Method not specified in abstract,"… To fulfil our purpose, we replicate the experiment conducted by Fischbacher et al"
ERP usage model towards competitive advantage,2017,I Ramli,"I Ramli, U Widayat - … of Economic & Management Perspectives, 2017 - search.proquest.com",10,https://search.proquest.com/openview/d4873678ab69694d30704121991da9e2/1?pq-origsite=gscholar&cbl=51667,high,"Yi et al. (2003): ""Knowledge sharing: A key role in the development of a competitive adva""; Davis & D. (1989): ""Perceived usefulness, perceived ease of use, and user acceptance of in""; Shih et al. (2009): ""The role of top management support in the implementation of ERP system""",Method not specified in abstract,Result not specified in abstract
"Productivity premia for many modes of internationalization: A replication study of Békes/Muraközy, Economics Letters (2016)",2017,J Wagner,J Wagner - 2017 - econstor.eu,9,https://www.econstor.eu/handle/10419/162329,high,"Békés et al. (2016): ""Measuring productivity premia with many modes of internationalization""",Method not specified in abstract,Result not specified in abstract
A review of the matching process for the impact analysis of the HMP Peterborough Social Impact Bond.,2017,"JD Anders, R Dorsett","JD Anders, R Dorsett - 2017 - discovery.ucl.ac.uk",9,https://discovery.ucl.ac.uk/id/eprint/10038371/,high,"Jolliffe et al. (2014): ""The impact of the Peterborough Social Impact Bond on reconviction rate""",Method not specified in abstract,significance noted; effect significance noted
When is a good time to raise the minimum wage?,2017,,"SM Lundstrom - Contemporary Economic Policy, 2017 - Wiley Online Library",9,https://onlinelibrary.wiley.com/doi/abs/10.1111/coep.12169,medium,"BS (1996): ""Title of the replicated paper from 1996""; BS (2004): ""Title of the replicated paper from 2004""",Method not specified in abstract,Result not specified in abstract
The Effects Of Trade Liberalization Between Indonesia And Japan: A Case To Indonesian Economy,2017,AS Nugroho,"AS Nugroho - Jurnal Perspektif Bea dan Cukai, 2017 - jurnal.pknstan.ac.id",9,https://jurnal.pknstan.ac.id/index.php/PBC/article/view/115,high,"Feridhanusetyawan et al. (2003): ""INDONESIAN TRADE LIBERALISATION: ESTIMATING THE GAINS""; Sadoulet et al. (1992): ""Agricultural Trade Liberalization and Low Income Countries: A General """,Method not specified in abstract,not fully replicated; successfully replicates
Revisiting the effect of colonial institutions on comparative economic development,2017,"VA Assenova, M Regele","VA Assenova, M Regele - PloS one, 2017 - journals.plos.org",8,https://journals.plos.org/plosone/article?id=10.1371/journal.pone.0177100,high,"Acemoglu et al. (2001): ""The Colonial Origins of Comparative Development: An Empirical Investig""; Acemoglu et al. (2002): ""Reversal of Fortune: Geography and Institutions in the Making of the M""",Method not specified in abstract,We find that (i) European settler mortality rates increased with regional temperatures and (ii) economic output decreased with regional tem- peratures
Achieving statistical significance with covariates,2017,"G Lenz, A Sahn","G Lenz, A Sahn - Unpublished manuscript available at https://osf. io …, 2017 - files.osf.io",8,https://files.osf.io/v1/resources/s42ba/providers/osfstorage/58e82561594d9002510ab37f?version=1&displayName=covariates_lenz_sahn_draft_20170407-2017-04-07T23:48:49.680Z.pdf&action=download&direct,medium,Not identifiable from abstract,meta-analysis,not fully replicated; successfully replicates
"A replication of four quasi-experiments and three facts from 'the effect of file sharing on record sales: An empirical analysis'(journal of political economy, 2007)",2017,SJ Liebowitz,"SJ Liebowitz - Economics, 2017 - degruyter.com",7,https://www.degruyter.com/document/doi/10.5018/economics-ejournal.ja.2017-13/html,high,"Liebowitz & J. (2007): ""The Effect of File Sharing on Record Sales: An Empirical Analysis""",Method not specified in abstract,Result not specified in abstract
Credit booms gone bust: replication of Schularick and Taylor (AER 2012),2017,PM Summers,"PM Summers - Journal of Applied Econometrics, 2017 - Wiley Online Library",7,https://onlinelibrary.wiley.com/doi/abs/10.1002/jae.2554,high,"Schularick et al. (2012): ""Credit booms gone bust: monetary policy, leverage cycles, and financia""",Method not specified in abstract,Result not specified in abstract
Misperceptions and mismeasurements: An analysis of subjective economic inequality,2017,A Hadavand,A Hadavand - 2017 - ecineq.org,7,http://www.ecineq.org/milano/WP/ECINEQ2017-449.pdf,high,"Eriksson et al. (2012): ""Title of Eriksson and Simpson's replication study""",Method not specified in abstract,original effect may be overstated
Does the median voter or special interests determine state highway expenditures? recent evidence,2017,J Hall,"J Hall, SB Pokharel - Atlantic Economic Journal, 2017 - Springer",6,https://link.springer.com/article/10.1007/s11293-016-9523-5,high,"Congleton et al. (1995): ""On the political economy of state highway expenditures: some evidence """,Method not specified in abstract,Result not specified in abstract
"Which panel data estimator should I use?: A corrigendum and extension. Economics Discussion Papers, No 2017-58",2017,WR Reed,"M Moundigbaye, WS Rea, WR Reed - … . http://www. economics …, 2017 - degruyter.com",6,https://www.degruyter.com/document/doi/10.5018/economics-ejournal.ja.2018-4/downloadAsset/suppl/journalarticles_2018-4-sm1.pdf,high,"Rogers et al. (2015): ""A Comparison of Panel Data Estimators""",new/different dataset; panel data,effect significance noted
Explicit vs implicit proprietorship: Can endowment effect theory explain exchange asymmetry?,2017,EL Khalil,"EL Khalil, K Wu - Economics Letters, 2017 - Elsevier",6,https://www.sciencedirect.com/science/article/pii/S016517651730068X,medium,Not identifiable from abstract,Method not specified in abstract,Result not specified in abstract
The gender income gap and the role of family formation revisited: A replication of Bobbitt-Zeher (2007),2017,F Ochsenfeld,"F Ochsenfeld - Journal for labour market research, 2017 - Springer",5,https://link.springer.com/article/10.1007/s12651-017-0225-5,high,"Bobbitt-Zeher & Donna (2007): ""The Gender Income Gap and the Role of Education""",Method not specified in abstract,Result not specified in abstract
Risking life and limb: estimating a measure of medical care economic risk and considering its implications,2017,"J Abramowitz, B O'Hara","J Abramowitz, B O'Hara, DS Morris - Health Economics, 2017 - Wiley Online Library",5,https://onlinelibrary.wiley.com/doi/abs/10.1002/hec.3325,high,"Gruber et al. (2009): ""The Impact of the Affordable Care Act on Health Insurance Coverage in ""","… To do this, we replicate the general methodology used by Gruber and Levy (2009) characterizing cells based on family age group (","… To do this, we replicate the general methodology used by Gruber and Levy (2009) characterizing cells based on family age group (younger than age 65,"
Did Protestantism promote economic prosperity via higher human capital?,2017,,J Edwards - 2017 - papers.ssrn.com,5,https://papers.ssrn.com/sol3/papers.cfm?abstract_id=3040506,high,"BW et al. (Year): ""Title of BW's study""",Method not specified in abstract,Result not specified in abstract
"A replication of willingness-to-pay estimates in"" An adding up test on contingent valuations of river and lake quality""(Land Economics, 2015)",2017,JC Whitehead,JC Whitehead - 2017 - ideas.repec.org,4,https://ideas.repec.org/p/zbw/ifwedp/201755.html,high,"Desvousges et al. (2015): ""An adding up test on contingent valuations of river and lake quality""",survey data; robustness check,results not robust
"Narrow Replication of Fisman and Miguel's (2007a)'Corruption, Norms, and Legal Enforcement: Evidence from Diplomatic Parking Tickets'",2017,"M Albergaria, LP Fávero","M Albergaria, LP Fávero - Journal of Applied Econometrics, 2017 - Wiley Online Library",4,https://onlinelibrary.wiley.com/doi/abs/10.1002/jae.2540,high,"Fisman et al. (2007): ""Corruption, Norms, and Legal Enforcement: Evidence from Diplomatic Par""",Method not specified in abstract,Result not specified in abstract
Is Economics Research Replicable? Sixty Published Papers from Thirteen Journals Say “Often Not”,2017,"AC Chang, P Li","AC Chang, P Li - Critical Finance Review, 2017 - cfr.ivo-welch.info",4,https://cfr.ivo-welch.info/published/papers/chang-li-2018.pdf,low,Not identifiable from abstract,"Chang∗and Phillip Li† November 20, 2017 Abstract We attempted to replicate 67 macroeconomic papers published in 13 well-regarded e",not fully replicated; successfully replicates
How often should we believe positive results? Assessing the credibility of research findings in development economics,2017,"A Coville, E Vivalt","A Coville, E Vivalt - BITSS. Open Science Framework, 2017 - osf.io",4,https://osf.io/5nsh3_v1/download,high,Not identifiable from abstract,laboratory experiment,Result not specified in abstract
Media priming effect: a preregistered replication experiment,2017,"T Kobayashi, A Miura, K Inamasu","T Kobayashi, A Miura, K Inamasu - Journal of Experimental Political …, 2017 - cambridge.org",4,https://www.cambridge.org/core/journals/journal-of-experimental-political-science/article/media-priming-effect-a-preregistered-replication-experiment/3079F303E8022B00B275297E66D6EAC3,high,"Lenz & Gabriel (2012): ""The Effect of Media Coverage on Public Opinion: A Replication of the M""",panel data,not fully replicated; successfully replicates
Revisiting Easterly and Levine (1997): replication and extension,2017,S Vujić,"M Millrine, S Vujić - 2017 - repository.uantwerpen.be",3,https://repository.uantwerpen.be/docman/irua/1d7e34/144954.pdf,high,"Easterly et al. (1997): ""Africa's Growth Tragedy: Policies and Ethnic Divisions""",cross-country analysis,replicates and extends original; extends original findings; significance noted; effect significance noted
EU Enlargement and the New Goods Margin in Austrian Trade: Comment,2017,I Del Rosal,"I Del Rosal - Open Economies Review, 2017 - Springer",3,https://link.springer.com/article/10.1007/s11079-017-9442-3,high,"Dalton & T. (2017): ""EU Enlargement and the New Goods Margin in Austrian Trade""",Method not specified in abstract,original effect may be overstated; original result may be spurious
Using micro-geography data to identify town-centre space in Great Britain,2017,"P Cheshire, CAL Hilber","P Cheshire, CAL Hilber, P Montebruno… - 2017 - eprints.lse.ac.uk",3,https://eprints.lse.ac.uk/83636/,low,"Department for Communities and Local Government (2004): ""Town Centre First Policies: Guidance on the Implementation of the Town""",Method not specified in abstract,Result not specified in abstract
Diversification and specialization across urban areas,2017,,"A Macheras, M Stanley - Econ Focus, 2017 - richmondfed.org",3,https://www.richmondfed.org/-/media/richmondfedorg/publications/research/econ_focus/2017/q4/district_digest_article.pdf,low,Not identifiable from abstract,"… activity in one place — a concept economists refer to as “… To study the industrial diversity of urban areas, economists need a ",Result not specified in abstract
"Fundamentals unknown: Momentum, mean-reversion and price-to-earnings trading in an artificial stock market",2017,J Schasfoort,"J Schasfoort, C Stockermans - 2017 - econstor.eu",3,https://www.econstor.eu/handle/10419/169122,high,Not identifiable from abstract,Method not specified in abstract,Result not specified in abstract
Gender and personality traits'(BFI-10) effect on trust,2017,"C Olexova, F Sudzina","C Olexova, F Sudzina - … Scientific Conference of Business Economics …, 2017 - ceeol.com",2,https://www.ceeol.com/search/chapter-detail?id=1104820,low,"Unknown (Unkn): ""Previous studies conducted in Denmark""",Method not specified in abstract,effect significance noted
"Health and income: replication, theoretical model, simulation, and empirical analyses",2017,AA Atanda,AA Atanda - 2017 - ir.canterbury.ac.nz,2,https://ir.canterbury.ac.nz/bitstream/10092/14468/1/Atanda%2C%20Akinwande_Final%20PhD%20Thesis.pdf,high,Not identifiable from abstract,Method not specified in abstract,Result not specified in abstract
"… ipsos custodes?: Despite evidence to the contrary, the American Economic Review concluded that all was well with its archive. Economics Discussion Papers, No …",2017,BD McCullough,"BD McCullough - … . http://www. economics-ejournal. org/economics …, 2017 - degruyter.com",1,https://www.degruyter.com/document/doi/10.5018/economics-ejournal.ja.2018-52/downloadAsset/suppl/journalarticles_2018-52-sm1.pdf,high,Not identifiable from abstract,survey data,Result not specified in abstract
Replication and reanalysis of Bleakley (2007): The impacts of hookworm eradication in the American South,2017,D Roodman,D Roodman - 2017 - files.givewell.org,1,https://files.givewell.org/files/DWDA%202009/Interventions/Deworming/2017-Roodman-replication-and-reanalysis-of-Bleakley-hookworm.pdf,high,"Bleakley & H. (2007): ""Disease and Development: Evidence from Hookworm Eradication in the Ame""",Method not specified in abstract,Result not specified in abstract
"A replication of"" Education and catch-up in the Industrial Revolution""(American Economic Journal: Macroeconomics, 2011)",2017,,JSS Edwards - 2017 - degruyter.com,1,https://www.degruyter.com/document/doi/10.5018/economics-ejournal.ja.2018-3/downloadAsset/suppl/journalarticles_2018-3-sm1.pdf,high,"Acemoglu et al. (2011): ""The Colonial Origins of Comparative Development: An Empirical Investig""",survey data,Result not specified in abstract
Nationalism and Economic Openness: The cross-country evidence revisited,2017,"S Afrin, RV Breunig, S Weldeegzie","V Agarwal, S Afrin, RV Breunig, S Weldeegzie, T Zhang - 2017 - papers.ssrn.com",1,https://papers.ssrn.com/sol3/papers.cfm?abstract_id=3025218,medium,Not identifiable from abstract,Method not specified in abstract,replicates and extends original; directional effect found
Gender Effects on Loyalty: A Replication in an Emerging Market,2017,"FB Daouda, PTM Ingenbleek","FB Daouda, PTM Ingenbleek… - Journal of Marketing …, 2017 - academia.edu",1,https://www.academia.edu/download/87184262/107.0000003820220608-1-1pil6zt.pdf,high,"Melnyk et al. (2009): ""The gender effect on loyalty: A study of the loyalty of men and women """,Method not specified in abstract,"Survey results from male respondents also confirm earlier theory, but results show that females are equally loyal to organizations and individuals, su"
Industrialization and economic growth: A missing link or a missing point?,2017,,"H Montagu - Master of Arts dissertation in Development Studies …, 2017 - thesis.eur.nl",1,https://thesis.eur.nl/pub/41612/Montagu-Haroldo-.pdf,low,"Kaldor & Nicholas (1966): ""Causes of the Slow Rate of Economic Growth of the United Kingdom: An I""",Method not specified in abstract,Result not specified in abstract
"Microplots and food security: encouraging replication studies of policy relevant research. Economics Discussion Papers, No 2017-71",2017,"BDK Wood, M Vasquez","BDK Wood, M Vasquez - … //www. economics-ejournal. org/economics …, 2017 - degruyter.com",1,https://www.degruyter.com/document/doi/10.5018/economics-ejournal.ja.2018-50/downloadAsset/suppl/journalarticles_2018-50-sm1.pdf,high,Not identifiable from abstract,Method not specified in abstract,Result not specified in abstract
Trends in angler expenditures and economic contributions of tourism at a trophy fishery in Texas,2017,,CR Parker - 2017 - search.proquest.com,1,https://search.proquest.com/openview/fb29f93a019457932477d1f0f61ceff8/1?pq-origsite=gscholar&cbl=18750,high,Not identifiable from abstract,Method not specified in abstract,effect significance noted
A Replication Plan for:“Building State Capacity: Evidence from Biometric Smartcards in India”,2017,"AA Atanda, WR Reed","AA Atanda, WR Reed - 2017 - 3ieimpact.org",1,http://www.3ieimpact.org/sites/default/files/2018-12/atanda_revised_replication_plan.pdf,high,Not identifiable from abstract,Method not specified in abstract,"These results suggest that public employment programs can eﬀectively reduce poverty in developing countries, and may also improve economic eﬃciency"
"Does online availability increase citations? A replication study of McCabe and Snyder (Review of Economics and Statistics, 2015)",2017,J Wagner,"J Wagner - … Journal for Re-Views in Empirical Economics (IREE), 2017 - econstor.eu",0,https://www.econstor.eu/bitstream/10419/168377/1/IREE-2017-02.pdf,high,"McCabe et al. (2015): ""Does online availability increase citations?""",Method not specified in abstract,Result not specified in abstract
A replication of Pindyck's willingness to pay: on the sacrifice needed to obtain results,2017,P Pellizzari,"L Gerotto, P Pellizzari - … PAPER-DEPARTMENT OF ECONOMICS, CÀ …, 2017 - iris.unive.it",0,https://iris.unive.it/handle/10278/3693297,high,"Pindyck & Robert (2012): ""Uncertain outcomes and climate change policy""",more recent data,Result not specified in abstract
"Firm size and the use of export intermediaries. A replication study of Abel-Koch (The World Economy, 2013)",2017,J Wagner,"J Wagner - … Journal for Re-Views in Empirical Economics (IREE), 2017 - econstor.eu",0,https://www.econstor.eu/handle/10419/168376,high,"Abel-Koch & Jennifer (2013): ""Who Uses Intermediaries in International Trade? Evidence from Firm-lev""",survey data,directional effect found
A Replication and Extension of Hoffman and Spitzer's Coase Theorem Experiments,2017,"C Eckel, R Rholes","JD Backstrom, C Eckel, R Rholes… - 2017 - ageconsearch.umn.edu",0,https://ageconsearch.umn.edu/record/259936/files/Abstracts_17_07_11_15_52_46_13__172_16_20_110_0.pdf,high,"Hoffman et al. (2001): ""The Coase Theorem: A Study in Experimental Economics""",Method not specified in abstract,Result not specified in abstract
"Religious loyalty and acceptance of corruption. A replication study of Gouda and Park (Journal of Economics and Statistics, 2015)",2017,J Wagner,"J Wagner - … Journal for Re-Views in Empirical Economics (IREE), 2017 - econstor.eu",0,https://www.econstor.eu/bitstream/10419/168378/1/IREE-2017-03.pdf,high,"Gouda et al. (2015): ""Religious loyalty and acceptance of corruption""",Method not specified in abstract,Result not specified in abstract
Expanding Schooling Opportunities in the Netherlands: A Replication of Leuven et al.(2010),2017,"AI Ali, AK Menclova","AI Ali, AK Menclova - 2017 - ideas.repec.org",0,https://ideas.repec.org/p/cbt/econwp/17-03.html,high,"Leuven et al. (2010): ""Expanding schooling opportunities for 4-year-olds""",Method not specified in abstract,Result not specified in abstract
Returns to Scale in Electricity Generation: Revisited and Replicated,2017,"DH Bernstein, CF Parmeter","DH Bernstein, CF Parmeter - 2017 - ideas.repec.org",0,https://ideas.repec.org/p/mia/wpaper/2017-08.html,high,"Henderson et al. (2015): ""Smooth coefficient estimation of a seemingly unrelated regression""; Wheelock et al. (2012): ""Do Large Banks Have Lower Costs? New Estimates of Returns to Scale for""",Method not specified in abstract,… We replicate the findings of two infuential studies on returns to scale in the electricity generation market in the United States
"Replication data for"" Leading-Effect, Risk-Taking and Sabotage in Two-Stage Tournaments"". Version: 1",2017,"F Mueller-Langer, P Andreoli-Versbach","F Mueller-Langer, P Andreoli-Versbach - Journal of Economics and …, 2017 - pure.mpg.de",0,https://pure.mpg.de/pubman/faces/ViewItemOverviewPage.jsp?itemId=item_2462705,high,"Mueller-Langer et al. (2017): ""Leading-Effect, Risk-Taking and Sabotage in Two-Stage Tournaments""",Method not specified in abstract,Result not specified in abstract
What does Enrolment into a First-choice Programme of Study Depend on? Comparison of the Original and Replicated Study Results,2017,S Rogošić,"S Rogošić - … journal of research in economics and social sciences, 2017 - academia.edu",0,https://www.academia.edu/download/55487870/60ESSNOV-5733.pdf,high,"Rogošić & Marija (Year): ""Title not specified in the provided text""",Method not specified in abstract,Result not specified in abstract
"Replicating “Predicting the present with Google trends” by Hyunyoung Choi and Hal Varian (The Economic Record, 2012). Economics Discussion Papers, No …",2017,T Coupé,"T Coupé - … . http://www. economics-ejournal. org/economics …, 2017 - core.ac.uk",0,https://core.ac.uk/download/pdf/93378893.pdf,high,"Choi et al. (2012): ""Predicting the present with Google trends""",Method not specified in abstract,Result not specified in abstract
The Measurement and Behavior of Uncertainty: Replication with Evidence from the US Survey of Professional Forecasters,2017,,DR de Klerk - 2017 - thesis.eur.nl,0,https://thesis.eur.nl/pub/38450/Klerk-de.pdf,high,"Baker et al. (2016): ""Measuring Economic Policy Uncertainty""",Method not specified in abstract,Result not specified in abstract
"A replication of 'Education and catch-up in the Industrial Revolution'(American Economic Journal: Macroeconomics, 2011). Economics Discussion Papers, No …",2017,,"J Edwards - … . http://www. economics-ejournal. org/economics …, 2017 - core.ac.uk",0,https://core.ac.uk/download/pdf/93369296.pdf,high,"Acemoglu et al. (2011): ""Education and catch-up in the Industrial Revolution""",Method not specified in abstract,Result not specified in abstract
"Replication of “Do Fiscal Rules Matter?” Grembi, Nannicini, Troiano American Economic Journal: Applied Economics, 2016",2017,,SLIMT Lucca - 2017 - researchgate.net,0,https://www.researchgate.net/profile/Sara-Landi/publication/325996314_Replication_of_Do_Fiscal_Rules_Matter_Grembi_Nannicini_Troiano/links/5b325891aca2720785e95219/Replication-of-Do-Fiscal-Rules-Matter-Grembi-Nannicini-Troiano.pdf,high,"Grembi et al. (2016): ""Do Fiscal Rules Matter?""",Method not specified in abstract,Result not specified in abstract
"A Replication of “Are Competitive Banking Systems More Stable?”(Journal of Money, Credit, and Banking, 2009)",2017,"KK Das, S Bandarnayake, WR Reed","KK Das, S Bandarnayake, WR Reed - 2017 - ir.canterbury.ac.nz",0,https://ir.canterbury.ac.nz/bitstream/10092/15313/2/scw_rep.pdf,high,"Schularick et al. (2009): ""Are Competitive Banking Systems More Stable?""",Method not specified in abstract,Result not specified in abstract
Replication of Schuler & Wanke (2016),2017,"J Crawford, J Ruscio","J Crawford, A Fournier, J Ruscio - 2017 - osf.io",0,https://osf.io/preprints/c43bk/,high,Not identifiable from abstract,conceptual replication,fails to replicate
Online Appendix For: Generalizing from Survey Experiments Conducted on Mechanical Turk: A Replication Approach,2017,A Coppock,A Coppock - 2017 - alexandercoppock.com,0,https://alexandercoppock.com/coppock_2019a_appendix.pdf,high,"Krosnick et al. (1987): ""Aging and Susceptibility to Attitude Change""; Berinsky et al. (2012): ""Evaluating Online Labor Markets for Experimental Research: Amazon.com'""",Method not specified in abstract,"We found considerable differences between the sites, especially in comprehension, attention, and dishonesty"
"Replication, update and, robustness analysis of 'Energy and economic growth in the USA: a multivariate approach'",2017,"S Bruns, J König, DI Stern","S Bruns, J König, DI Stern - 2017 - osf.io",0,https://osf.io/wvjt7/resources,high,Not identifiable from abstract,Method not specified in abstract,Result not specified in abstract
"Institute for Economic Studies, Keio University",2017,"R Forslid, T Okubo, M Sanctuary","M Size, R Forslid, T Okubo, M Sanctuary - 2017 - ies.keio.ac.jp",0,https://ies.keio.ac.jp/upload/pdf/en/DP2017-019.pdf,low,Not identifiable from abstract,Method not specified in abstract,Result not specified in abstract
Revisiting savings: a replication study of facilitating savings for agriculture,2017,,"J Stage, T Thangavelu - 3ieimpact.org",0,http://www.3ieimpact.org/sites/default/files/2018-12/stage_revised_replication_plan.pdf,high,Not identifiable from abstract,Method not specified in abstract,Result not specified in abstract
Replicating Triyana (2016),2017,P Schrimpf,P Schrimpf - 2017 - faculty.arts.ubc.ca,0,https://faculty.arts.ubc.ca/pschrimpf/326/lec09-triyana2016.pdf,high,"Triyana & M. (2016): ""The Impact of Conditional Cash Transfers on Infant Health: Evidence fr""",Method not specified in abstract,Result not specified in abstract
Social norms and energy conservation beyond the US–A replication,2017,"A Gerster, M Andor, J Peters, CM Schmidt","A Gerster, M Andor, J Peters, CM Schmidt - Heading Towards Sustainable …, 2017 - iaee.org",0,https://www.iaee.org/proceedings/article/14483,high,Not identifiable from abstract,Method not specified in abstract,Result not specified in abstract
Economic Restructuring in the Northeast: A Replication and Extension,2017,,K Grant - 2017 - shsu-ir.tdl.org,0,https://shsu-ir.tdl.org/bitstream/20.500.11875/2175/1/GRANT-THESIS-2017.pdf,high,"Kreahling & John (2010): ""Economic Restructuring in the Northeast: A Study of Counties""",Method not specified in abstract,Result not specified in abstract
Coding Empirical Analysis from Beginning to End: Application to Debt and Growth Relationship,2017,T Dvorak,T Dvorak - 2017 - dvorakt.github.io,0,https://dvorakt.github.io/TIER_debt_growth/documents/debt_and_growth_article.pdf,high,"Herndon et al. (2014): ""Does High Public Debt Consistently Stifle Economic Growth? A Critique ""; Reinhart et al. (2010): ""Growth in a Time of Debt""","… Using batch files to stitch together Stata and LATEXcode I am able to replicate some of the … Herndon, Ash and Pollin (2014) ove",Result not specified in abstract
Can social norms lead people to choose less money over more?,2017,,SV Michelsen - 2017 - bora.uib.no,0,https://bora.uib.no/bora-xmlui/handle/1956/16694,high,"Tjøtta & S. (2016): ""The more or less game: An experimental study""",Method not specified in abstract,Result not specified in abstract
Keynote Speech on Data in Financial Economics (Presentation Slides),2017,C Trzcinka,"C Trzcinka - Kelley School of Business Research Paper, 2017 - papers.ssrn.com",0,https://papers.ssrn.com/sol3/Delivery.cfm?abstractid=3142834,high,"Jagadeesh et al. (1994): ""Returns to Buying Winners and Selling Losers: Implications for Stock M""",… • We tried to replicate Jagadeesh and Titman (1994) paper with TAQ data from 1993-1999,Result not specified in abstract
Replication Data for Does Democracy Cause Innovation? An Empirical Test of the Popper Hypothesis,2017,,"L Zang - (No Title), 2017 - cir.nii.ac.jp",0,https://cir.nii.ac.jp/crid/1880584740845140480,high,"Zang & Leizhen (2017): ""Does Democracy Cause Innovation? An Empirical Test of the Popper Hypot""",difference-in-differences,directional effect found
DELINEATING US LABOR-SHEDS FROM COMMUTER FLOW DATA: COMPARING CURRENT METHODS USING QUALITY OF FIT STATISTICS,2017,"CS Fowler, DC Rhubart","CS Fowler, L Jensen, DC Rhubart - sites.psu.edu",0,https://sites.psu.edu/psucz/files/2017/08/Labor-shed-J-Reg-Sci-paper-Submission-Draft-1iy1k6r.pdf,high,Not identifiable from abstract,Method not specified in abstract,directional effect found
Replication Crisis and Its Solutions,2017,E Palosaari,E Palosaari - 2017 - users.aalto.fi,0,https://users.aalto.fi/~palosae2/Replication%20Crisis%20and%20Its%20Solutions.pdf,high,Not identifiable from abstract,Method not specified in abstract,effect significance noted
Prolific. ac—A subject pool for online experiments,2018,"S Palan, C Schitter","S Palan, C Schitter - Journal of behavioral and experimental finance, 2018 - Elsevier",3875,https://www.sciencedirect.com/science/article/pii/S2214635017300989,high,Not identifiable from abstract,laboratory experiment,not fully replicated; successfully replicates; directional effect found; effect significance noted
"Bitcoin, gold and the US dollar–A replication and extension",2018,"DG Baur, T Dimpfl","DG Baur, T Dimpfl, K Kuck - Finance research letters, 2018 - Elsevier",699,https://www.sciencedirect.com/science/article/pii/S1544612317305093,high,Not identifiable from abstract,… This paper uses the same sample and econometric models to replicate the findings and demonstrates that exact replication is not ,Result not specified in abstract
Do medical marijuana laws reduce addictions and deaths related to pain killers?,2018,"D Powell, RL Pacula, M Jacobson","D Powell, RL Pacula, M Jacobson - Journal of health economics, 2018 - Elsevier",516,https://www.sciencedirect.com/science/article/pii/S0167629617311852,high,"Bachhuber et al. (2014): ""Medical cannabis laws and opioid analgesic overdose mortality in the U""",Method not specified in abstract,… We replicate the result for opioid overdose deaths and explore the potential mechanism
Relationship of gender differences in preferences to economic development and gender equality,2018,"A Falk, J Hermle","A Falk, J Hermle - Science, 2018 - science.org",515,https://www.science.org/doi/abs/10.1126/science.aas9899,high,Not identifiable from abstract,Method not specified in abstract,"Thanks to the journal's data standards policy, such replication … In our replication efforts, we found that the main results of …"
Attention variation and welfare: theory and evidence from a tax salience experiment,2018,"D Taubinsky, A Rees-Jones","D Taubinsky, A Rees-Jones - The Review of Economic Studies, 2018 - academic.oup.com",373,https://academic.oup.com/restud/article-abstract/85/4/2462/4665811,high,"Chetty et al. (2009): ""Salience and Taxation: Theory and Evidence""",Method not specified in abstract,"… We replicate prior findings that, on average, consumers under-react to non-salient sales taxes—consumers in our study react to existing sales taxes "
"Human capital, social capabilities and economic growth",2018,"M Ali, A Egbetokun, MH Memon","M Ali, A Egbetokun, MH Memon - Economies, 2018 - mdpi.com",244,https://www.mdpi.com/2227-7099/6/1/2,medium,Not identifiable from abstract,panel data,results hold/are robust
Sequence and alignment of external pressures in industry destabilisation: Understanding the downfall of incumbent utilities in the German energy transition (1998 …,2018,"G Kungl, FW Geels","G Kungl, FW Geels - Environmental innovation and societal transitions, 2018 - Elsevier",204,https://www.sciencedirect.com/science/article/pii/S2210422417300175,medium,Not identifiable from abstract,Method not specified in abstract,"First, we replicate the multi-dimensional … Sequence and alignment of external pressures in industry destabilisation: Understanding the downfall of in"
Tax structures and economic growth: New evidence from the government revenue dataset,2018,K McNabb,"K McNabb - Journal of International development, 2018 - Wiley Online Library",159,https://onlinelibrary.wiley.com/doi/abs/10.1002/jid.3345,high,Not identifiable from abstract,Method not specified in abstract,Result not specified in abstract
Which panel data estimator should I use?: A corrigendum and extension,2018,WR Reed,"M Moundigbaye, WS Rea, WR Reed - Economics, 2018 - degruyter.com",157,https://www.degruyter.com/document/doi/10.5018/economics-ejournal.ja.2018-4/html,high,Not identifiable from abstract,survey data; panel data,Result not specified in abstract
Ambiguity aversion is not universal,2018,MG Kocher,"MG Kocher, AM Lahno, ST Trautmann - European Economic Review, 2018 - Elsevier",145,https://www.sciencedirect.com/science/article/pii/S001429211730185X,medium,"Ellsberg & Daniel (1961): ""Risk, Ambiguity, and the Savage Axioms""; Halevy & Yoram (2007): ""Ellsberg Revisited: An Experimental Study""",Method not specified in abstract,… We replicate the usual finding of ambiguity aversion for moderate likelihood gains
"Registered replication report on Mazar, Amir, and Ariely (2008)",2018,"B Verschuere, EH Meijer, A Jim","B Verschuere, EH Meijer, A Jim… - … in Methods and …, 2018 - journals.sagepub.com",137,https://journals.sagepub.com/doi/abs/10.1177/2515245918781032,high,"Mazar et al. (2008): ""The dishonesty of honest people: A theory of self-concept maintenance""",direct replication,Result not specified in abstract
"Law and psychology grows up, goes online, and replicates",2018,"K Irvine, DA Hoffman","K Irvine, DA Hoffman… - Journal of Empirical …, 2018 - Wiley Online Library",122,https://onlinelibrary.wiley.com/doi/abs/10.1111/jels.12180,high,Not identifiable from abstract,Method not specified in abstract,"Specifically, we replicate …"
"Wealth inequality in Sweden, 1750–1900",2018,"E Bengtsson, A Missiaia, M Olsson","E Bengtsson, A Missiaia, M Olsson… - The Economic History …, 2018 - Wiley Online Library",118,https://onlinelibrary.wiley.com/doi/abs/10.1111/ehr.12576,medium,Not identifiable from abstract,… for social status we replicate all individuals … replication method that we use for the adjustment of the social structure,… for social status we replicate all individuals … replication method that we use for the adjustment of the social structure
Replicating a trading strategy by means of LSTM for financial industry applications,2018,"L Troiano, V Loia","L Troiano, EM Villa, V Loia - IEEE transactions on industrial …, 2018 - ieeexplore.ieee.org",112,https://ieeexplore.ieee.org/abstract/document/8305636/,high,Not identifiable from abstract,Method not specified in abstract,Result not specified in abstract
"Revisiting the gender gap in CEO compensation: Replication and extension of Hill, Upadhyay, and Beekun's (2015) work on CEO gender pay gap",2018,"VK Gupta, SC Mortal, X Guo","VK Gupta, SC Mortal, X Guo - Strategic Management Journal, 2018 - Wiley Online Library",109,https://onlinelibrary.wiley.com/doi/abs/10.1002/smj.2905,high,"Hill et al. (2015): ""CEO Gender Pay Gap: A Study of the Gender Pay Gap in CEO Compensation""","… We seek to replicate earlier work by Hill and colleagues, using an expanded dataset over a longer period of time and with more r",Result not specified in abstract
Intergenerational transmission of human capital: Is it a one-way street?,2018,"P Lundborg, K Majlesi","P Lundborg, K Majlesi - Journal of health economics, 2018 - Elsevier",106,https://www.sciencedirect.com/science/article/pii/S0167629617304034,low,Not identifiable from abstract,Method not specified in abstract,significant effect found; effect significance noted
Do freedom of information laws increase transparency of government? A replication of a field experiment,2018,"S Grimmelikhuijsen, P John, A Meijer","S Grimmelikhuijsen, P John, A Meijer… - Journal of Behavioral …, 2018 - eprints.bbk.ac.uk",87,http://eprints.bbk.ac.uk/24005/,high,"Worthy et al. (2016): ""The impact of Freedom of Information requests on the responsiveness of""",pre-registered replication; field experiment,directional effect found; effect significance noted
"Poverty, rural population distribution and climate change",2018,"EB Barbier, JP Hochard","EB Barbier, JP Hochard - Environment and Development Economics, 2018 - cambridge.org",81,https://www.cambridge.org/core/journals/environment-and-development-economics/article/poverty-rural-population-distribution-and-climate-change/AC50CF7C85013A57F8AACCAA49B29C09,high,"Ravallion & Martin (2012): ""Poorer but no less resilient: The impact of the global economic crisis""",Method not specified in abstract,Result not specified in abstract
How should we think about Americans' beliefs about economic mobility?,2018,"S Davidai, T Gilovich","S Davidai, T Gilovich - Judgment and Decision making, 2018 - cambridge.org",81,https://www.cambridge.org/core/journals/judgment-and-decision-making/article/how-should-we-think-about-americans-beliefs-about-economic-mobility/6007ED89B1BB5A12699BA98624D02258,high,"Davidai et al. (2015): ""The impact of social class on the perception of economic mobility""; Kraus et al. (2015): ""The social class mobility gap: The role of social class in perceptions""; Kraus & W. (2015): ""The role of social class in shaping perceptions of economic mobility""",conceptual replication,original effect may be overstated
Monopsony and employer mis-optimization explain why wages bunch at round numbers,2018,"A Dube, A Manning, S Naidu","A Dube, A Manning, S Naidu - 2018 - nber.org",76,https://www.nber.org/papers/w24991,medium,"Dube et al. (2018): ""Monopsony and employer mis-optimization explain why wages bunch at rou""",randomized controlled trial,We replicate the absence of round number discontinuities in firm labor supply in matched worker-firm hourly wage data from Oregon as well as in an onl
Greenness and school-wide test scores are not always positively associated–A replication of “linking student performance in Massachusetts elementary schools with …,2018,"MHEM Browning, M Kuo, S Sachdeva, K Lee","MHEM Browning, M Kuo, S Sachdeva, K Lee… - Landscape and urban …, 2018 - Elsevier",76,https://www.sciencedirect.com/science/article/pii/S0169204618303086,high,Not identifiable from abstract,direct replication,mixed results
Estimating economic characteristics with phone data,2018,JE Blumenstock,"JE Blumenstock - AEA papers and proceedings, 2018 - aeaweb.org",74,https://www.aeaweb.org/articles?id=10.1257/pandp.20181033,medium,Not identifiable from abstract,… We replicate all experiments using two independently collected datasets,… We replicate all experiments using two independently collected datasets
Error-prone inference from response time: The case of intuitive generosity in public-good games,2018,"MP Recalde, A Riedl, L Vesterlund","MP Recalde, A Riedl, L Vesterlund - Journal of Public Economics, 2018 - Elsevier",69,https://www.sciencedirect.com/science/article/pii/S0047272718300367,high,Not identifiable from abstract,Method not specified in abstract,"… Replicating previous results, we find that fast decision-makers give more than slow decision-makers when the equilibrium is below the mid-point of t"
"Predicting economic, social, and foreign policy conservatism: The role of right-wing authoritarianism, social dominance orientation, moral foundations orientation, and …",2018,RJ Harnish,"RJ Harnish, KR Bridges, JT Gump - Current Psychology, 2018 - Springer",68,https://link.springer.com/article/10.1007/s12144-016-9552-x,high,"Duckitt et al. (2010): ""Personality and prejudice: A review of the relationship between person""",Method not specified in abstract,unable to replicate
Complexity in risk elicitation may affect the conclusions: A demonstration using gender differences,2018,"G Charness, C Eckel, U Gneezy","G Charness, C Eckel, U Gneezy… - Journal of risk and …, 2018 - Springer",62,https://link.springer.com/article/10.1007/s11166-018-9274-6,medium,"Charness et al. (2012): ""Strong evidence for gender differences in risk taking""; Charness et al. (2013): ""Experimental methods: Eliciting risk preferences""; Dave et al. (2010): ""Eliciting risk preferences: When is simple better?""","… We compare the HL approach, where we replicate the lack of significant gender … of economic preferences",effect significance noted
Overhead aversion: Do some types of overhead matter more than others?,2018,"JE Portillo, J Stinn","JE Portillo, J Stinn - Journal of behavioral and experimental economics, 2018 - Elsevier",62,https://www.sciencedirect.com/science/article/pii/S2214804317301325,high,Not identifiable from abstract,Method not specified in abstract,"… First, we replicate the prior finding establishing the existence of overhead aversion"
Perceived economic threat and anti-immigration attitudes: Effects of immigrant group size and economic conditions revisited,2018,B Meuleman,"B Meuleman - Cross-Cultural Analysis, 2018 - taylorfrancis.com",61,https://www.taylorfrancis.com/chapters/edit/10.4324/9781315537078-10/perceived-economic-threat-anti-immigration-attitudes-bart-meuleman,high,Not identifiable from abstract,Method not specified in abstract,unable to replicate
Measuring trust: A reinvestigation,2018,"B Aksoy, H Harwell","B Aksoy, H Harwell, A Kovaliukaite… - Southern Economic …, 2018 - Wiley Online Library",54,https://onlinelibrary.wiley.com/doi/abs/10.1002/soej.12259,medium,"GLSS et al. (YEAR): ""Title of the original study""","… While we replicate the GLSS protocol in the replication experiment, in the reinvestigation experiment we use the original invest","… While we replicate the GLSS protocol in the replication experiment, in the reinvestigation experiment we use the original investment game with equal"
Son preference and gender-biased breastfeeding in Pakistan,2018,,"N Hafeez… - Economic Development …, 2018 - journals.uchicago.edu",51,https://www.journals.uchicago.edu/doi/abs/10.1086/695137,high,"Jayachandran et al. (2011): ""Why Do Mothers Breastfeed Girls Less Than Boys? Evidence from India""",Method not specified in abstract,"… We replicate the analysis of Jayachandran and Kuziemko (2011) in India, where a model of … Our replication exercise strongly supports their theory: "
Can education compensate the effect of population ageing on macroeconomic performance?,2018,"R Kotschy, U Sunde","R Kotschy, U Sunde - Economic Policy, 2018 - academic.oup.com",51,https://academic.oup.com/economicpolicy/article-abstract/33/96/587/5068947,low,Not identifiable from abstract,Method not specified in abstract,effect significance noted
The effects of financial education: Evidence from Finnish lower secondary schools,2018,P Kalmi,"P Kalmi - … of Banking, Finance and Monetary Economics, 2018 - Wiley Online Library",48,https://onlinelibrary.wiley.com/doi/abs/10.1111/ecno.12114,medium,Not identifiable from abstract,Method not specified in abstract,Result not specified in abstract
Violence and risk preference: experimental evidence from Afghanistan: comment,2018,FM Vieider,"FM Vieider - American Economic Review, 2018 - aeaweb.org",47,https://www.aeaweb.org/articles?id=10.1257/aer.20160789,high,"Callen et al. (2014): ""Violence and Risk Preference: Experimental Evidence from Afghanistan""",Method not specified in abstract,Result not specified in abstract
A behavioral economic approach to green consumerism: Demand for reusable shopping bags,2018,"BA Kaplan, BW Gelino, DD Reed","BA Kaplan, BW Gelino, DD Reed - Behavior and Social Issues, 2018 - Springer",46,https://link.springer.com/article/10.5210/bsi.v27i0.8003,high,"Dunlap et al. (1978): ""The “new environmental paradigm”: A proposed measuring instrument and ""; Dunlap et al. (2000): ""New trends in measuring environmental attitudes: Measuring endorsement""",Method not specified in abstract,Result not specified in abstract
"A nexus between air pollution, energy consumption and growth of economy: A comparative study between the USA and China-based on the ARDL bound …",2018,MA Koondhar,"MA Koondhar, L Qiu, H Li, W Liu… - Agricultural Economics …, 2018 - agriculturejournals.cz",44,https://www.agriculturejournals.cz/pdfs/age/2018/06/03.pdf,high,Not identifiable from abstract,Method not specified in abstract,Result not specified in abstract
Quality signaling through ex-ante voluntary information disclosure in entrepreneurial networks: Evidence from franchising,2018,"F Sadeh, M Kacker","F Sadeh, M Kacker - Small Business Economics, 2018 - Springer",43,https://link.springer.com/article/10.1007/s11187-017-9892-4,medium,Not identifiable from abstract,Method not specified in abstract,"… and hypotheses, Footnote 7 we replicate as much of Michael (… In the replication portion of our empirical analyses, we use … and estimation results "
Reconciling results on racial differences in police shootings,2018,,"RG Fryer Jr - AEA papers and proceedings, 2018 - aeaweb.org",43,https://www.aeaweb.org/articles?id=10.1257/pandp.20181004,medium,"Fryer & Jr. (2016): ""The Effect of Police Killings on Crime""; Eberhardt et al. (2006): ""Seeing Black: Race, Crime, and Visual Processing""",… well-established literature in labor economics designed to understand whether racial differ… I replicate some of the key finding,Result not specified in abstract
"How important are fixed effects and time trends in estimating returns to schooling? Evidence from a replication of Jacobson, Lalonde, and Sullivan, 2005",2018,"S Dynarski, B Jacob, D Kreisman","S Dynarski, B Jacob, D Kreisman - Journal of Applied …, 2018 - Wiley Online Library",41,https://onlinelibrary.wiley.com/doi/abs/10.1002/jae.2653,high,"Jacobson et al. (2005): ""Estimating the Returns to Schooling: The Importance of Fixed Effects a""",Method not specified in abstract,Result not specified in abstract
The Macro-Economic Impact of Brexit: Using the CBR Macro-Economic Model of the UK Economy (UKMOD).,2018,,"G Gudgin, K Coutts, N Gibson, J Buchanan - … & Management Economics, 2018 - ceeol.com",41,https://www.ceeol.com/search/article-detail?id=676841,high,"HM Treasury (2018): ""EU Exit: Long-term economic analysis""",The gravity model approach is replicated and shows that the impact of EU membership on the level of exports to the EU is much smal,Result not specified in abstract
The impact of NHS expenditure on health outcomes in England: Alternative approaches to identification in all‐cause and disease specific models of mortality,2018,,"K Claxton, J Lomas, S Martin - Health economics, 2018 - Wiley Online Library",40,https://onlinelibrary.wiley.com/doi/abs/10.1002/hec.3650,high,Not identifiable from abstract,… One approach uses conventional socio-economic variables as instruments for endogenous … We find that the “funding rule” approach,not fully replicated; successfully replicates
Socialist growth revisited: insights from Yugoslavia,2018,L Kukić,"L Kukić - European Review of Economic History, 2018 - academic.oup.com",39,https://academic.oup.com/ereh/article-abstract/22/4/403/4917667,high,Not identifiable from abstract,Method not specified in abstract,Result not specified in abstract
Who are the losers of the economic crisis? Explaining the vote for right-wing populist parties in Europe after the Great Recession,2018,"J Rama, G Cordero","J Rama, G Cordero - Revista Española de Ciencia Política, 2018 - recyt.fecyt.es",37,https://recyt.fecyt.es/index.php/recp/article/download/64643/pdf_120/214494,medium,Not identifiable from abstract,Method not specified in abstract,"… Nevertheless, we replicate the analyses implemented in this article by using the alternative dependent variable with values 1 for RWPP voters and 0 "
"Measurement error in macroeconomic data and economics research: Data revisions, gross domestic product, and gross domestic income",2018,"AC Chang, P Li","AC Chang, P Li - Economic Inquiry, 2018 - Wiley Online Library",37,https://onlinelibrary.wiley.com/doi/abs/10.1111/ecin.12567,high,Chang and Li (2015,"… on economic research, we start with a sample of 29 papers for which we were able to replicate … Chang and Li (2015a, Forthcoming",Result not specified in abstract
Management and bureaucratic effectiveness: Evidence from the ghanaian civil service,2018,"I Rasul, D Rogger, MJ Williams","I Rasul, D Rogger, MJ Williams - World Bank Policy Research …, 2018 - papers.ssrn.com",36,https://papers.ssrn.com/sol3/papers.cfm?abstract_id=3255989,high,Not identifiable from abstract,Method not specified in abstract,Result not specified in abstract
"Institutions, economic freedom and structural transformation in 11 sub-Saharan African countries",2018,A Carraro,"A Carraro, P Karfakis - 2018 - ageconsearch.umn.edu",33,https://ageconsearch.umn.edu/record/288957/,medium,Not identifiable from abstract,Method not specified in abstract,original result may be spurious; directional effect found
Economic uncertainty and fertility cycles: The case of the post-WWII baby boom,2018,"B Chabé-Ferret, P Gobbi","B Chabé-Ferret, P Gobbi - 2018 - papers.ssrn.com",33,https://papers.ssrn.com/sol3/papers.cfm?abstract_id=3298790,medium,Not identifiable from abstract,Method not specified in abstract,"We argue that economic … In column (3), we replicate specification (5) of …"
Learning to alternate,2018,"J Arifovic, J Ledyard","J Arifovic, J Ledyard - Experimental Economics, 2018 - Springer",32,https://link.springer.com/article/10.1007/s10683-018-9568-1,low,"Arifovic et al. (2011): ""A behavioral model for mechanism design: Individual evolutionary learn""; Arifovic et al. (2012): ""Individual evolutionary learning, other-regarding preferences, and the""",laboratory experiment,Result not specified in abstract
How persistent is the effect of conflict on primary education? Long-run evidence from the Rwandan genocide,2018,G La Mattina,"G La Mattina - Economics Letters, 2018 - Elsevier",30,https://www.sciencedirect.com/science/article/pii/S0165176517304482,high,"Akresh et al. (2008): ""The impact of the 1994 genocide on education in Rwanda""",Method not specified in abstract,Result not specified in abstract
Slow touch targeting CT-fibres does not increase prosocial behaviour in economic laboratory tasks,2018,"LA Rosenberger, A Ree, C Eisenegger, U Sailer","LA Rosenberger, A Ree, C Eisenegger, U Sailer - Scientific reports, 2018 - nature.com",30,https://www.nature.com/articles/s41598-018-25601-7,high,Not identifiable from abstract,"… with two different behavioural economic laboratory tasks and … In general, our data replicated some typical findings from … We w",null result
Dorsolateral and medial prefrontal cortex mediate the influence of incidental priming on economic decision making in obesity,2018,"F Morys, S Bode, A Horstmann","F Morys, S Bode, A Horstmann - Scientific Reports, 2018 - nature.com",28,https://www.nature.com/articles/s41598-018-35834-1,low,Not identifiable from abstract,meta-analysis,Result not specified in abstract
A new metric of consensus for Likert scales,2018,O Claveria,"O Claveria - arXiv preprint arXiv:1809.10493, 2018 - arxiv.org",28,https://arxiv.org/abs/1809.10493,low,Not identifiable from abstract,out-of-sample test,We find evidence that the degree of agreement among consumers contains useful information to predict unemployment rates in most countries
How motivations for tipping vary with occupational differences in descriptive tipping norms,2018,M Lynn,"M Lynn - Journal of behavioral and experimental economics, 2018 - Elsevier",28,https://www.sciencedirect.com/science/article/pii/S2214804318302878,high,Not identifiable from abstract,Method not specified in abstract,Result not specified in abstract
Real or bogus: Predicting susceptibility to phishing with economic experiments,2018,"Y Chen, I YeckehZaare","Y Chen, I YeckehZaare, AF Zhang - PloS one, 2018 - journals.plos.org",27,https://journals.plos.org/plosone/article?id=10.1371/journal.pone.0198213,medium,Not identifiable from abstract,field experiment,effect significance noted
Does institutional quality resolve the Lucas Paradox?,2018,"M Akhtaruzzaman, C Hajzler, PD Owen","M Akhtaruzzaman, C Hajzler, PD Owen - Applied Economics, 2018 - Taylor & Francis",27,https://www.tandfonline.com/doi/abs/10.1080/00036846.2017.1321840,medium,Not identifiable from abstract,Method not specified in abstract,significance noted; effect significance noted
"Genetic distance, trade, and the diffusion of development",2018,"V Bove, G Gokmen","V Bove, G Gokmen - Journal of Applied Econometrics, 2018 - Wiley Online Library",26,https://onlinelibrary.wiley.com/doi/abs/10.1002/jae.2622,low,"Spolaore et al. (2009): ""The Diffusion of Development""",Method not specified in abstract,Result not specified in abstract
The sad truth about happiness scales: Empirical results,2018,"TN Bond, K Lang","TN Bond, K Lang - 2018 - nber.org",25,https://www.nber.org/papers/w24853,medium,"Easterlin & A. (1974): ""Does Economic Growth Improve the Human Lot? Some Empirical Evidence""; Blanchflower et al. (2004): ""Well-Being Over Time in Britain and the USA""; Okun & M. (1975): ""Equality and Efficiency: The Big Tradeoff""",cross-country analysis,"… We replicate nine key results from the happiness literature: the Easterlin Paradox, the 'U-… assumptions that resemble real-life distributions of ec"
Non-naïvety may reduce the effect of intuition manipulations,2018,DG Rand,"DG Rand - Nature Human Behaviour, 2018 - nature.com",24,https://www.nature.com/articles/s41562-018-0404-6,high,"Rand et al. (2012): ""Dynamic cooperation in social dilemmas""",direct replication; laboratory experiment,fails to replicate; not fully replicated; successfully replicates; similar effect sizes
Testing the influence of testosterone administration on men's honesty in a large laboratory experiment,2018,"A Henderson, A Nadler, J Barraza","A Henderson, G Thoelen, A Nadler, J Barraza… - Scientific Reports, 2018 - nature.com",21,https://www.nature.com/articles/s41598-018-29928-z,high,"Wibral et al. (2012): ""Testosterone administration reduces deception in a die-roll task""",double-blind design; laboratory experiment,not fully replicated; successfully replicates; significance noted; directional effect found
The regional economic effects of military base realignments and closures,2018,J Lee,"J Lee - Defence and Peace Economics, 2018 - Taylor & Francis",21,https://www.tandfonline.com/doi/abs/10.1080/10242694.2016.1170335,medium,Not identifiable from abstract,"… To avoid the potential problem with data selection bias, we replicate the above regressions with data for all US counties","… To avoid the potential problem with data selection bias, we replicate the above regressions with data for all US counties"
Revisiting gender differences in ultimatum bargaining: experimental evidence from the US and China,2018,"S Li, D Houser","S Li, X Qin, D Houser - Journal of the Economic Science Association, 2018 - cambridge.org",20,https://www.cambridge.org/core/journals/journal-of-the-economic-science-association/article/revisiting-gender-differences-in-ultimatum-bargaining-experimental-evidence-from-the-us-and-china/FAA2BF3571EB696F8FC4CD3055A231FB,high,"Solnick & J. (2001): ""Gender Differences in Ultimatum Bargaining: An Experimental Study""",Method not specified in abstract,Result not specified in abstract
Normatively framed relative performance feedback–field experiment and replication,2018,"R Brade, O Himmler","R Brade, O Himmler, R Jäckle - 2018 - mpra.ub.uni-muenchen.de",19,https://mpra.ub.uni-muenchen.de/id/eprint/88830,high,"Brade et al. (2018): ""Normatively Framed Relative Performance Feedback – Field Experiment""",field experiment; natural experiment; survey data; regression discontinuity,… We administer a replication experiment one year later with the … In both the original experiment and the replication we find no … economics
Regional concentration and national economic growth in Brazil and Chile,2018,"P Aroca, C Azzoni, M Sarrias","P Aroca, C Azzoni, M Sarrias - Letters in Spatial and Resource Sciences, 2018 - Springer",18,https://link.springer.com/article/10.1007/s12076-018-0217-2,high,"Brülhart et al. (2009): ""Agglomeration and growth: cross-country evidence""","… We were able to replicate the international cross-section results presented by Brülhart and Sbergami (2009), locating the countr",directional effect found
Econometric error nullifies finding of the impact of broadband speed on county-level employment,2018,"BE Whitacre, MR Alam, BJ Lobo","BE Whitacre, MR Alam, BJ Lobo - Information Economics and Policy, 2018 - Elsevier",18,https://www.sciencedirect.com/science/article/pii/S0167624518300878,high,Not identifiable from abstract,… the findings and attempted to replicate the methodology using … Although we succeeded in replicating the summary statistics … We,Result not specified in abstract
A review on the resource curse,2018,L Szalai,"L Szalai - Periodica Polytechnica Social and Management …, 2018 - pp.bme.hu",17,https://pp.bme.hu/so/article/view/10021,high,"Sachs et al. (1995): ""Natural Resource Abundance and Economic Growth""",cross-country analysis,effect significance noted
The effects of wars on postwar homicide rates: a replication and extension of Archer and Gartner's classic study,2018,,"JP Stamatel, SH Romans - Journal of contemporary criminal …, 2018 - journals.sagepub.com",15,https://journals.sagepub.com/doi/abs/10.1177/1043986218769989,high,"Archer et al. (2000): ""Violence and the Civilizing Process: A Comparative Historical Analysis""",Method not specified in abstract,Result not specified in abstract
The effects of young adult‐dependent coverage and contraception mandates on young women,2018,"J Trudeau, KS Conway","J Trudeau, KS Conway - Contemporary Economic Policy, 2018 - Wiley Online Library",14,https://onlinelibrary.wiley.com/doi/abs/10.1111/coep.12223,high,"Levine et al. (2011): ""The Impact of Young Adult Dependent Coverage on Health Care Utilizatio""; Depew & Brian (2015): ""The Effects of Health Insurance Coverage on Young Adults' Health Care ""","… Using CPS data and DD as well as the alternative DDD strategies of Levine, McKnight, and Heep (2011) versus Depew (2015), we att",Result not specified in abstract
Testing the effect of cooperative/competitive priming on the prisoner's dilemma. a replication study,2018,"A Belaus, C Reyna, E Freidin","A Belaus, C Reyna, E Freidin - PloS one, 2018 - journals.plos.org",13,https://journals.plos.org/plosone/article?id=10.1371/journal.pone.0209263,high,"Kay et al. (2003): ""The influence of priming on the construal of social dilemmas""",direct replication; close replication,Result not specified in abstract
Will the real specification please stand up? A comment on Andrew Bird and Stephen Karolyi,2018,A Young,"A Young - Econ Journal Watch, 2018 - econjwatch.org",13,https://econjwatch.org/File+download/1047/YoungJan2018.pdf,high,"Bird et al. (2015): ""Title of the original paper""",regression discontinuity,closely replicates
Aggregate demand shortfalls and economic freedom,2018,"RH Murphy, TL Smith","RH Murphy, TL Smith - The Review of Austrian Economics, 2018 - Springer",13,https://link.springer.com/article/10.1007/s11138-017-0377-0,medium,"Sumner & S. (2015): ""The Midas paradox: financial markets, government policy shocks, and th""",Method not specified in abstract,"… We replicate the previous models closely, replacing the control for economic freedom at the beginning period with economic freedom less sound money "
"Replicating “predicting the present with google trends” by Hyunyoung Choi and Hal Varian (the economic record, 2012)",2018,T Coupé,"T Coupé - Economics, 2018 - degruyter.com",12,https://www.degruyter.com/document/doi/10.5018/economics-ejournal.ja.2018-34/html,high,"Choi et al. (2012): ""Predicting the Present with Google Trends""",survey data,Result not specified in abstract
"Institutions and information flows, and their effect on capital flows",2018,M Pinar,"M Pinar, E Volkan - Information Economics and Policy, 2018 - Elsevier",12,https://www.sciencedirect.com/science/article/pii/S0167624517301506,medium,Not identifiable from abstract,Method not specified in abstract,… Table 2 presents the results when we replicate the AKV results with the inclusion of the information flows variable
Recidivism and education revisited: evidence for the USA,2018,"J Fogarty, M Giles","J Fogarty, M Giles - 2018 - ageconsearch.umn.edu",11,https://ageconsearch.umn.edu/record/275642/,high,Not identifiable from abstract,meta-analysis,Result not specified in abstract
Revisiting the past: replicating fifty-year-old flow analysis using contemporary taxi flow data,2018,"U Demšar, J Reades, E Manley","U Demšar, J Reades, E Manley… - Annals of the American …, 2018 - Taylor & Francis",11,https://www.tandfonline.com/doi/abs/10.1080/24694452.2017.1374164,high,Not identifiable from abstract,… Here we attempt to replicate one of these early analyses using taxi flow data … of Economics) to extract functional regions with,Result not specified in abstract
Coordination and transfer,2018,"DJ Cooper, J Van Huyck","DJ Cooper, J Van Huyck - Experimental Economics, 2018 - Springer",10,https://link.springer.com/article/10.1007/s10683-017-9521-8,low,"Rankin et al. (2000): ""Equilibrium selection in coordination games""",Method not specified in abstract,Result not specified in abstract
"Reply: cost-efficiency analyses for the US of biosimilar filgrastim-sndz, reference filgrastim, pegfilgrastim, and pegfilgrastim with on-body injector in the prophylaxis of …",2018,,"A McBride, K Campbell, M Bikkina… - … of Medical Economics, 2018 - Taylor & Francis",10,https://www.tandfonline.com/doi/abs/10.1080/13696998.2018.1452749,high,Not identifiable from abstract,Method not specified in abstract,replicates and extends original
Predicting crude oil prices: Replication of the empirical results in “What do we learn from the price of crude oil?”,2018,A Pak,"A Pak - Journal of Applied Econometrics, 2018 - Wiley Online Library",9,https://onlinelibrary.wiley.com/doi/abs/10.1002/jae.2584,high,Not identifiable from abstract,"… In this replication paper, I verified the algorithm of the MATLAB code and computations … I present the replicated results for t",Result not specified in abstract
Is altruism sensitive to scope? The role of tangibility,2018,"A Imas, G Loewenstein","A Imas, G Loewenstein - AEA Papers and Proceedings, 2018 - aeaweb.org",9,https://www.aeaweb.org/articles?id=10.1257/pandp.20181094,high,Not identifiable from abstract,Method not specified in abstract,Result not specified in abstract
Motives behind voting and the perception of the motives: Paradox of voting in Bosnia and Herzegovina,2018,J Prochazka,"A Krajina, J Prochazka - Eurasian Economic Review, 2018 - Springer",9,https://link.springer.com/article/10.1007/s40822-017-0087-8,low,"Carlsson et al. (2010): ""Why do you vote and vote as you do?""",different country,Result not specified in abstract
Do economists punish less?,2018,"JP Kaiser, AK Koch","JP Kaiser, KS Pedersen, AK Koch - Games, 2018 - mdpi.com",9,https://www.mdpi.com/2073-4336/9/4/75,high,Not identifiable from abstract,Method not specified in abstract,effect significance noted
Derivation of the economic value of R0 for macroparasitic diseases and application to sea lice in salmon,2018,H Komen,"K Janssen, H Komen, HW Saatkamp… - Genetics Selection …, 2018 - Springer",9,https://link.springer.com/article/10.1186/s12711-018-0418-6,high,Not identifiable from abstract,Method not specified in abstract,Result not specified in abstract
Disappointment Aversion and Social Comparisons in a Real‐Effort Competition,2018,"S Gächter, L Huang, M Sefton","S Gächter, L Huang, M Sefton - Economic Inquiry, 2018 - Wiley Online Library",8,https://onlinelibrary.wiley.com/doi/abs/10.1111/ecin.12498,medium,Not identifiable from abstract,Method not specified in abstract,"… The GP experiment, which we replicate and describe in more detail below, uses a real effort task in which subjects position sliders on a screen"
Flexible estimation of demand systems: A copula approach,2018,,"M Velásquez‐Giraldo… - Journal of Applied …, 2018 - Wiley Online Library",8,https://onlinelibrary.wiley.com/doi/abs/10.1002/jae.2651,high,"Chang et al. (2010): ""Demand Systems: A Copula Approach""",Method not specified in abstract,Result not specified in abstract
"Political inequality, centralized sanctioning institutions, and the maintenance of public goods",2018,"CT Dawes, T Johnson","HI Chang, CT Dawes, T Johnson - Bulletin of Economic …, 2018 - Wiley Online Library",8,https://onlinelibrary.wiley.com/doi/abs/10.1111/boer.12140,medium,Not identifiable from abstract,Method not specified in abstract,"… In this paper, we replicate those studies and, then, introduce novel experimental treatments that examine how political inequality influences the co"
Exploring knowledge sharing in a professional network: A Central Eurasian case,2018,"R Fang, O Holmes IV","DL Ford, LL Ziegler, R Fang, O Holmes IV… - … Business and Economics, 2018 - ejbe.org",8,https://www.ejbe.org/EJBE2018Vol11No21p001FORD-ZIEGLER-FANG-HOLMES.pdf,high,Business and Economics 2018,Method not specified in abstract,replicates and extends original
Testing efficient risk sharing with heterogeneous risk preferences: Comment,2018,"A Shrinivas, M Fafchamps","A Shrinivas, M Fafchamps - American Economic Review, 2018 - aeaweb.org",7,https://www.aeaweb.org/articles?id=10.1257/aer.20170413,high,"Mazzocco et al. (2012): ""Efficient Risk Sharing with Heterogeneous Risk Preferences""",Method not specified in abstract,Result not specified in abstract
Measuring skills in developing countries,2018,"K Macours, R Laajaj","K Macours, R Laajaj - 2018 - ideas.repec.org",7,https://ideas.repec.org/p/cpr/ceprdp/13271.html,medium,"Attanasio et al. (2015): ""Estimating the Production Function for Human Capital: Results from a R""",survey data,… the role of skills in economic decisions in developing and developed … We replicate the main parts of the analysis for farmers in … of different ski
Discrete choice experiments on the acceptability of monetary-based health treatments: A replication and extension to deposit contracts,2018,"LM Stedman-Falls, J Dallery, RG Salloum","LM Stedman-Falls, J Dallery, RG Salloum - The Psychological Record, 2018 - Springer",7,https://link.springer.com/article/10.1007/s40732-018-0296-x,high,"Dallery et al. (2005): ""Effects of an internet-based voucher reinforcement program for smoking""; Dallery et al. (2008): ""A deposit contract method to deliver abstinence reinforcement for ciga""; Halpern et al. (2015): ""Randomized trial of four financial-incentive programs for smoking cess""",Method not specified in abstract,effect significance noted
Maximum-entropy tools for economic fitness and complexity,2018,"V Gemmetto, D Garlaschelli","R Krantz, V Gemmetto, D Garlaschelli - Entropy, 2018 - mdpi.com",7,https://www.mdpi.com/1099-4300/20/10/743,high,"Author1 et al. (2010): ""Title of the first replicated paper""; Author3 et al. (2010): ""Title of the second replicated paper""; Author5 et al. (2010): ""Title of the third replicated paper""",Method not specified in abstract,Result not specified in abstract
"The impacts of hookworm eradication in the American South. A replication study of Bleakley (the Quarterly Journal of Economics, 2007)",2018,D Roodman,"D Roodman - … Journal for Re-Views in Empirical Economics (IREE), 2018 - econstor.eu",6,https://www.econstor.eu/handle/10419/190496,high,"Bleakley & Hoyt (2007): ""Disease and Development: Evidence from Hookworm Eradication in the Ame""",cross-country analysis,directional effect found; effect significance noted
A dual theory approach to estimating risk preferences in the parimutuel betting market,2018,J Saastamoinen,"N Suhonen, J Saastamoinen, M Linden - Empirical Economics, 2018 - Springer",6,https://link.springer.com/article/10.1007/s00181-017-1258-x,medium,"Ali & M. (1977): ""Probability and utility estimates for racetrack bettors""; Allais & M. (1953): ""Le comportement de l’homme rationnel devant le risque: Critique des po""; Kahneman et al. (1979): ""Prospect theory: an analysis of decision under risk""","… We replicate previous empirical results and test our alternative empirical approach using … As an application, these results rep","… We replicate previous empirical results and test our alternative empirical approach using … As an application, these results replicate the choice pa"
"Quis custodiet ipsos custodes?: Despite evidence to the contrary, the American Economic Review concluded that all was well with its archive",2018,BD McCullough,"BD McCullough - Economics, 2018 - degruyter.com",6,https://www.degruyter.com/document/doi/10.5018/economics-ejournal.ja.2018-52/html,high,"Choi et al. (2012): ""Predicting the present with Google trends""; Klump et al. (2007): ""Normalized CES supply-side system approach""",different context/setting,Result not specified in abstract
An analysis of scientific research performance in Italy: evaluation criteria and public funding,2018,,"G Guida - International Journal of Economics and Finance, 2018 - scholar.archive.org",6,https://scholar.archive.org/work/ggqo4ijizzeslgbhmlzizczgxy/access/wayback/http://pdfs.semanticscholar.org/6561/53acc602ffc814843f98e4f4e44e306a6bb7.pdf,medium,Not identifiable from abstract,"… From the sampled data processed, we replicate the results (for economics) with bibliometric indexes and present them in the foll","… From the sampled data processed, we replicate the results (for economics) with bibliometric indexes and present them in the following map, highlight"
"Normalized CES supply systems: Replication of Klump, McAdam, and Willman (2007)",2018,KG Stewart,"KG Stewart - Journal of Applied Econometrics, 2018 - Wiley Online Library",5,https://onlinelibrary.wiley.com/doi/abs/10.1002/jae.2591,high,"Klump et al. (2007): ""The Economic Dynamics of the CES Production Function""",Method not specified in abstract,Result not specified in abstract
The contribution of educated workers to firms' efficiency gains: The key role of proximity to the 'local'frontier,2018,V Vandenberghe,"V Vandenberghe - De Economist, 2018 - Springer",5,https://link.springer.com/article/10.1007/s10645-018-9322-2,high,"Vandenbussche et al. (2006): ""Distance to frontier, selection, and economic growth""; Aghion et al. (2009): ""The causal impact of education on economic growth: evidence from the U""",Method not specified in abstract,"Furthermore, we find evidence that workers'education and the labour employed differentials correspond directly with industrial output differentials"
"Inflation and broadband revisited: Evidence from an OECD Panel. A replication study of Yi and Choi (Journal of Policy Modeling, 2005)",2018,K Friesenbichler,"K Friesenbichler - … Journal for Re-Views in Empirical Economics (IREE), 2018 - econstor.eu",4,https://www.econstor.eu/handle/10419/180654,high,"Yi et al. (2005): ""The Impact of Broadband Internet on Inflation: Evidence from OECD Coun""",Method not specified in abstract,"We confirm the direction of the results, but also highlight a series of conceptual and econometric issues in the original contribution that need to be"
Trends in state government park and recreation: Expenditures and employment–2000 to 2014,2018,"N Pitas, BD Taff","N Pitas, AG Barrett, BD Taff… - Journal of Park and …, 2018 - researchgate.net",4,https://www.researchgate.net/profile/Nick-Pitas/publication/328944696_Trends_in_State_Government_Park_and_Recreation_Expenditures_and_Employment_-_2000_to_2014/links/5bf310ef299bf1124fde5e65/Trends-in-State-Government-Park-and-Recreation-Expenditures-and-Employment-2000-to-2014.pdf,high,"Crompton et al. (2004): ""The impact of parks and recreation on property values: A review of the""",Method not specified in abstract,Result not specified in abstract
"A Replication of “Do Voters Affect or Elect Policies? Evidence from the US House” (Quarterly Journal of Economics, 2004)",2018,P Button,"P Button - Public Finance Review, 2018 - journals.sagepub.com",4,https://journals.sagepub.com/doi/abs/10.1177/1091142117721739,high,"Lee et al. (2004): ""Do Voters Affect or Elect Policies? Evidence from the US House""",new/different dataset,same results
"Normalized CES supply-side system approach: how to replicate Klump, McAdam, and Willman (2007)",2018,"GE Daniels Jr, V Kakar","GE Daniels Jr, V Kakar - Economics, 2018 - degruyter.com",4,https://www.degruyter.com/document/doi/10.5018/economics-ejournal.ja.2018-19/html,high,"Klump et al. (2007): ""The Economic Effects of the New Keynesian Phillips Curve""",survey data,Result not specified in abstract
Social responsible behavior of credit co-operatives–A replication study of an Austrian example,2018,D Roessl,"D Roessl, G Rabong - Journal of Co …, 2018 - hubble-live-assets.s3.amazonaws …",4,http://hubble-live-assets.s3.amazonaws.com/uk-society-for-co-operative-studies/redactor2_assets/files/196/S03-RoesslRabong-152.pdf,high,Not identifiable from abstract,"… This study was replicated in 2016 to uncover possible changes in the perception of CSR … Moreover, the data from this paper sugg",Result not specified in abstract
Precious property or magnificent money? How money salience but not temperature priming affects first-offer anchors in economic transactions,2018,"YM Leusch, DD Loschelder, F Basso","YM Leusch, DD Loschelder, F Basso - Frontiers in Psychology, 2018 - frontiersin.org",4,https://www.frontiersin.org/articles/10.3389/fpsyg.2018.01099/full,high,"Klein et al. (2014): ""The anchoring effect in negotiations: A meta-analysis""; Galinsky et al. (2001): ""First offers as anchors: The role of perspective-taking in negotiation""; Loschelder et al. (2016): ""The impact of first offers on negotiation outcomes: A meta-analysis""",… We attempted to replicate these coldness findings for price anchors in a distributive … of how the focus on negotiation resource,Result not specified in abstract
Microplots and food security: encouraging replication studies of policy relevant research,2018,"BDK Wood, M Vasquez","BDK Wood, M Vasquez - Economics, 2018 - degruyter.com",4,https://www.degruyter.com/document/doi/10.5018/economics-ejournal.ja.2018-50/html,high,"Choi et al. (2012): ""Predicting the present with Google trends""; Wood et al. (2018): ""Microplots and food security: encouraging replication studies of polic""",survey data,Result not specified in abstract
A Factor Augmented Vector Autoregressive (FAVAR) approach for Monetary Policy: Replication of the empirical results in “Measuring the effects of Monetary Policy”,2018,,"D Luvsannyam, K Batmunkh - 2018 - mpra.ub.uni-muenchen.de",3,https://mpra.ub.uni-muenchen.de/id/eprint/89814,high,"Bernanke et al. (2005): ""Measuring the Effects of Monetary Policy: A Factor-Augmented Vector Au""",same design/methodology,"… We replicate the results of Bernanke, Boivin and Eliasz (2005) by using same specification (… Economic Data (FRED) database to take all series1"
A replication study: Understanding Muslims' support for suicide bombing in West Africa,2018,CC Fair,"CC Fair, S Savla - Available at SSRN 3226690, 2018 - papers.ssrn.com",3,https://papers.ssrn.com/sol3/papers.cfm?abstract_id=3226690,high,"Fair et al. (2013): ""The Role of Economic Conditions in Terrorist Mobilization""",Method not specified in abstract,Result not specified in abstract
Genetic diversity and economic development: Assessing the key findings in Ashraf and Galor (2013),2018,"R Caraher, M Ash","R Caraher, M Ash - 2018 - scholarworks.umass.edu",2,https://scholarworks.umass.edu/items/7f6299ca-9338-4db3-b951-370ab7cc27bd,high,"Ashraf et al. (2013): ""The 'Out of Africa' Hypothesis, Human Genetic Diversity, and Comparati""",Method not specified in abstract,Result not specified in abstract
Exchange rates expectations and chaotic dynamics: a replication study,2018,,"J Belaire-Franch - Economics, 2018 - degruyter.com",2,https://www.degruyter.com/document/doi/10.5018/economics-ejournal.ja.2018-37/html,high,"Resende et al. (2016): ""Exchange rates expectations and chaotic dynamics""",survey data,Result not specified in abstract
Comparing cross‐country estimates of Lorenz curves using a Dirichlet distribution across estimators and datasets,2018,"AC Chang, P Li","AC Chang, P Li, SM Martin - Journal of Applied Econometrics, 2018 - Wiley Online Library",2,https://onlinelibrary.wiley.com/doi/abs/10.1002/jae.2595,medium,Not identifiable from abstract,Method not specified in abstract,… We replicate a majority of CG's three main findings
Misclassification error when identifying job stayers in the Current Population Survey,2018,CS Eck,CS Eck - 2018 - accessecon.com,2,http://www.accessecon.com/Pubs/EB/2018/Volume38/EB-18-V38-I2-P104.pdf,high,Not identifiable from abstract,Method not specified in abstract,Result not specified in abstract
Uncertainty and the US economy: an investigation of the economic effects of economic policy uncertainty shocks originating in the US and Europe,2018,A Curth,"A Curth - Undergraduate thesis, Rotterdam: Erasmus University …, 2018 - thesis.eur.nl",2,https://thesis.eur.nl/pub/43919/Curth.pdf,high,Not identifiable from abstract,Method not specified in abstract,effect significance noted
Unifying National Income Inequality and Regional Economic Divergence,2018,R Manduca,R Manduca - 2018 - osf.io,2,https://osf.io/preprints/socarxiv/9hmes/,medium,Not identifiable from abstract,Method not specified in abstract,Result not specified in abstract
"A replication of 'Education and catch-up in the Industrial Revolution'(American Economic Journal: Macroeconomics, 2011)",2018,,"J Edwards - Economics, 2018 - degruyter.com",1,https://www.degruyter.com/document/doi/10.5018/economics-ejournal.ja.2018-3/html,high,"Acemoglu et al. (2011): ""The Colonial Origins of Comparative Development: An Empirical Investig""",survey data,Result not specified in abstract
On the financial connectedness of the commodity market: a replication of the Diebold and Yilmaz (2012) study,2018,"A Cipollini, S Muzzioli","F Caloia, A Cipollini, S Muzzioli - DEMB WORKING PAPER …, 2018 - iris.unimore.it",1,https://iris.unimore.it/handle/11380/1167023,high,"Diebold et al. (2012): ""Better to give than to receive: Predictive directional measurement of """,Method not specified in abstract,… Silvia Muzziolic Department of Economics University of Modena and Reggio Emilia Abstract: In this paper we replicate the Diebold and Yilmaz (2012) s
"Malaria eradication in the Americas: A replication study of Bleakley (American Economic Journal. Applied Economics, 2010)",2018,D Roodman,"D Roodman - … Journal for Re-Views in Empirical Economics (IREE), 2018 - econstor.eu",1,https://www.econstor.eu/handle/10419/192939,high,"Bleakley & Hoyt (2010): ""Malaria eradication in the Americas: A re-examination of the effects o""",Method not specified in abstract,Result not specified in abstract
"Verifying the internal validity of a flagship rct: A review of crépon, devoto, duflo and pariente (american economic journal: Applied economics, 2015)",2018,"F Bédécarrats, I Guérin","F Bédécarrats, I Guérin, S Morvant-Roux… - DIAL (Développement …, 2018 - ideas.repec.org",1,https://ideas.repec.org/p/dia/wpaper/dt201809.html,medium,"Crépon et al. (2015): ""Estimating the Impact of Microcredit on Those Who Take It Up: Evidence""",Method not specified in abstract,directional effect found; effect significance noted
Gender Differences in Relative Risk Aversion with Data from the US Federal Reserve Board's Survey of Consumer Finances,2018,E Korkou,"E Korkou - International Journal of Business and Economics, 2018 - ijbe.fcu.edu.tw",1,https://ijbe.fcu.edu.tw/assets/ijbe/past_issue/No.17-3/pdf/vol_17-3-1.pdf,high,Not identifiable from abstract,Method not specified in abstract,"… Employing Repeated-Imputation Inference (RII) techniques, we replicate existing results from the 1989 SCF and seek new results from the 2013 SCF"
Replication Data for:'Household Time Use Among Older Couples: Evidence and Implications for Labor Supply Parameters',2018,"R Rogerson, J Wallenius","R Rogerson, J Wallenius - 2018 - research.hhs.se",1,https://research.hhs.se/esploro/outputs/dataset/Replication-Data-for-Household-Time-Use/991001532899406056?institution=46SSOE_INST,high,"Rogerson et al. (2019): ""Household Time Use Among Older Couples: Evidence and Implications for """,Method not specified in abstract,Result not specified in abstract
Curvilinear Relationship between Diversification and Performance: A Replication and Extension of Previous Research,2018,E Scifres,"P Stetz, E Scifres - 2018 - scholarworks.sfasu.edu",1,https://scholarworks.sfasu.edu/management_facultypubs/19/,high,Not identifiable from abstract,Method not specified in abstract,Result not specified in abstract
"Gender and risk taking: in need of replication, structure and common sense",2018,M Adamus,"M Adamus, K Dudeková - Science, 2018 - cogsci.fmph.uniba.sk",1,http://cogsci.fmph.uniba.sk/kuz2019/files/zbornik/adamus-dudekova.pdf,high,Pedroni et al. 2017); Camerer et al. (2016,"A starting point was our recent study (Adamus, Dudeková 2018) which failed to replicate any of the effects observed by the origina",fails to replicate; mixed results; effect significance noted
Replication in experimental economics: A historical and quantitative approach focused on public good game experiments,2018,"D Jullien, N Vallois","D Jullien, N Vallois - The Center for the History of Political …, 2018 - papers.ssrn.com",1,https://papers.ssrn.com/sol3/papers.cfm?abstract_id=3116245,high,Not identifiable from abstract,Method not specified in abstract,Result not specified in abstract
"A Replication of “Bank Competition and Financial Stability: Much Ado About Nothing?”(Journal of Economic Surveys, 2016)",2018,"S Bandaranayake, KK Das, WR Reed","S Bandaranayake, KK Das, WR Reed - 2018 - ideas.repec.org",0,https://ideas.repec.org/p/cbt/econwp/18-18.html,high,"Zigraiova et al. (2016): ""Bank Competition and Financial Stability: Much Ado About Nothing?""",meta-analysis,"While our “Repetition” replication produced a high match rate with Z&H's data, we found that the meta-regression analysis was substantively impacted b"
"Federal minimum wage hikes do reduce teenage employment. A replication study of Bazen & Marimoutou (Oxford Bulletin of Economics and Statistics, 2002)",2018,S Bazen,"S Bazen, V Marimoutou - … for Re-Views in Empirical Economics, 2018 - shs.hal.science",0,https://shs.hal.science/halshs-01981119/,high,"Bazen et al. (2002): ""Minimum wage and teenage employment: A state space approach""",Method not specified in abstract,Result not specified in abstract
Returns to Early Formal Education: A Replication of Leuven et al.(2010),2018,"AI Ali, AK Menclova","AI Ali, AK Menclova - 2018 - ideas.repec.org",0,https://ideas.repec.org/p/cbt/econwp/18-19.html,high,"Leuven et al. (2010): ""Expanding schooling opportunities for 4-year-olds""",Method not specified in abstract,Result not specified in abstract
Online Appendix for A factor augmented vector autoregressive (FAVAR) approach for monetary policy: Replication of the empirical results in Measuring the …,2018,,"D Luvsannyam, K Batmunkh - EXCHANGE, 2018 - journaldata.zbw.eu",0,https://journaldata.zbw.eu/dataset/f27a7381-e329-41e9-a845-9b327f4d4992/resource/ffbd346d-e7e0-4e4c-8b73-a56472c55cc3/download/lb-appendix.pdf,high,Not identifiable from abstract,Method not specified in abstract,Empirical results show that a smaller flexible model-strategy combination performs better in terms of expected return and risk than a larger basic mod
Replication and reconciling of the CICE evaluations on employment (2013-2014),2018,,"R Monin, MS Castillo - 2018 - ideas.repec.org",0,https://ideas.repec.org/p/nse/doctra/g2018-11.html,high,"TEPP & LIEPP (2016): ""CICE evaluations on employment""",instrumental variables,consistent with original; directional effect found; effect significance noted
The Effects of Land Titling on the Urban Poor: A Replication of Property Rights for the Poor,2018,"P Winters, D Cameron, E Whitney","P Winters, D Cameron, E Whitney - Journal of Development …, 2018 - papers.ssrn.com",0,https://papers.ssrn.com/sol3/papers.cfm?abstract_id=3306575,high,"Galiani et al. (2005): ""Property Rights for the Poor: Effects of Land Titling""",Method not specified in abstract,… We replicate the analysis of Sebastian Galiani and Ernesto Shargrodsky's (GS) influential … provided by GS allow only a limited replication analysis
"A replication of"" Inherited Trust and Growth""",2018,,"C Eder - Economics Bulletin, 2018 - accessecon.com",0,http://www.accessecon.com/Pubs/EB/2018/Volume38/EB-18-V38-I1-P55.pdf,high,"Algan et al. (2010): ""Inherited Trust and Growth""",robustness check,original data issue found; directional effect found; effect significance noted
"Replication of Goolsbee, Lovenheim, and Slemrod's “Playing with Fire: Cigarettes, Taxes, and Competition from the Internet”(American Economic Journal: Economic …",2018,E Satterthwaite,"E Satterthwaite - Public Finance Review, 2018 - journals.sagepub.com",0,https://journals.sagepub.com/doi/abs/10.1177/1091142117690437,high,"Goolsbee et al. (2010): ""Playing with Fire: Cigarettes, Taxes, and Competition from the Interne""",robustness check,Result not specified in abstract
Giving to the Government: A Replication and Two Extensions.,2018,"RA Luccasen III, MK Thomas","RA Luccasen III, MK Thomas - Available at SSRN 3205456, 2018 - papers.ssrn.com",0,https://papers.ssrn.com/sol3/papers.cfm?abstract_id=3205456,high,Not identifiable from abstract,edgeR is a Bioconductor software package for examining differential expression of replicated count data,extends original findings; effect significance noted
Progresso Tecnologico Endogeno e Fattori Determinanti della Crescita di Lungo Periodo,2018,,R NORBIATO - 2018 - unitesi.unito.it,0,https://unitesi.unito.it/handle/20.500.14240/50418,high,"Mankiw et al. (1992): ""A Contribution to the Empirics of Economic Growth""; Romer & M. (1990): ""Endogenous Technological Change""; Jones & I. (1995): ""R&D-Based Models of Economic Growth""",Method not specified in abstract,Result not specified in abstract
Attentional processing: Replication and extension of selection bias as a predictor of intertemporal choice behavior,2018,,D Rutter - 2018 - commons.lib.jmu.edu,0,https://commons.lib.jmu.edu/context/master201019/article/1583/viewcontent/auto_convert.pdf,high,Watkins et al. (2016),The present study replicated selection bias using a titration procedure and Area Under the Curve scores,Result not specified in abstract
"Low Socio-Economic Status and Self-esteem among Moroccans, students of Ouarzazaete city, as a key study.",2018,,E OUTBIR - academia.edu,0,https://www.academia.edu/download/57181255/Socio-Economic_Status_and_Self-esteem.pdf,high,"Azhar & A. (2012): ""The Impact of Traditional Social Stratification on Self Esteem of Stud""",Method not specified in abstract,directional effect found; effect significance noted
Replicating and extending” Testing and Valuing Dynamic Correlations for Asset Allocation”,2018,,S Rigter - 2018 - thesis.eur.nl,0,https://thesis.eur.nl/pub/43788/Rigter.pdf,high,"West et al. (1997): ""Mean Reversion in Stock Prices: Evidence and Implications""",Method not specified in abstract,"The empirical results show that the less codifiable and the harder to teach is the technology, the more likely the transfer will be to wholly owned op"
"DEPARTMENT OF ECONOMICS AND FINANCE SCHOOL OF BUSINESS AND ECONOMICS UNIVERSITY OF CANTERBURY CHRISTCHURCH, NEW …",2018,,"WR Reed, L Röseler, M Saam, L Wallrich - 2018 - repec.canterbury.ac.nz",0,https://repec.canterbury.ac.nz/cbt/econwp/1822.pdf,high,Not identifiable from abstract,new/different dataset,Result not specified in abstract
The Prevalence of Conditional Cooperation: A Replication Study in Egypt,2018,E Amin,"E Amin - Available at SSRN 3280926, 2018 - papers.ssrn.com",0,https://papers.ssrn.com/sol3/papers.cfm?abstract_id=3280926,high,"Fischbacher et al. (2006): ""Heterogeneous social norms and the emergence of conditional cooperatio""",Method not specified in abstract,Result not specified in abstract
… the Contribution of Self-Regulation and Executive Function Skills to School Readiness and Longer-Term Achievement Gaps: A Replication and Extension in …,2018,,JK Finders - 2018 - ir.library.oregonstate.edu,0,https://ir.library.oregonstate.edu/concern/graduate_thesis_or_dissertations/mp48sk264,high,Not identifiable from abstract,Method not specified in abstract,directional effect found; effect significance noted
"Replication: Macroeconomic Uncertainty, Stock Market Risk and Potential Outcomes Causality",2018,JG Astaiza-Gómez,"JG Astaiza-Gómez - Stock Market Risk and Potential Outcomes …, 2018 - papers.ssrn.com",0,https://papers.ssrn.com/sol3/papers.cfm?abstract_id=2947314,high,Not identifiable from abstract,Method not specified in abstract,Result not specified in abstract
Size and value in China,2019,"RF Stambaugh, Y Yuan","J Liu, RF Stambaugh, Y Yuan - Journal of financial economics, 2019 - Elsevier",741,https://www.sciencedirect.com/science/article/pii/S0304405X19300625,high,"Fama et al. (1993): ""Common risk factors in the returns on stocks and bonds""",Method not specified in abstract,Result not specified in abstract
Influential observations and inference in accounting research,2019,"AJ Leone, M Minutti-Meza","AJ Leone, M Minutti-Meza… - The Accounting …, 2019 - publications.aaahq.org",384,https://publications.aaahq.org/accounting-review/article-abstract/94/6/337/4342,low,"Authors of the first replicated study (Year): ""Title of the first replicated study""; Authors of the second replicated study (Year): ""Title of the second replicated study""; Authors of the third replicated study (Year): ""Title of the third replicated study""",Method not specified in abstract,Result not specified in abstract
Family health behaviors,2019,"I Fadlon, TH Nielsen","I Fadlon, TH Nielsen - American Economic Review, 2019 - aeaweb.org",280,https://www.aeaweb.org/articles?id=10.1257/aer.20171993,medium,"Fadlon et al. (2019): ""Family Health Behaviors""",Method not specified in abstract,… THE AMERICAN ECONOMIC REVIEW … we replicate the main findings for the average spillover impact on the next generation of adult children (in online A
Dynamic norms drive sustainable consumption: Norm-based nudging helps café customers to avoid disposable to-go-cups,2019,"DD Loschelder, H Siepelmeyer, D Fischer","DD Loschelder, H Siepelmeyer, D Fischer… - Journal of Economic …, 2019 - Elsevier",234,https://www.sciencedirect.com/science/article/pii/S0167487018303155,high,Not identifiable from abstract,pre-registered replication; conceptual replication; online survey/experiment,Result not specified in abstract
Some recent explanations of income inequality,2019,,"E Weede, H Tiefenbach - The Gap Between Rich and Poor, 2019 - taylorfrancis.com",199,https://www.taylorfrancis.com/chapters/edit/10.4324/9780429311208-19/recent-explanations-income-inequality-erich-weede-horst-tiefenbach,high,"Rubinson & Richard (1976): ""Income Inequality and Economic Development""",Method not specified in abstract,fails to replicate
Incentivized resume rating: Eliciting employer preferences without deception,2019,"JB Kessler, C Low, CD Sullivan","JB Kessler, C Low, CD Sullivan - American Economic Review, 2019 - aeaweb.org",190,https://www.aeaweb.org/articles?id=10.1257/aer.20181714,high,"Kessler et al. (2019): ""Incentivized Resume Rating: Eliciting Employer Preferences without Dec""",Method not specified in abstract,Result not specified in abstract
A new economic policy uncertainty index for Spain,2019,"C Ghirelli, JJ Pérez, A Urtasun","C Ghirelli, JJ Pérez, A Urtasun - Economics Letters, 2019 - Elsevier",185,https://www.sciencedirect.com/science/article/pii/S0165176519301806,low,Not identifiable from abstract,Method not specified in abstract,Result not specified in abstract
Economic grievances and political protest,2019,"T Kurer, S Häusermann, B Wüest","T Kurer, S Häusermann, B Wüest… - European Journal of …, 2019 - Wiley Online Library",178,https://ejpr.onlinelibrary.wiley.com/doi/abs/10.1111/1475-6765.12318,high,"Rehm & Philipp (2016): ""Risk Inequality and Political Participation""","… Ultimately, we measure economic grievances on the basis of objective economic data but … Rehm 2016) and we are able to replicate",Result not specified in abstract
Revisiting the farm size‐productivity relationship based on a relatively wide range of farm sizes: Evidence from Kenya,2019,"M Muyanga, TS Jayne","M Muyanga, TS Jayne - … Journal of Agricultural Economics, 2019 - Wiley Online Library",176,https://onlinelibrary.wiley.com/doi/abs/10.1093/ajae/aaz003,high,Not identifiable from abstract,"… Our analysis replicates the conventional IR result found in the literature using a restricted sample of small-scale farms, but w","… Our analysis replicates the conventional IR result found in the literature using a restricted sample of small-scale farms, but we find that the farm"
Tax policy and economic growth: does it really matter?,2019,"P Profeta, R Puglisi, S Scabrosetti","D Baiardi, P Profeta, R Puglisi, S Scabrosetti - International tax and public …, 2019 - Springer",142,https://link.springer.com/article/10.1007/s10797-018-9494-3,high,"Arnold et al. (2011): ""Tax policy for economic recovery and growth""",Method not specified in abstract,Result not specified in abstract
SNAP benefits and crime: Evidence from changing disbursement schedules,2019,"JB Carr, A Packham","JB Carr, A Packham - Review of Economics and Statistics, 2019 - direct.mit.edu",141,https://direct.mit.edu/rest/article-abstract/101/2/310/58516,high,Not identifiable from abstract,… We also replicate the policy change analysis from section VA using data from Indiana,Result not specified in abstract
Globalization and the growing defects of international economic statistics,2019,"L Linsi, DK Mügge","L Linsi, DK Mügge - Review of international political economy, 2019 - Taylor & Francis",132,https://www.tandfonline.com/doi/abs/10.1080/09692290.2018.1560353,low,"Rose & K. (2000): ""One Money, One Market: Estimating the Effect of Common Currencies on T""",… We replicated Rose's finding with the latest version of the IMF DOTS data,Result not specified in abstract
"FDI, income, and environmental pollution in Latin America: Replication and extension using panel quantiles regression analysis",2019,"CT Albulescu, AK Tiwari, SM Yoon, SH Kang","CT Albulescu, AK Tiwari, SM Yoon, SH Kang - Energy Economics, 2019 - Elsevier",128,https://www.sciencedirect.com/science/article/pii/S0140988319302853,high,"Sapkota et al. (2017): ""Foreign Direct Investment, Income, and Environmental Pollution in Lati""",Method not specified in abstract,Result not specified in abstract
Green consumption does not make people cheat: Three attempts to replicate moral licensing effect due to pro-environmental behavior,2019,"Š Bahník, MB Kohlová","J Urban, Š Bahník, MB Kohlová - Journal of Environmental Psychology, 2019 - Elsevier",115,https://www.sciencedirect.com/science/article/pii/S0272494418304225,high,"Mazar et al. (2010): ""Do Green Products Make Us Better People?""",close replication,Result not specified in abstract
Learning from mum: Cross-national evidence linking maternal employment and adult children's outcomes,2019,M Ruiz Castro,"KL McGinn, M Ruiz Castro… - Work, Employment and …, 2019 - journals.sagepub.com",114,https://journals.sagepub.com/doi/abs/10.1177/0950017018760167,high,Not identifiable from abstract,"… ' socio-economic status, social class was replicated in the jobs … data set (ISSP) and replicating in another pan-European … lar",Result not specified in abstract
The effects of facial attractiveness and trustworthiness in online peer-to-peer markets,2019,"B Jaeger, WWA Sleegers, AM Evans, M Stel","B Jaeger, WWA Sleegers, AM Evans, M Stel… - Journal of Economic …, 2019 - Elsevier",113,https://www.sciencedirect.com/science/article/pii/S0167487018302794,high,Not identifiable from abstract,new/different dataset; pre-registered replication; larger sample/higher power,"Our results support the general conclusion that people rely on profile photos in online markets, though we find that attractiveness is more important "
Volatility estimation for Bitcoin: Replication and robustness,2019,O Darné,"A Charles, O Darné - International Economics, 2019 - Elsevier",108,https://www.sciencedirect.com/science/article/pii/S2110701718300088,high,"Katsiampa & Paraskevas (2017): ""Volatility estimation for Bitcoin: A GARCH approach""",extends original sample/period,"The results show that the six GARCH-type models studied, namely GARCH-type models characterized by short memory, asymmetric effects, or long-run and s"
"Trust, ethnic diversity, and personal contact: A field experiment",2019,"H Finseraas, T Hanson, ÅA Johnsen","H Finseraas, T Hanson, ÅA Johnsen… - … of Public Economics, 2019 - Elsevier",105,https://www.sciencedirect.com/science/article/pii/S0047272719300209,medium,Not identifiable from abstract,Method not specified in abstract,"… We replicate the result that individuals coming from more ethnically diverse areas trust minorities less, but random assignment to interact with min"
No evidence that economic inequality moderates the effect of income on generosity,2019,"SC Schmukle, B Egloff","SC Schmukle, M Korndörfer, B Egloff - Proceedings of the National …, 2019 - pnas.org",99,https://www.pnas.org/doi/abs/10.1073/pnas.1807942116,high,"Piff et al. (2010): ""Higher social class predicts increased unethical behavior""",Method not specified in abstract,fails to replicate
"The causal relationship between energy consumption, energy prices and economic growth in Asian developing countries: A replication",2019,"A Carfora, RV Pansini, G Scandurra","A Carfora, RV Pansini, G Scandurra - Energy Strategy Reviews, 2019 - Elsevier",96,https://www.sciencedirect.com/science/article/pii/S2211467X18301160,high,Not identifiable from abstract,Method not specified in abstract,"… The economic and demographic growth is accompanied by an increase in energy per … such a different economic, productive and demographic scenario, we"
Food versus fuel: An updated and expanded evidence,2019,"K Janda, L Kristoufek, D Zilberman","O Filip, K Janda, L Kristoufek, D Zilberman - Energy Economics, 2019 - Elsevier",90,https://www.sciencedirect.com/science/article/pii/S0140988317303742,high,"Zhang et al. (2010): ""Food versus fuel: What do prices tell us?""",Method not specified in abstract,Result not specified in abstract
"Fiscal policy, potential output, and the shifting goalposts",2019,A Fatás,"A Fatás - IMF Economic Review, 2019 - Springer",90,https://link.springer.com/article/10.1057/s41308-019-00087-z,low,"Blanchard et al. (2013): ""Growth Forecast Errors and Fiscal Multipliers""; Fatas et al. (2009): ""The Effects of Fiscal Policy on Consumption and Employment""; Fatas & Antonio (2018): ""The Role of Fiscal Policy in the Economic Recovery""",Method not specified in abstract,Result not specified in abstract
Health and voting in young adulthood,2019,"C Ojeda, J Pacheco","C Ojeda, J Pacheco - British Journal of Political Science, 2019 - cambridge.org",86,https://www.cambridge.org/core/journals/british-journal-of-political-science/article/health-and-voting-in-young-adulthood/CE35D28E62EBDF9E8633ABAE531DA8FA,high,Not identifiable from abstract,Method not specified in abstract,Result not specified in abstract
In search of sustainable behaviour: The role of core values and personality traits,2019,,"J Marcus, J Roy - Journal of Business Ethics, 2019 - Springer",78,https://link.springer.com/article/10.1007/s10551-017-3682-4,low,"Ashton et al. (2005): ""Honesty–humility, the big five, and the five-factor model""",Method not specified in abstract,not fully replicated; successfully replicates
Attitudes toward economic inequality: The illusory agreement,2019,"RT Pedersen, DC Mutz","RT Pedersen, DC Mutz - Political Science Research and Methods, 2019 - cambridge.org",77,https://www.cambridge.org/core/journals/political-science-research-and-methods/article/attitudes-toward-economic-inequality-the-illusory-agreement/91EFFDC6B9E10C61624473A55013AAA3,high,"Kiatpongsan et al. (2014): ""How Much (More) Should CEOs Make? A Universal Desire for More Equal Pa""",Method not specified in abstract,"… In Model 1 we replicate the previous findings from Kiatpongsan and Norton (2014) and others, showing that respondents' attitudes toward economic ine"
Economic reasoning with a racial hue: is the immigration consensus purely race neutral?,2019,"BJ Newman, N Malhotra","BJ Newman, N Malhotra - The Journal of Politics, 2019 - journals.uchicago.edu",75,https://www.journals.uchicago.edu/doi/abs/10.1086/700109,medium,Not identifiable from abstract,"… First, we replicate with our data the finding that racial differences in the skill premium are … as economic reasoning with a ra","… First, we replicate with our data the finding that racial differences in the skill premium are … as economic reasoning with a racial hue"
Economic development and democracy: An electoral connection,2019,"CH Knutsen, J Gerring, SE Skaaning","CH Knutsen, J Gerring, SE Skaaning… - European Journal of …, 2019 - Wiley Online Library",74,https://ejpr.onlinelibrary.wiley.com/doi/abs/10.1111/1475-6765.12282,medium,Not identifiable from abstract,Method not specified in abstract,"We argue that economic … Thus, we replicate the tests in Tables 2 and 3 using Urbanisation"
Revisiting the effect of warrantless domestic violence arrest laws on intimate partner homicides,2019,S Cunningham,"YM Chin, S Cunningham - Journal of Public Economics, 2019 - Elsevier",73,https://www.sciencedirect.com/science/article/pii/S0047272719301331,high,"Iyengar & Radha (2009): ""The Effect of Warrantless Domestic Violence Arrest Laws on Intimate Pa""",Method not specified in abstract,Result not specified in abstract
A comparison of machine learning model validation schemes for non-stationary time series data,2019,M Schnaubelt,M Schnaubelt - 2019 - econstor.eu,73,https://www.econstor.eu/handle/10419/209136,high,"Author1 et al. (Year): ""Title of the original statistical arbitrage study""",out-of-sample test,Result not specified in abstract
How do normalization schemes affect net spillovers? A replication of the Diebold and Yilmaz (2012) study,2019,"FG Caloia, A Cipollini, S Muzzioli","FG Caloia, A Cipollini, S Muzzioli - Energy Economics, 2019 - Elsevier",69,https://www.sciencedirect.com/science/article/pii/S0140988319303317,high,"Diebold et al. (2012): ""Better to Give Than to Receive: Predictive Directional Measurement of """,Method not specified in abstract,Result not specified in abstract
On the long term effects of the 1918 US influenza pandemic,2019,"R Brown, D Thomas","R Brown, D Thomas - 2019 - ibread.org",69,https://www.ibread.org/wp-content/uploads/2021/03/wp_569.pdf,high,"Almond et al. (2009): ""Childhood Circumstances and Adult Outcomes: Act II""",Method not specified in abstract,effect significance noted
Estimating the volatility of cryptocurrencies during bearish markets by employing GARCH models,2019,ΝA Kyriazis,"ΝA Kyriazis, K Daskalou, M Arampatzis, P Prassa… - Heliyon, 2019 - cell.com",68,https://www.cell.com/heliyon/fulltext/S2405-8440(19)35899-2,medium,Not identifiable from abstract,Method not specified in abstract,Result not specified in abstract
Explaining governmental preferences on economic and monetary union reform,2019,"S Târlea, S Bailer, H Degner","S Târlea, S Bailer, H Degner… - European Union …, 2019 - journals.sagepub.com",67,https://journals.sagepub.com/doi/abs/10.1177/1465116518814336,medium,Not identifiable from abstract,Method not specified in abstract,Result not specified in abstract
"… differences in welfare chauvinism between and within individuals over time: The role of subjective and objective economic risk, economic egalitarianism, and ethnic …",2019,"M Kros, M Coenders","M Kros, M Coenders - European Sociological Review, 2019 - academic.oup.com",67,https://academic.oup.com/esr/article-abstract/35/6/860/5519994,medium,Not identifiable from abstract,Method not specified in abstract,Result not specified in abstract
Student understanding of graph slope and area under a curve: A replication study comparing first-year physics and economics students,2019,"P Klein, S Küchemann","P Klein, S Küchemann, S Brückner… - Physical Review Physics …, 2019 - APS",64,https://journals.aps.org/prper/abstract/10.1103/PhysRevPhysEducRes.15.020116,high,Not identifiable from abstract,Method not specified in abstract,Result not specified in abstract
Do risk attitudes reflect in the eye of the beholder?,2019,"BA Mellers, A Schwartz, EU Weber","BA Mellers, A Schwartz, EU Weber - Choice, decision, and …, 2019 - taylorfrancis.com",63,https://www.taylorfrancis.com/chapters/edit/10.4324/9781315789408-5/risk-attitudes-reflect-eye-beholder-barbara-mellers-alan-schwartz-elke-weber,low,"Mellers et al. (1997): ""Risk as a Source of Bias in Decision Making""",Method not specified in abstract,Result not specified in abstract
Short-sighted greed? Focusing on the future promotes reputation-basedgenerosity,2019,H Sjåstad,"H Sjåstad - Judgment and Decision making, 2019 - cambridge.org",62,https://www.cambridge.org/core/journals/judgment-and-decision-making/article/shortsighted-greed-focusing-on-the-future-promotes-reputationbasedgenerosity/9681778E0761E389124A8C81D943C737,high,Not identifiable from abstract,Method not specified in abstract,Result not specified in abstract
Difficulty of reaching respondents and nonresponse Bias: Evidence from large government surveys,2019,O Heffetz,"O Heffetz, DB Reeves - Review of Economics and Statistics, 2019 - direct.mit.edu",59,https://direct.mit.edu/rest/article-abstract/101/1/176/58655,high,"Heffetz et al. (2013): ""Checking the Accuracy of Survey Responses""","… to replicate the main findings in Heffetz and Rabin (2013) and then, as BRFSS data have been used by economists to … In general,",Result not specified in abstract
A multidimensional understanding of prosperity and well-being at country level: Data-driven explorations,2019,"M Joshanloo, V Jovanović","M Joshanloo, V Jovanović, T Taylor - PloS one, 2019 - journals.plos.org",58,https://journals.plos.org/plosone/article?id=10.1371/journal.pone.0223221,high,"Joshanloo et al. (2019): ""A multidimensional understanding of prosperity and well-being at count""",This structure was replicated in data from previous years and with a partially different set of variables,Result not specified in abstract
Antecedents and consequences of self-congruity: replication and extension,2019,"ECX Aw, LR Flynn","ECX Aw, LR Flynn, HX Chong - Journal of Consumer Marketing, 2019 - emerald.com",58,https://www.emerald.com/insight/content/doi/10.1108/jcm-10-2017-2424/full/html,high,Not identifiable from abstract,Method not specified in abstract,Result not specified in abstract
Recent drivers of the real oil price: Revisiting and extending Kilian's (2009) findings,2019,"G Kim, D Vera","G Kim, D Vera - Energy Economics, 2019 - Elsevier",55,https://www.sciencedirect.com/science/article/pii/S0140988317304401,high,"Kilian & Lutz (2009): ""Not All Oil Price Shocks Are Alike: Disentangling Demand and Supply Sh""",Method not specified in abstract,Result not specified in abstract
Attitudes toward asylum seekers: Evidence from Germany,2019,"A Hager, S Veit","A Hager, S Veit - Public Opinion Quarterly, 2019 - academic.oup.com",55,https://academic.oup.com/poq/article-abstract/83/2/412/5548900,medium,"Bansak et al. (2017): ""The Effect of Information on Public Support for Refugees: Evidence fro""",Method not specified in abstract,replicates and extends original
Can cultural consumption increase future earnings? Exploring the economic returns to cultural capital,2019,"A Reeves, R De Vries","A Reeves, R De Vries - The British journal of sociology, 2019 - Wiley Online Library",53,https://onlinelibrary.wiley.com/doi/abs/10.1111/1468-4446.12374,medium,Not identifiable from abstract,Method not specified in abstract,"… To check the reliability of our findings we replicate our analysis with the British Household Panel Survey, which preceded USoc and allows us to tes"
"Economic incentives, home production and gender identity norms",2019,"A Ichino, M Olsson, B Petrongolo, P Skogman Thoursie","A Ichino, M Olsson, B Petrongolo, P Skogman Thoursie - 2019 - econstor.eu",51,https://www.econstor.eu/handle/10419/202737,high,"Ichino et al. (2019): ""Economic Incentives, Home Production and Gender Identity Norms""","… We replicate this result on a sample of 2000 and 2010 LNU respondents, selected using the same criteria of our main sample, ie d","… We replicate this result on a sample of 2000 and 2010 LNU respondents, selected using the same criteria of our main sample, ie dual earner couples w"
Capital-labour-energy substitution in a nested CES framework: A replication and update of Kemfert (1998),2019,"A Henningsen, G Henningsen, E van der Werf","A Henningsen, G Henningsen, E van der Werf - Energy Economics, 2019 - Elsevier",48,https://www.sciencedirect.com/science/article/pii/S0140988317304395,high,"Kemfert & Claudia (1998): ""Economic analysis of the substitution between energy and labor in a ne""","… In this article, we attempt to replicate the results presented in … function approach for Germany', Energy Economics, 20, 249–26",Result not specified in abstract
Round giving: a field experiment on suggested donation amounts in public‐television fundraising,2019,"D Reiley, A Samek","D Reiley, A Samek - Economic Inquiry, 2019 - Wiley Online Library",48,https://onlinelibrary.wiley.com/doi/abs/10.1111/ecin.12742,medium,Not identifiable from abstract,Method not specified in abstract,effect significance noted
Liquidity risk after 20 years,2019,"L Pastor, RF Stambaugh","L Pastor, RF Stambaugh - 2019 - nber.org",47,https://www.nber.org/papers/w25774,high,"Li et al. (2017): ""The Value of Liquidity""; Pontiff et al. (2019): ""The Liquidity Risk Premium: Evidence from the Cross-Section of Stocks""; Pástor et al. (2003): ""Liquidity Risk and Expected Stock Returns""",Method not specified in abstract,not fully replicated; successfully replicates
A model replication with an extension of students' perception of prospective employer attractiveness,2019,,"K Babíková, J Bucek - Journal of Competitiveness, 2019 - cjournal.cz",47,https://www.cjournal.cz/files/322.pdf,high,Sivertzen et al. (2013),new/different dataset; larger sample/higher power,Result not specified in abstract
Considering the benefits of hosting refugees: evidence of refugee camps influencing local labour market activity and economic welfare in Rwanda,2019,"C Loschmann, Ö Bilgili, M Siegel","C Loschmann, Ö Bilgili, M Siegel - IZA Journal of Development and …, 2019 - Springer",46,https://link.springer.com/article/10.1186/s40176-018-0138-2,medium,"Ruiz et al. (2013): ""The Economics of Refugees and Forced Migration""; Alix-Garcia et al. (2018): ""The Effect of Refugee Camps on Host Communities: Evidence from the Kak""",survey data,"… Moreover, in order to conduct a parallel analysis using census data as similar as possible to our original analysis using survey data, we replicate "
The impact of India's Janani Suraksha Yojana conditional cash transfer programme: A replication study,2019,"N Carvalho, S Rokicki","N Carvalho, S Rokicki - The Journal of Development Studies, 2019 - Taylor & Francis",45,https://www.tandfonline.com/doi/abs/10.1080/00220388.2018.1506578,high,Not identifiable from abstract,… Next we replicate the logistic regression to assess the associations between maternal … focus on replicating the findings of the,… Next we replicate the logistic regression to assess the associations between maternal … focus on replicating the findings of the exact matching anal
Measuring geographic distribution for political research,2019,"DW Lee, M Rogers","DW Lee, M Rogers - Political Analysis, 2019 - cambridge.org",42,https://www.cambridge.org/core/journals/political-analysis/article/measuring-geographic-distribution-for-political-research/3EFD1595DB544E76FF26CFE9416AF032,high,"Lee et al. (2025): ""The Modifiable Areal Unit Problem in Political Science""",Method not specified in abstract,"… unit, we replicate results from a recently published article focused on economic geography"
Clarifications of a puzzle: The decline in nutritional status at the onset of modern economic growth in the United States,2019,"J Komlos, B A'Hearn","J Komlos, B A'Hearn - The Journal of Economic History, 2019 - cambridge.org",42,https://www.cambridge.org/core/journals/journal-of-economic-history/article/clarifications-of-a-puzzle-the-decline-in-nutritional-status-at-the-onset-of-modern-economic-growth-in-the-united-states/B8BF1234B8AD834D16A536C3061FA9EE,high,"Bodenhorn et al. (2017): ""Diagnosing Sample-Selection Bias in Historical Heights""","… We replicate BGM's analysis of the Union Army data in their Table 5 (2017, p",effect significance noted
Replication of Strazicich and List (2003): Are CO2 emission levels converging among industrial countries?,2019,"E Karakaya, S Alataş","E Karakaya, S Alataş, B Yılmaz - Energy Economics, 2019 - Elsevier",39,https://www.sciencedirect.com/science/article/pii/S0140988317303006,high,"Strazicich et al. (2003): ""Are CO2 emission levels converging among industrial countries?""",Method not specified in abstract,Result not specified in abstract
Can a conditional cash transfer reduce teen fertility? The case of Brazil's Bolsa Familia,2019,SA Reynolds,"Z Olson, RG Clark, SA Reynolds - Journal of health economics, 2019 - Elsevier",39,https://www.sciencedirect.com/science/article/pii/S0167629617307920,high,Not identifiable from abstract,… Journal of Health Economics … Journal of Health Economics … We are able to replicate these findings using National Birth Registr,Result not specified in abstract
Reexamining how utility and weighting functions get their shapes: A quasi-adversarial collaboration providing a new interpretation,2019,"D Alempaki, TL Mullett","D Alempaki, E Canic, TL Mullett… - Management …, 2019 - pubsonline.informs.org",36,https://pubsonline.informs.org/doi/abs/10.1287/mnsc.2018.3170,medium,Not identifiable from abstract,Method not specified in abstract,We replicate the SRH effect …
Reputational penalties for environmental violations: A pure and scientific replication study,2019,"MF Evans, EW Wehrly","J Brady, MF Evans, EW Wehrly - … Review of Law and Economics, 2019 - Elsevier",34,https://www.sciencedirect.com/science/article/pii/S0144818818302291,high,Not identifiable from abstract,more recent data,effect significance noted
Regional entrepreneurial ecosystems in Mexico: a comparative analysis,2019,"AO Villegas Mateos, JE Amorós","AO Villegas Mateos, JE Amorós - Journal of Entrepreneurship in …, 2019 - emerald.com",34,https://www.emerald.com/insight/content/doi/10.1108/jeee-02-2019-0024/full/html,high,Not identifiable from abstract,Method not specified in abstract,Result not specified in abstract
Wealth concentration in the US after augmenting the upper tail of the survey of consumer finances,2019,"J Bricker, P Hansen, AH Volz","J Bricker, P Hansen, AH Volz - Economics Letters, 2019 - Elsevier",33,https://www.sciencedirect.com/science/article/pii/S0165176519303295,low,"Vermeulen & Paul (2018): ""How fat is the top tail of the wealth distribution?""",Method not specified in abstract,Result not specified in abstract
How well does economic uncertainty forecast economic activity?,2019,"J Rogers, J Xu","J Rogers, J Xu - 2019 - federalreserve.gov",32,https://www.federalreserve.gov/econres/feds/how-well-does-economic-uncertainty-forecast-economic-activity.htm,high,"Giorgio et al. (2015): ""Title of the replicated paper""",out-of-sample test,significance noted; effect significance noted
Carbon emissions and economic growth: a replication and extension,2019,TL Sheldon,"TL Sheldon - Energy Economics, 2019 - Elsevier",31,https://www.sciencedirect.com/science/article/pii/S0140988317300828,high,Not identifiable from abstract,extends original sample/period,Result not specified in abstract
An experiment on the vote-buy gap with application to cage-free eggs,2019,"JL Lusk, FB Norwood, GT Tonsor","AS Paul, JL Lusk, FB Norwood, GT Tonsor - … and Experimental Economics, 2019 - Elsevier",31,https://www.sciencedirect.com/science/article/pii/S2214804318300508,high,Not identifiable from abstract,Method not specified in abstract,Result not specified in abstract
Are the crude oil markets really becoming more efficient over time? Some new evidence,2019,L Kristoufek,"L Kristoufek - Energy Economics, 2019 - Elsevier",29,https://www.sciencedirect.com/science/article/pii/S0140988318301002,high,Not identifiable from abstract,Method not specified in abstract,Result not specified in abstract
How to use economic theory to improve estimators: Shrinking toward theoretical restrictions,2019,"P Fessler, M Kasy","P Fessler, M Kasy - Review of Economics and Statistics, 2019 - direct.mit.edu",28,https://direct.mit.edu/rest/article-abstract/101/4/681/58568,medium,"Unknown & Unknown (Unkn): ""Unknown""",Method not specified in abstract,"The leading specification in the literature … Running this regression, we replicate the estimate of - 0"
A robust approach to estimating production functions: Replication of the ACF procedure,2019,"K Kim, Y Luo, Y Su","K Kim, Y Luo, Y Su - Journal of Applied Econometrics, 2019 - Wiley Online Library",27,https://onlinelibrary.wiley.com/doi/abs/10.1002/jae.2697,high,"Ackerberg et al. (2015): ""Identification Properties of Recent Production Function Estimators""",Method not specified in abstract,Result not specified in abstract
Durable democracy? Economic inequality and democratic accountability in the new gilded age,2019,"BJ Newman, TJ Hayes","BJ Newman, TJ Hayes - Political Behavior, 2019 - Springer",27,https://link.springer.com/article/10.1007/s11109-017-9435-3,medium,"Bartels & M. (2008): ""Unequal Democracy: The Political Economy of the New Gilded Age""",Method not specified in abstract,… for economic inequality? We find this omission crucial in light of several dominating trends in the economic and … Using the 2008–2009 and 2012 CCES
Rising economic burden of renal cell carcinoma among elderly patients in the USA: Part II—an updated analysis of SEER-Medicare data,2019,"YCT Shih, CR Chien, B Kim, Y Shen, L Li","YCT Shih, Y Xu, CR Chien, B Kim, Y Shen, L Li… - …, 2019 - Springer",26,https://link.springer.com/article/10.1007/s40273-019-00824-2,high,"YC et al. (2011): ""Economic burden of renal cell carcinoma: part I—an updated review""; YC et al. (2011): ""Economic burden of renal cell carcinoma in the US: part II—an updated ""","… The rate of Part D enrollment eventually rose to 70% in 2015 and continued to rise, making it imperative to replicate our analys",Result not specified in abstract
Big data insights into social macro trends (1800–2000): A replication study,2019,"S Roth, V Valentinov, K Žažar","S Roth, P Schwede, V Valentinov, K Žažar… - … Forecasting and Social …, 2019 - Elsevier",26,https://www.sciencedirect.com/science/article/pii/S0040162519311941,high,Not identifiable from abstract,Method not specified in abstract,Result not specified in abstract
"… with low take-up, contamination and inconsistent data. A replication study of Crépon, Devoto, Duflo, and Pariente (American Economic Journal: Applied Economics …",2019,"F Bédécarrats, I Guérin","F Bédécarrats, I Guérin, S Morvant-Roux… - … in Empirical Economics …, 2019 - econstor.eu",25,https://www.econstor.eu/handle/10419/206819,high,"Crépon et al. (2015): ""Estimating the Impact of Microcredit on Self-Employment in Morocco""",Method not specified in abstract,Result not specified in abstract
Assessing the efficacy of consumer boycotts of US target firms: A shareholder wealth analysis,2019,,"KM Tomlin - Southern Economic Journal, 2019 - Wiley Online Library",25,https://onlinelibrary.wiley.com/doi/abs/10.1002/soej.12389,high,Not identifiable from abstract,Method not specified in abstract,Result not specified in abstract
Foreclosure's fallout: Economic adversity and voter turnout,2019,"P Shah, A Wichowsky","P Shah, A Wichowsky - Political Behavior, 2019 - Springer",24,https://link.springer.com/article/10.1007/s11109-018-9509-x,medium,"Burden et al. (2014): ""The Effect of Economic Adversity on Voter Turnout""; Incantalupo & J. (2011): ""Economic Hardship and Political Engagement""",Method not specified in abstract,… We replicate earlier work showing that neighborhood-level housing blight can … to replicate our research in other geographic contexts and to conside
The behavioral economics of alcohol demand in French and American university students,2019,"MP Martinetti, HL Berman","MP Martinetti, RL Caughron, HL Berman… - Alcoholism: Clinical …, 2019 - Wiley Online Library",24,https://onlinelibrary.wiley.com/doi/abs/10.1111/acer.13954,high,Not identifiable from abstract,Method not specified in abstract,Result not specified in abstract
On the effect of business and economic university education on political ideology: An empirical note,2019,"MD Delis, I Hasan, M Iosifidi","MD Delis, I Hasan, M Iosifidi - Journal of Business Ethics, 2019 - Springer",23,https://link.springer.com/article/10.1007/s10551-017-3483-9,high,"Campbell et al. (2016): ""Does college influence sociopolitical attitudes?""",Method not specified in abstract,"… in economics, management, business administration or accounting (for simplicity referred to as Business/Economics… In columns 3–6 of Table 3, we rep"
Expansionary austerity and reverse causality: A critique of the conventional approach,2019,C Breuer,"C Breuer - Institute for New Economic Thinking Working Paper …, 2019 - ineteconomics.org",23,https://www.ineteconomics.org/uploads/papers/WP_98-Breuer.pdf,high,"Alesina et al. (1995): ""Fiscal Expansion and Fiscal Adjustment""",Method not specified in abstract,Result not specified in abstract
The effect of the conservation reserve program on rural economies: Deriving a statistical verdict from a null finding,2019,"JP Brown, DM Lambert","JP Brown, DM Lambert… - … of Agricultural Economics, 2019 - Wiley Online Library",22,https://onlinelibrary.wiley.com/doi/abs/10.1093/ajae/aay046,high,"Economic Research Service (2004): ""The Conservation Reserve Program: Economic Impacts on Rural Communitie""",… the methods is the Economic Research Service's 2004 Report … We replicate the 2004 analysis and use new methods of … null findin,null result
"National gross domestic product, science interest, and science achievement: A direct replication and extension of the Tucker-Drob, Cheung, and Briley (2014) study",2019,"A Zheng, EM Tucker-Drob","A Zheng, EM Tucker-Drob… - Psychological Science, 2019 - journals.sagepub.com",21,https://journals.sagepub.com/doi/abs/10.1177/0956797619835768,high,"Tucker-Drob et al. (2014): ""The relationship between national gross domestic product, science inte""",Method not specified in abstract,Result not specified in abstract
Sensitivity of university rankings: Implications of stochastic dominance efficiency analysis,2019,"M Pinar, J Milla, T Stengos","M Pinar, J Milla, T Stengos - Education Economics, 2019 - Taylor & Francis",21,https://www.tandfonline.com/doi/abs/10.1080/09645292.2018.1512560,medium,Not identifiable from abstract,Method not specified in abstract,"… ARWU economics/business department rankings In this subsection, we replicate the above … the proportion of publications in top 20% Economics/Busines"
Economic benefits from virus screening: a case study of grapevine leafroll in the North Coast of California,2019,"KB Fuller, JM Alston","KB Fuller, JM Alston, DA Golino - American Journal of Enology and …, 2019 - ajevonline.org",21,https://www.ajevonline.org/content/70/2/139.abstract,high,"Fuller et al. (2015): ""The Economic Benefits from Virus Screening: A Case Study of Grapevine """,Method not specified in abstract,original coding error found; effect significance noted
"Inferiority, not similarity of the decoy to target, is what drives the transfer of attention underlying the attraction effect: Evidence from an eye-tracking study with real …",2019,"M Król, M Król","M Król, M Król - … of Neuroscience, Psychology, and Economics, 2019 - psycnet.apa.org",21,https://psycnet.apa.org/record/2019-09816-001,high,"Hoch et al. (1986): ""Consumer Learning: An Information Processing Approach""; Simonson & Itamar (1989): ""Choice Based on Reasons: The Case of Attraction and Compromise Effects""",Method not specified in abstract,fails to replicate
"Mobile money, risk sharing, and transaction costs: a replication study of evidence from Kenya's mobile money revolution",2019,,"N Alinaghi - Journal of Development Effectiveness, 2019 - Taylor & Francis",21,https://www.tandfonline.com/doi/abs/10.1080/19439342.2019.1684343,high,"Jack et al. (2014): ""Risk Sharing and Transactions Costs: Evidence from Kenya's Mobile Mone""",Method not specified in abstract,Result not specified in abstract
The political economy of higher education finance: how information and design affect public preferences for tuition,2019,"P Lergetporer, L Woessmann","P Lergetporer, L Woessmann - 2019 - JSTOR",21,https://www.jstor.org/stable/pdf/resrep58797.pdf?acceptTC=true&coverpage=false&addFooter=false,medium,Not identifiable from abstract,Method not specified in abstract,… Economics is an independent economic research institute that conducts research in labor economics … We replicate the effect with the same magnitude 
Trial by Skype: a causality-oriented replication exploring the use of remote video adjudication in immigration removal proceedings,2019,"D Thorley, J Mitts","D Thorley, J Mitts - International Review of Law and Economics, 2019 - Elsevier",20,https://www.sciencedirect.com/science/article/pii/S0144818818303326,low,"Eagly & Ingrid (2015): ""The Effects of Remote Video Adjudication on Immigration Removal Procee""",new/different dataset,Result not specified in abstract
The cyclicality of R&D investment revisited,2019,N van Giersbergen,"H van Ophem, N van Giersbergen… - Journal of Applied …, 2019 - Wiley Online Library",18,https://onlinelibrary.wiley.com/doi/abs/10.1002/jae.2667,high,"FT (Not ): ""Not specified""",Method not specified in abstract,Result not specified in abstract
"Aid, policies, and growth: why so much confusion?",2019,"S Jia, CR Williamson","S Jia, CR Williamson - Contemporary Economic Policy, 2019 - Wiley Online Library",18,https://onlinelibrary.wiley.com/doi/abs/10.1111/coep.12418,high,"BD (Not ): ""Not specified""; ELR (Not ): ""Not specified""",new/different dataset,results not robust
Leverage effect in energy futures revisited,2019,"MA Carnero, A Pérez","MA Carnero, A Pérez - Energy Economics, 2019 - Elsevier",18,https://www.sciencedirect.com/science/article/pii/S0140988318300021,high,"Kristoufek & Ladislav (2014): ""Leverage effect in energy futures""","2019, 82: 237-252 Abstract The objective of this paper is to replicate the results in Kristoufek (2014) on the leverage effect in ",effect significance noted
"Balancing rigor, replication, and relevance: A case for multiple-cohort, longitudinal experiments",2019,"D Blazar, MA Kraft","D Blazar, MA Kraft - Aera Open, 2019 - journals.sagepub.com",18,https://journals.sagepub.com/doi/abs/10.1177/2332858419876252,high,Not identifiable from abstract,Method not specified in abstract,fails to replicate
Gender robustness of overconfidence and excess entry,2019,M Servátka,"K Danková, M Servátka - Journal of Economic Psychology, 2019 - Elsevier",17,https://www.sciencedirect.com/science/article/pii/S0167487019300376,high,Not identifiable from abstract,Method not specified in abstract,unable to replicate
Teams promise but do not deliver,2019,"K Nielsen, P Bhattacharya, JH Kagel","K Nielsen, P Bhattacharya, JH Kagel… - Games and Economic …, 2019 - Elsevier",17,https://www.sciencedirect.com/science/article/pii/S0899825619301113,high,Not identifiable from abstract,Method not specified in abstract,We replicate previous results for individuals that non-binding promises increase …
"Sustaining cooperation through self-sorting: The good, the bad, and the conditional",2019,"KE Hauge, KA Brekke, K Nyborg, JT Lind","KE Hauge, KA Brekke, K Nyborg, JT Lind - Proceedings of the National …, 2019 - pnas.org",17,https://www.pnas.org/doi/abs/10.1073/pnas.1802875115,medium,Not identifiable from abstract,Method not specified in abstract,"… Nevertheless, as demonstrated in numerous economic experiments using the public good … Overall, we replicate the main findings from study 1: A subst"
Economic empowerment of poor women with grameen bank patterns on baitul mal wa tamwil ibadurrahman,2019,"DH Sobana, UA Husaeni","DH Sobana, UA Husaeni - … Journal of Islamic Economics and …, 2019 - dergipark.org.tr",17,https://dergipark.org.tr/en/doi/10.25272/ijisef.450600,high,"Yunus et al. (2010): ""Banker to the poor: the story of the grameen bank""",Method not specified in abstract,directional effect found; effect significance noted
Biased judgements of fairness in bargaining: A replication in the laboratory,2019,"S Hippel, S Hoeppner","S Hippel, S Hoeppner - International Review of Law and Economics, 2019 - Elsevier",16,https://www.sciencedirect.com/science/article/pii/S0144818818302758,high,Not identifiable from abstract,new/different dataset,… We replicate the experiment in the computer laboratory
"No personality change following unemployment: A registered replication of Boyce, Wood, Daly, and Sedikides (2015)",2019,"T Gnambs, B Stiglbauer","T Gnambs, B Stiglbauer - Journal of Research in Personality, 2019 - Elsevier",16,https://www.sciencedirect.com/science/article/pii/S0092656619300625,high,"Boyce et al. (2015): ""Personality change following unemployment: A longitudinal study""",new/different dataset,Result not specified in abstract
Asset pricing with liquidity risk: A replication and out-of-sample tests with the recent US and the Japanese market data,2019,"F Fang, F Takeda","E Kazumori, F Fang, R Sharman, F Takeda… - Critical Finance …, 2019 - cfr.ivo-welch.info",16,https://cfr.ivo-welch.info/published/papers/kazumori2020asset.pdf,high,Not identifiable from abstract,out-of-sample test; independent replication,qualitatively similar
Backlash: Undesirable effects of female economic empowerment,2019,,"S Ericsson - … , Department of Economics and Centre of Economic …, 2019 - econstor.eu",16,https://www.econstor.eu/bitstream/10419/260282/1/wp2019-012.pdf,medium,"Aizer & Anna (2010): ""The Gender Wage Gap and Domestic Violence""","… Furthermore, I replicate Aizer's study on Swedish data and I find a negative relationship between the aggregate gender wage gap ",directional effect found
Barriers and facilitators to model replication within health economics,2019,"E McManus, D Turner, E Gray","E McManus, D Turner, E Gray, H Khawar, T Okoli… - Value in Health, 2019 - Elsevier",16,https://www.sciencedirect.com/science/article/pii/S1098301519321928,high,Not identifiable from abstract,"Although a replication attempt was not explicitly defined as a success or failure, the replicated results were compared for percen",Result not specified in abstract
From the field to the lab. An experiment on the representativeness of standard laboratory subjects,2019,"L Frigau, V Pelligra","L Frigau, T Medda, V Pelligra - … of behavioral and experimental economics, 2019 - Elsevier",14,https://www.sciencedirect.com/science/article/pii/S2214804318302027,medium,Not identifiable from abstract,field experiment,"… We replicate in the laboratory an artefactual field experiment originally designed to … Furthermore, students from the lab (all economics majors) ar"
Replication and robustness analysis of 'energy and economic growth in the USA: A multivariate approach',2019,"SB Bruns, J König, DI Stern","SB Bruns, J König, DI Stern - Energy Economics, 2019 - Elsevier",14,https://www.sciencedirect.com/science/article/pii/S0140988318304031,high,"Stern & David (1993): ""Energy and economic growth in the USA: A multivariate approach""",Method not specified in abstract,"… We replicate Stern (1993), who argues and empirically demonstrates that it is … the replication study using a pre-analysis plan can help to counterb"
Does fiscal consolidation hurt economic growth? Empirical evidence from Spanish regions,2019,"S Lago-Peñas, A Vaquero-Garcia","S Lago-Peñas, A Vaquero-Garcia… - Economics, 2019 - degruyter.com",14,https://www.degruyter.com/document/doi/10.5018/economics-ejournal.ja.2019-42/html,medium,Not identifiable from abstract,Method not specified in abstract,"To check the robustness of the results, we replicate the analysis, constraining the donor regions to those in … Home Business & Economics Does fiscal "
Testing for time variation in the natural rate of interest,2019,B Kempa,"T Berger, B Kempa - Journal of Applied Econometrics, 2019 - Wiley Online Library",14,https://onlinelibrary.wiley.com/doi/abs/10.1002/jae.2698,medium,Not identifiable from abstract,… In this paper we replicate in a wider sense the LW analysis utilizing the HLW data and methodology for the US economy,… In this paper we replicate in a wider sense the LW analysis utilizing the HLW data and methodology for the US economy
Teaching students to “think like economists” as democratic citizenship preparation,2019,,"CA Ayers - The Journal of Social Studies Research, 2019 - journals.sagepub.com",14,https://journals.sagepub.com/doi/abs/10.1016/j.jssr.2018.10.002,high,Not identifiable from abstract,Method not specified in abstract,Result not specified in abstract
Returns to scale in electricity generation: Replicated and revisited,2019,"DH Bernstein, CF Parmeter","DH Bernstein, CF Parmeter - Energy Economics, 2019 - Elsevier",13,https://www.sciencedirect.com/science/article/pii/S0140988317304449,high,Not identifiable from abstract,Method not specified in abstract,We replicate the findings of two influential studies on returns to scale in the United States electricity generation market
Commentary: revisiting the marshmallow test: a conceptual replication investigating links between early delay of gratification and later outcomes,2019,"G Barragan-Jason, CM Atance, A Hopfensitz","G Barragan-Jason, CM Atance, A Hopfensitz… - Frontiers in …, 2019 - frontiersin.org",13,https://www.frontiersin.org/articles/10.3389/fpsyg.2018.02719/full,high,"Watts et al. (2018): ""The marshmallow test: A conceptual replication investigating links bet""",pre-registered replication,effect significance noted
The Introduction of Bitcoin futures: An examination of volatility and potential spillover effects,2019,BM Blau,"BM Blau, RJ Whitby - Economics Bulletin, 2019 - digitalcommons.usu.edu",13,https://digitalcommons.usu.edu/econ_facpubs/942/,medium,"Stein & C. (1987): ""The Information Content of Prices""",Method not specified in abstract,effect significance noted
Re-examining the movements of crude oil spot and futures prices over time,2019,"MJ Holmes, J Otero","MJ Holmes, J Otero - Energy Economics, 2019 - Elsevier",13,https://www.sciencedirect.com/science/article/pii/S0140988317303018,high,Not identifiable from abstract,uses original data,qualitatively similar
Examining the long-term mortality effects of early health shocks,2019,JM Fletcher,"JM Fletcher - Applied Economics Letters, 2019 - Taylor & Francis",12,https://www.tandfonline.com/doi/abs/10.1080/13504851.2018.1520960,low,"Almond & Douglas (2006): ""Is the 1918 Influenza Pandemic Over? Long-Term Effects of In Utero Inf""",Method not specified in abstract,Result not specified in abstract
Estimating Uptake for Reduced-nicotine Cigarettes Using Behavioral Economics.,2019,"BA Kaplan, DA Pope, WB DeHart","BA Kaplan, DA Pope, WB DeHart… - American Journal of …, 2019 - search.ebscohost.com",12,https://search.ebscohost.com/login.aspx?direct=true&profile=ehost&scope=site&authtype=crawler&jrnl=10873244&AN=136145992&h=SjdAJ9CxwUDoPL5BvEfR%2FZdGEc9gxXoE1gimuwz2EY%2FIEJzQ5r%2BPudTsE5TsIQMfZQDIeyHOGULdqEFn3xp4jw%3D%3D&crl=c,high,Not identifiable from abstract,Method not specified in abstract,Result not specified in abstract
"… of 'The relationship between energy consumption, energy prices, and economic growth: Time series evidence from Asian developing countries'(Energy Economics …",2019,"J Mann, P Sephton","J Mann, P Sephton - Energy economics, 2019 - Elsevier",11,https://www.sciencedirect.com/science/article/pii/S0140988318301725,high,"Asafu-Adjaye & John (2000): ""The relationship between energy consumption, energy prices, and econom""",Method not specified in abstract,Result not specified in abstract
"Automation, economic growth, and the labor share-A Comment on Prettner (2019)-",2019,"B Heer, A Irmen","B Heer, A Irmen - 2019 - econstor.eu",11,https://www.econstor.eu/handle/10419/201956,high,"Prettner & Klaus (2019): ""Automation, Economic Growth, and the Labor Share""",Method not specified in abstract,"… Second, we replicate the simulation exercise of Prettner (2019) using his constant and exogenous savings rates for traditional and automation capita"
The surprising capacity of the company you keep: revealing group cohesion as a powerful factor of team production,2019,"S Gächter, C Starmer, F Tufano","S Gächter, C Starmer, F Tufano - 2019 - econstor.eu",11,https://www.econstor.eu/handle/10419/228362,high,Not identifiable from abstract,pre-registered replication,Result not specified in abstract
Dating the business cycle: Evidence from Mongolia,2019,,"D Luvsannyam, K Batmunkh, K Buyankhishig - Central Bank Review, 2019 - Elsevier",11,https://www.sciencedirect.com/science/article/pii/S1303070119300666,low,Not identifiable from abstract,When we … method to replicate NBER (National Bureau of Economic Research) … models with their ability to replicate the result of a,We find that Bry Boschan Quarterly (BBQ) algorithm accurately dates the business cycle which is consistent with the economic expectations
Savings revisited: a replication study of a savings intervention in Malawi,2019,,"J Stage, T Thangavelu - Journal of Development Effectiveness, 2019 - Taylor & Francis",10,https://www.tandfonline.com/doi/abs/10.1080/19439342.2019.1679859,high,Not identifiable from abstract,Method not specified in abstract,Result not specified in abstract
Understanding the (perverse) effects of disclosing conflicts of interest: A direct replication study,2019,S Sah,"S Sah - Journal of Economic Psychology, 2019 - Elsevier",10,https://www.sciencedirect.com/science/article/pii/S0167487018302964,high,Not identifiable from abstract,meta-analysis,Result not specified in abstract
Information improves provider behaviour: A replication study of a community-based monitoring programme in Uganda,2019,,"K Donato, A Garcia Mosqueira - The Journal of Development …, 2019 - Taylor & Francis",10,https://www.tandfonline.com/doi/abs/10.1080/00220388.2018.1506577,high,Not identifiable from abstract,Method not specified in abstract,"Overall, we find that the intervention modified healthcare provider behaviours and …"
Impacts of rural roads on household welfare in Vietnam: evidence from a replication study,2019,CV Nguyen,"CV Nguyen - Journal of Economics and Development, 2019 - emerald.com",10,https://www.emerald.com/insight/content/doi/10.1108/jed-06-2019-0002/full/html,high,Not identifiable from abstract,Method not specified in abstract,Result not specified in abstract
Replicating and extending Martin-Quinn scores,2019,,"M Kovac - International Review of Law and Economics, 2019 - Elsevier",10,https://www.sciencedirect.com/science/article/pii/S0144818819302261,high,"Martin et al. (2002): ""Dynamic Ideal Point Estimation via Markov Chain Monte Carlo for the U.""",… replicated scores exhibit a moderate-to-strong correlation with the original scores,Result not specified in abstract
Gender gap in Swiss vocational education and training teachers' economics content knowledge and the role of teaching experience,2019,M Förster,"D Holtsch, S Brückner, M Förster… - … and Economics …, 2019 - journals.sagepub.com",10,https://journals.sagepub.com/doi/abs/10.1177/2047173419893595,low,Not identifiable from abstract,Method not specified in abstract,largely replicates
The social costs of gun ownership revisited,2019,"B Hayo, C Westphal","B Hayo, F Neumeier, C Westphal - Empirical economics, 2019 - Springer",9,https://link.springer.com/article/10.1007/s00181-018-1496-6,high,"Cook et al. (2006): ""The social costs of gun ownership""",Method not specified in abstract,Result not specified in abstract
Does subjective SES moderate the effect of money priming on socioeconomic system support? A replication of Schuler and Wänke (2016),2019,JT Crawford,"JT Crawford, A Fournier… - Social Psychological and …, 2019 - journals.sagepub.com",9,https://journals.sagepub.com/doi/abs/10.1177/1948550617740941,high,"Schuler et al. (2016): ""Money priming and support for the socioeconomic system: The role of su""",Method not specified in abstract,Result not specified in abstract
"Can mutual fund stars still pick stocks?: A replication and extension of Kosowski, Timmermann, Wermers, and White (2006)",2019,TB Riley,"TB Riley - Critical Finance Review, 2019 - cfr.ivo-welch.info",9,https://cfr.ivo-welch.info/published/papers/riley.pdf,high,"Kosowski et al. (2006): ""Can Mutual Fund Stars Pick Stocks? Evidence from the Mutual Fund Indus""",Method not specified in abstract,Result not specified in abstract
“When your anchor sinks your boat”: A replication and extension study,2019,"CM Jiang, JT Ma","CM Jiang, JT Ma - Journal of Economic Psychology, 2019 - Elsevier",9,https://www.sciencedirect.com/science/article/pii/S0167487018302642,high,Not identifiable from abstract,Method not specified in abstract,Result not specified in abstract
Energy and economic growth in the USA two decades later: Replication and reanalysis,2019,"B Leiva, Z Liu","B Leiva, Z Liu - Energy Economics, 2019 - Elsevier",9,https://www.sciencedirect.com/science/article/pii/S0140988318300525,high,Not identifiable from abstract,Method not specified in abstract,Result not specified in abstract
Forecast density combinations with dynamic learning for large data sets in economics and finance,2019,"R Casarin, F Ravazzollo, HK van Dijk","R Casarin, S Grassi, F Ravazzollo, HK van Dijk - 2019 - econstor.eu",9,https://www.econstor.eu/handle/10419/205315,high,"Grassi et al. (2019): ""Forecast Density Combinations with Dynamic Learning for Large Data Set""",Method not specified in abstract,Result not specified in abstract
Cross-cultural contrasts of preferences for bus rapid transit and light rail transit,2019,"DA Hensher, C Balbontin, CQ Ho","DA Hensher, C Balbontin, CQ Ho… - … of Transport Economics …, 2019 - ingentaconnect.com",9,https://www.ingentaconnect.com/content/lse/jtep/2019/00000053/00000001/art00004,high,Not identifiable from abstract,Method not specified in abstract,Result not specified in abstract
Financial regimes for polymetallic nodule mining: A comparison of four economic models,2019,"R Kirchain, R Roth","R Kirchain, FR Field, R Roth - Working Group Meeting: Kingston, Jamaica, 2019 - isa.org.jm",9,https://www.isa.org.jm/wp-content/uploads/2022/06/mit.pdf,high,Not identifiable from abstract,These calibrated … Although we cannot guarantee that the proxy models replicate every feature of the original … Financial Regimes ,Result not specified in abstract
"Replication of mismatch research: Ayres, Brooks and Ho",2019,,"R Sander - International Review of Law and Economics, 2019 - Elsevier",9,https://www.sciencedirect.com/science/article/pii/S0144818818302357,high,"Ayres et al. (2014): ""The Law School Mismatch Hypothesis: A Critical Review""; Ho & Daniel (2012): ""The Mismatch Hypothesis: A Critical Review""",Method not specified in abstract,Result not specified in abstract
"A Replication of “Agency Problems of Excess Endowment Holdings in Not-for-profit Firms” (Journal of Accounting and Economics, 2006)",2019,"TD Calabrese, A Gupta","TD Calabrese, A Gupta - Public Finance Review, 2019 - journals.sagepub.com",8,https://journals.sagepub.com/doi/abs/10.1177/1091142118765788,high,Not identifiable from abstract,… We replicate their finding that excess endowments are unrelated to growth in program … We are also able to replicate the origina,… We replicate their finding that excess endowments are unrelated to growth in program … We are also able to replicate the original article's finding 
Electricity market deregulation and environmental regulation: Evidence from US nuclear power,2019,DH Karney,"DH Karney - Energy Economics, 2019 - Elsevier",8,https://www.sciencedirect.com/science/article/pii/S0140988319302816,low,Not identifiable from abstract,Method not specified in abstract,Result not specified in abstract
The relevance of positive word-of-mouth effects on the customer lifetime value-A replication and extension in the context of start-ups,2019,"C Brock, M Hubert","M Grossmann, C Brock, M Hubert… - SMR-Journal of Service …, 2019 - nomos-elibrary.de",8,https://www.nomos-elibrary.de/de/10.15358/2511-8676-2019-3-148.pdf,high,Not identifiable from abstract,Method not specified in abstract,Result not specified in abstract
"The Goldilocks effect: Convergence in national income distributions, 1990–2015",2019,R Clark,"R Clark - Social Science Research, 2019 - Elsevier",8,https://www.sciencedirect.com/science/article/pii/S0049089X18305854,medium,Not identifiable from abstract,Method not specified in abstract,Result not specified in abstract
Overearning–revisited,2019,R Stueber,"N Riedel, R Stueber - Journal of Economic Psychology, 2019 - Elsevier",8,https://www.sciencedirect.com/science/article/pii/S0167487018303064,high,Not identifiable from abstract,"… run at a German university, our failure to replicate the original paper's findings may relate to … is, moreover, in line with a ",fails to replicate
The education–suicide mortality gradient,2019,A Cook,"A Cook - Applied economics letters, 2019 - Taylor & Francis",7,https://www.tandfonline.com/doi/abs/10.1080/13504851.2018.1489499,high,Not identifiable from abstract,… I first replicate the original results reported by Hamermesh and Soss,Result not specified in abstract
Detecting Historical Inequality Patterns: A Replication of Thomas Piketty's Wealth Concentration Estimates for the United Kingdom,2019,PW Magness,"PW Magness - Social Science Quarterly, 2019 - Wiley Online Library",7,https://onlinelibrary.wiley.com/doi/abs/10.1111/ssqu.12672,high,"Piketty & Thomas (2014): ""Capital in the Twenty-First Century""",Method not specified in abstract,Result not specified in abstract
Reassessment of the proximate determinants of income levels and growth of nations,2019,AS Abu-Qarn,"AS Abu-Qarn - Atlantic Economic Journal, 2019 - Springer",7,https://link.springer.com/article/10.1007/s11293-019-09647-0,high,"Mankiw et al. (1992): ""A contribution to the empirics of economic growth""",new/different dataset; cross-country analysis,Result not specified in abstract
Voluntary contributions of time: Time-based incentives in a linear public goods game,2019,,"J Jouxtel - Journal of Economic Psychology, 2019 - Elsevier",7,https://www.sciencedirect.com/science/article/pii/S0167487018303350,high,Not identifiable from abstract,This paper presents the findings of an experimental study designed to investigate whether the pattern of contributions elicited in,Result not specified in abstract
Transparency in empirical economic research,2019,,"CB Blanco-Perez - IZA World of Labor, 2019 - wol.iza.org",6,https://wol.iza.org/articles/transparency-in-empirical-economic-research/long,low,Not identifiable from abstract,… data and successfully replicated about half of the 61 papers,not fully replicated; effect ~half/double original; successfully replicates; null result
Biometric Smartcards and payment disbursement: a replication study of building state capacity in India,2019,AA Atanda,"AA Atanda - Journal of Development Effectiveness, 2019 - Taylor & Francis",5,https://www.tandfonline.com/doi/abs/10.1080/19439342.2019.1646782,high,Not identifiable from abstract,"The folder contains the data, … This replication relied on those files to replicate most of the …",Result not specified in abstract
Development status and decision-making in investment treaty arbitration,2019,W Rao,"W Rao - International Review of Law and Economics, 2019 - Elsevier",5,https://www.sciencedirect.com/science/article/pii/S0144818818302436,high,Not identifiable from abstract,Method not specified in abstract,replicates and extends original
The short-term impact of unconditional cash transfers: a replication study of a randomized controlled trial in Kenya,2019,H Wang,"H Wang, J Luo - Journal of Development Effectiveness, 2019 - Taylor & Francis",5,https://www.tandfonline.com/doi/abs/10.1080/19439342.2019.1666900,high,"Bastagli et al. (2016): ""The Impact of Cash Transfers on Adult Labor Market Outcomes""",Method not specified in abstract,directional effect found
"A Replication Study of “Openness, Country Size, and Government Size” (Journal of Public Economics 2009)",2019,A Musau,"A Musau - Public Finance Review, 2019 - journals.sagepub.com",5,https://journals.sagepub.com/doi/abs/10.1177/1091142118765786,high,"Ram & Rati (2009): ""Openness, Country Size, and Government Size""",Method not specified in abstract,Result not specified in abstract
Improving well-being through mobile money: A replication study in Niger,2019,OA Elorreaga,"JP Meneses, ET Ventura, OA Elorreaga… - Journal of …, 2019 - Taylor & Francis",5,https://www.tandfonline.com/doi/abs/10.1080/19439342.2019.1679860,high,Not identifiable from abstract,Method not specified in abstract,Result not specified in abstract
"“Replication of mismatch research: Ayers, Brooks, and Ho”(Comment)",2019,D Bjerk,"D Bjerk - International Review of Law and Economics, 2019 - Elsevier",5,https://www.sciencedirect.com/science/article/pii/S0144818818302631,high,"Ayers et al. (2018): ""Mismatch: The Effect of College Major on Labor Market Outcomes""",Method not specified in abstract,Result not specified in abstract
"Revisiting the Drivers of Natural Gas Prices. A replication study of Brown & Yücel (The Energy Journal, 2008)",2019,G Roberts,"G Roberts - … Journal for Re-Views in Empirical Economics (IREE), 2019 - econstor.eu",4,https://www.econstor.eu/handle/10419/206818,high,"Brown et al. (2008): ""What Drives Natural Gas Prices?""",Method not specified in abstract,Result not specified in abstract
Something for nothing? How growing rent-seeking is at the heart of America's Economic Troubles,2019,,"L Carey, A Nasir - Journal of Public and International Affairs, 2019 - jpia.princeton.edu",4,https://jpia.princeton.edu/news/something-nothing-how-growing-rent-seeking-heart-americas-economic-troubles,medium,"Barkai et al. (2020): ""The Allocation of Capital and the Rise of the Firm""",Method not specified in abstract,confirms original findings
Recalling extra data: A replication study of finding missing markets,2019,BDK Wood,"BDK Wood, M Dong - The Journal of Development Studies, 2019 - Taylor & Francis",4,https://www.tandfonline.com/doi/abs/10.1080/00220388.2018.1506574,high,"Smith et al. (2020): ""Finding Missing Markets: An Empirical Analysis""",Method not specified in abstract,Result not specified in abstract
"A Replication of “Is Public Expenditure Productive?” (Journal of Monetary Economics, 1989)",2019,"C Clarke, RG Batina","C Clarke, RG Batina - Public Finance Review, 2019 - journals.sagepub.com",4,https://journals.sagepub.com/doi/abs/10.1177/1091142117736606,high,"Aschauer & A. (1989): ""Is Public Expenditure Productive?""",Method not specified in abstract,Result not specified in abstract
A Journal-Based Replication of “Being Chosen to Lead”,2019,"A Drazen, EY Ozbay, E Snowberg","A Drazen, AD Almenberg, EY Ozbay, E Snowberg - 2019 - nber.org",4,https://www.nber.org/papers/w26444,high,"Dreber et al. (2019): ""Being Chosen to Lead""",laboratory experiment,Result not specified in abstract
"Limits to arbitrage, investor sentiment, and factor returns in international government bond markets",2019,"A Zaremba, JJ Szczygielski","A Zaremba, JJ Szczygielski - Economic research-Ekonomska …, 2019 - hrcak.srce.hr",4,https://hrcak.srce.hr/228846,medium,Not identifiable from abstract,"… Using data for 25 countries for the years 1992-2015, we replicate multiple factor strategies that represent four major return dr","… Using data for 25 countries for the years 1992-2015, we replicate multiple factor strategies that represent four major return drivers: defensive (lo"
Heterogeneous Effects of Urban Land Titling: A Replication of 'Property Rights for the Poor',2019,"EM Whitney, DB Cameron","EM Whitney, DB Cameron… - The Journal of …, 2019 - Taylor & Francis",4,https://www.tandfonline.com/doi/abs/10.1080/00220388.2018.1506576,high,"Soto & Hernando (2000): ""Property Rights for the Poor""","… A detailed rationale of our decision to replicate this study can be found in our replication … Unfortunately, we were only made ",Result not specified in abstract
Sealed envelope submissions foster research integrity,2019,"M Dufwenberg, P Martinsson","M Dufwenberg, P Martinsson - Revue économique, 2019 - shs.cairn.info",4,https://shs.cairn.info/revue-economique-2019-6-page-919?tab=texte-integral,high,Not identifiable from abstract,Method not specified in abstract,Result not specified in abstract
Replication: Do we snooze if we can't lose? Modelling risk with incentives in habituation user studies,2019,"D Wermke, S Amft, S Fahl","K Busse, D Wermke, S Amft, S Fahl… - Proceedings of the …, 2019 - teamusec.de",4,https://teamusec.de/publications/conf-usec-busse19/,high,"Unknown (Unkn): ""Previous studies on the habituation effect""",Method not specified in abstract,replicates and extends original; directional effect found
Election cycles and mining-sector governance in post-conflict Kosovo,2019,"LJ Uberti, G Pugh, D Imami","LJ Uberti, G Pugh, E Lami, D Imami - Post-Communist Economies, 2019 - Taylor & Francis",4,https://www.tandfonline.com/doi/abs/10.1080/14631377.2019.1578583,medium,"ILU & Author (2018): ""Title of the replicated paper""",Method not specified in abstract,replicates and extends original
The impact of increased post-progression survival on the cost-effectiveness of interventions in oncology,2019,J Retzler,"J Retzler, H Davies, M Jenks, C Kiff… - … and Outcomes Research, 2019 - Taylor & Francis",4,https://www.tandfonline.com/doi/abs/10.2147/CEOR.S191382,high,Not identifiable from abstract,Method not specified in abstract,closely replicates
A replication study worth replicating: a comment on Salmanowitz and Spamann,2019,,"WHJ Hubbard - International Review of Law and Economics, 2019 - Elsevier",4,https://www.sciencedirect.com/science/article/pii/S0144818818302886,high,Not identifiable from abstract,Method not specified in abstract,Result not specified in abstract
Search and research on economics of pair programming,2019,M Aguirre-Urreta,"W Sun, M Aguirre-Urreta, HS Nam - Journal of Computer …, 2019 - Taylor & Francis",3,https://www.tandfonline.com/doi/abs/10.1080/08874417.2016.1263167,medium,Not identifiable from abstract,Method not specified in abstract,"Second, we replicate and then extend the two main …"
Zero-coupon interest rates: Evaluating three alternative datasets,2019,"A Díaz, F Jareño","A Díaz, F Jareño, E Navarro - Economic research-Ekonomska …, 2019 - hrcak.srce.hr",3,https://hrcak.srce.hr/229745,high,Not identifiable from abstract,Method not specified in abstract,effect significance noted
Intuitive Prosociality: Heterogeneous Treatment Effects or False Positive?,2019,"E Strømland, G Torsvik","E Strømland, G Torsvik - 2019 - osf.io",3,https://osf.io/preprints/hrx2y/,high,Not identifiable from abstract,Method not specified in abstract,Result not specified in abstract
"Meta-analysis and publication bias: How well does the FAT-PET-PEESE procedure work? A replication study of Alinaghi & Reed (Research Synthesis Methods, 2018)",2019,,"S Hong - … Journal for Re-Views in Empirical Economics (IREE), 2019 - econstor.eu",2,https://www.econstor.eu/handle/10419/206820,high,"Alinaghi et al. (2018): ""The FAT-PET-PEESE procedure: A Monte Carlo study""",meta-analysis,original effect may be overstated; significance noted; directional effect found; effect significance noted
Revisiting the Drivers of Natural Gas Prices.,2019,G Roberts,"G Roberts - Economics, 2019 - iree.eu",2,https://www.iree.eu/wp-content/uploads/2019/03/Roberts-G-2019-2-Natural-Gas-Prices.pdf,high,"Brown et al. (2008): ""Energy Prices and the U.S. Economy: A New Look""","… In this paper, I replicate the analysis of Brown and Yücel (2008) by re-collecting the data, and expanding the sample of the ana",Result not specified in abstract
Illiquidity and stock returns: Cross-section and time-series effects: A replication,2019,CW Holden,"CW Holden, J Nam - Critical Finance Review, 2019 - ideas.repec.org",2,https://ideas.repec.org/a/now/jnlcfr/104.00000071.html,high,"Acharya et al. (2005): ""Asset Pricing with Liquidity Risk""; Lee & C. (2011): ""Liquidity Risk and the Cross-Section of Stock Returns""",follows original specification; different time period,"Nam, Jayoung Registered: Abstract First, we replicate the Liquidity-adjusted Capital Asset Pricing Model (LCAPM) tests of Acharya and Pedersen (2005) "
Third decimal place odd prices trigger competition: evidence from the Italian retail gasoline market,2019,M Nicolini,"M Alderighi, M Nicolini - Applied Economics Letters, 2019 - Taylor & Francis",2,https://www.tandfonline.com/doi/abs/10.1080/13504851.2018.1441502,medium,Not identifiable from abstract,Method not specified in abstract,opposite direction
Bubbles and crises: Replicating the Anundsen et al.(2016) results,2019,B Fu,"B Fu - Journal of Applied Econometrics, 2019 - Wiley Online Library",2,https://onlinelibrary.wiley.com/doi/abs/10.1002/jae.2695,high,"Anundsen et al. (2016): ""Bubbles and crises: The role of monetary policy""",uses original data,same results
Sample size calculation in economic experiments,2019,S Gruener,"S Gruener - Available at SSRN 3452918, 2019 - papers.ssrn.com",2,https://papers.ssrn.com/sol3/papers.cfm?abstract_id=3452918,high,Not identifiable from abstract,Method not specified in abstract,Result not specified in abstract
A Task-based Approach to Constructing Occupational Categories with Implications for Empirical Research in Labor Economics,2019,E Totty,"J Manzella, E Totty, G Benedetto - 2019 - researchgate.net",2,https://www.researchgate.net/profile/Evan-Totty/publication/341510657_A_Task-based_Approach_to_Constructing_Occupational_Categories_with_Implications_for_Empirical_Research_in_Labor_Economics/links/5ec51e05a6fdcc90d686102d/A-Task-based-Approach-to-Constructing-Occupational-Categories-with-Implications-for-Empirical-Research-in-Labor-Economics.pdf,medium,Not identifiable from abstract,Method not specified in abstract,Result not specified in abstract
A replication of 'The long-run impact of foreign aid in 36 African countries: Insights from multivariate time series analysis'(Oxford Bulletin of Economics and Statistics …,2019,,"L Roger - Economics, 2019 - degruyter.com",1,https://www.degruyter.com/document/doi/10.5018/economics-ejournal.ja.2019-51/html,high,Not identifiable from abstract,Method not specified in abstract,directional effect found
Note–Walking on Solid Ground: A Replication Study of 'Housing Health and Happiness',2019,,"MP Basurto, R Burga, JL Flor Toro… - The Journal of …, 2019 - Taylor & Francis",1,https://www.tandfonline.com/doi/abs/10.1080/00220388.2018.1506579,high,"Broughel et al. (2018): ""Housing, Health, and Happiness""",Method not specified in abstract,Result not specified in abstract
Oil prices and clean energy stock prices revisited,2019,"DG Baur, LA Smales","DG Baur, LA Smales - Available at SSRN 3471866, 2019 - papers.ssrn.com",1,https://papers.ssrn.com/sol3/papers.cfm?abstract_id=3471866,high,"Sadorsky & Perry (2012): ""Correlations and volatility spillovers between oil prices and stock pr""","… In this paper, we replicate the original analysis of Sadorsky (… consistent with efficient markets and economic theory but in st","… In this paper, we replicate the original analysis of Sadorsky (… consistent with efficient markets and economic theory but in stark … We use this mo"
Recreation Visits to Lake Mead and Glen Canyon National Recreation Areas: A Replication Study,2019,,X Wu - 2019 - search.proquest.com,1,https://search.proquest.com/openview/40db99779bef8fd887ce75228211d4ea/1?pq-origsite=gscholar&cbl=18750&diss=y,high,"Author et al. (YEAR): ""Title of original study""",Method not specified in abstract,directional effect found
Thou shalt be given… but how? A replication study and extended cost-effectiveness analysis of a randomized experiment on food assistance in Northern Ecuador,2019,"SK Lhachimi, T Seuring","SK Lhachimi, T Seuring - Journal of Development Effectiveness, 2019 - Taylor & Francis",1,https://www.tandfonline.com/doi/abs/10.1080/19439342.2019.1666901,high,Not identifiable from abstract,Method not specified in abstract,Result not specified in abstract
Making data reusable: lessons learned from replications of impact evaluations,2019,S Khatua,"N Goel, S Khatua, M Gaarder - Plos One, 2019 - files.osf.io",1,https://files.osf.io/v1/resources/4jvq2/providers/osfstorage/5d25a71ca26b34001906e92e?action=download&direct&version=1,high,Not identifiable from abstract,"In 2018, we embarked on a project to replicate … Our primary finding is that we are only able to replicate … research article A Su",Result not specified in abstract
Respect for Human Rights as a Predictor of Arab Spring Intensity: A Replication and Extension Study,2019,,"MD Hudson-Flege - International Journal of Political Activism and …, 2019 - igi-global.com",1,https://www.igi-global.com/article/respect-for-human-rights-as-a-predictor-of-arab-spring-intensity/235390,high,Not identifiable from abstract,Method not specified in abstract,Result not specified in abstract
"Reply to “A Replication Study of 'Openness, Country Size, and Government Size' (Journal of Public Economics 2009)”",2019,,"R Ram - Public Finance Review, 2019 - journals.sagepub.com",1,https://journals.sagepub.com/doi/abs/10.1177/1091142119844790,high,Not identifiable from abstract,Method not specified in abstract,unable to replicate
Replication Redux: The Reproducibility Crisis and the Case of Deworming,2019,O Ozier,"O Ozier - World Bank Policy Research Working Paper, 2019 - papers.ssrn.com",1,https://papers.ssrn.com/sol3/papers.cfm?abstract_id=3380728,high,Not identifiable from abstract,Method not specified in abstract,Result not specified in abstract
""" Verifying the Internal Validity of a Flagship RCT: A Review of Crépon, Devoto, Duflo and Parienté"": Rebutting the Rebuttal",2019,"F Bedecarrats, I Guérin, F Roubaud","F Bedecarrats, I Guérin, S Morvant-Roux, F Roubaud - 2019 - documentation.ird.fr",1,https://www.documentation.ird.fr/hor/fdi:010077613,low,Not identifiable from abstract,Method not specified in abstract,results hold/are robust; effect significance noted
"Semiparametric Value-At-Risk Estimation of Portfolios. A replication study of Dias (Journal of Banking & Finance, 2014)",2019,J Xu,"J Xu - … Journal for Re-Views in Empirical Economics (IREE), 2019 - econstor.eu",0,https://www.econstor.eu/handle/10419/206822,high,"Dias & A. (2014): ""Semiparametric Value-At-Risk Estimation of Portfolios""",Method not specified in abstract,Result not specified in abstract
Replication plan “The higher returns to formal education for entrepreneurs versus employees”,2019,"J Hessels, CA Rietveld, AR Thurik, P van der Zwan","J Hessels, CA Rietveld, AR Thurik, P van der Zwan - files.osf.io",0,https://files.osf.io/v1/resources/93xjp/providers/osfstorage/5d40067e3ce9350017eaf78e?pid=93xjp&direct&public_file=True&version=1&mode=render&action=download,high,Van Praag et al. (2013),different country; different context/setting,extends original findings
"Many Labs 5: Replication of Van Dijk, Van Kleef, Steinel, & Van Beest (2008). A social functional approach to emotions in bargaining",2019,"B Aczel, BE Bakos","L Skorb, B Aczel, BE Bakos, L Feinberg, E Hałasa… - 2019 - osf.io",0,https://osf.io/preprints/psyarxiv/6h7bk/,high,"Dijk et al. (2008): ""A social functional approach to emotions in bargaining""",Method not specified in abstract,Result not specified in abstract
The economic consequences of the Brexit vote,2019,I Lizarraga Álvarez,"I Lizarraga Álvarez, J Gardeazabal - 2019 - agris.fao.org",0,https://agris.fao.org/search/en/providers/124840/records/67570e2e562f3bb5bfe8af5a,high,"Born et al. (2017): ""The Economic Impact of Brexit: Evidence from the Synthetic Control Met""",Method not specified in abstract,… We replicate the work done by Born et al
"Puff, Puff, Pass the Bible: An Empirical Replication Analysis of Religiosity and Attitudes towards Marijuana Legalization",2019,,JM Hernandez - 2019 - digital.library.txstate.edu,0,https://digital.library.txstate.edu/bitstream/handle/10877/8333/HERNANDEZ-THESIS-2019.pdf?sequence=1&isAllowed=y,medium,"Krystosek & William (2020): ""Religiosity and Attitudes towards Marijuana Legalization""",Method not specified in abstract,Result not specified in abstract
Replication package for “Automation and New Tasks: How Technology Changes Labor Demand”,2019,"D Acemoglu, P Restrepo","D Acemoglu, P Restrepo - econ.mathematik.uni-ulm.de",0,https://econ.mathematik.uni-ulm.de/ejd/readme_files/jep/2019/jep_33_2_1/readme.pdf,high,"Acemoglu et al. (2011): ""Skills, Tasks and Technologies: Implications for Employment and Earnin""",Method not specified in abstract,Result not specified in abstract
Replication data for: Oil and Conflict: What Does the Cross Country Evidence Really Show?,2019,"AM Cotet, KK Tsui","AM Cotet, KK Tsui - ICPSR Bulletin, 2019 - shu.elsevierpure.com",0,https://shu.elsevierpure.com/en/publications/replication-data-for-oil-and-conflict-what-does-the-cross-country,high,"Collier et al. (2004): ""Greed and Grievance in Civil War""; Ross & L. (2004): ""What Do We Know About Natural Resources and Civil War?""",panel data,We find little robust evidence that oil discoveries increase the likelihood of political violence
Replication Data for: The Superiority of Economists,2019,"M Fourcade, E Ollion, Y Algan","M Fourcade, E Ollion, Y Algan - 2019 - pure.mpg.de",0,https://pure.mpg.de/pubman/faces/ViewItemOverviewPage.jsp?itemId=item_3388268,high,"Fourcade et al. (2019): ""The Superiority of Economists""",Method not specified in abstract,Result not specified in abstract
"Replication code and data for"" Can Tolling Help Everyone? Estimating the Aggregate and Distribution Consequences of Congestion Pricing""",2019,,JD Hall - 2019 - borealisdata.ca,0,https://borealisdata.ca/dataset.xhtml?persistentId=doi%3A10.5683%2FSP2%2FRZS1FL&version=&q=&fileAccess=&fileTag=&fileSortField=type&fileSortOrder=,high,"Hall & D. (2019): ""Can Tolling Help Everyone? Estimating the Aggregate and Distribution C""",Method not specified in abstract,Result not specified in abstract
Replication data for: Violent Conflict and Behavior: A Field Experiment in Burundi,2019,"EEM Nillesen, P Verwimp, EH Bulte","MJ Voors, EEM Nillesen, P Verwimp, EH Bulte… - 2019 - edepot.wur.nl",0,https://edepot.wur.nl/551889,high,"Voors et al. (2012): ""Violent Conflict and Behavior: A Field Experiment in Burundi""",field experiment,We find that conflict … Replication data for: Violent Conflict and Behavior: A Field Experiment in Burundi Maarten J
"A Replication of Golina,” An Examination of the Stock Market's Effect on Economic Inequality”",2019,,A Woodward - 2019 - researchgate.net,0,https://www.researchgate.net/profile/Alex-Woodward-2/publication/333728719_A_Replication_of_Golina_An_Examination_of_the_Stock_Market's_Effect_on_Economic_Inequality/links/5d010d21a6fdccd130965e7f/A-Replication-of-Golina-An-Examination-of-the-Stock-Markets-Effect-on-Economic-Inequality.pdf,high,Not identifiable from abstract,Method not specified in abstract,Result not specified in abstract
Replication data for: Asset Bubbles and Global Imbalances,2019,T Phan,"T Phan, D Ikeda - (No Title), 2019 - cir.nii.ac.jp",0,https://cir.nii.ac.jp/crid/1880583643196349952,high,"Ikeda et al. (2019): ""Asset Bubbles and Global Imbalances""",Method not specified in abstract,Result not specified in abstract
Replication Data for Intra-Cabinet Politics and Fiscal Governance in Times of Austerity,2019,S Jankin Mikhaylov,"A Herzog, S Jankin Mikhaylov - 2019 - tigerprints.clemson.edu",0,https://tigerprints.clemson.edu/all_data/1221/,high,"Herzog et al. (2019): ""Intra-Cabinet Politics and Fiscal Governance in Times of Austerity""",Method not specified in abstract,"We find some evidence that ministers who are close to the finance minister receive a larger budget share, but under worsening macro-economic condition"
"Replication data for: Place-Based Policies, Creation, and Agglomeration Economies: Evidence from China's Economic Zone Program",2019,,"L Zhu, Y Lu, J Wang - (No Title), 2019 - cir.nii.ac.jp",0,https://cir.nii.ac.jp/crid/1881709543226930048,high,"Zhu et al. (2019): ""Place-Based Policies, Creation, and Agglomeration Economies: Evidence """,Method not specified in abstract,directional effect found
Master's Degree in Economics and Finance,2019,,"O González, M Irisarri, S Iglesias, A Beristain… - repositori.upf.edu",0,https://repositori.upf.edu/bitstream/handle/10230/43325/2019_TFM_FIN_GonzalezQuantification.pdf?isAllowed=y&sequence=1,medium,Not identifiable from abstract,Method not specified in abstract,"… To do so, we replicate the two papers in the two-stage least squares literature, and then we apply the proposed girtest function … In particular, th"
PND86 REPLICATION OF A US CLAIMS BASED ALGORITHM TO IDENTIFY MULTIPLE SCLEROSIS DISEASE SEVERITY BASED ON HEALTHCARE COSTS,2019,,"J Toliver, K Rascati - Value in Health, 2019 - valueinhealthjournal.com",0,https://www.valueinhealthjournal.com/article/S1098-3015(19)31551-7/fulltext,high,Not identifiable from abstract,Method not specified in abstract,Result not specified in abstract
REPLICATING IMPULSE BUYING STRATEGIC MODEL ON TRADITIONAL MARKET FOR THE ECONOMIC DEVELOPMENT OF INDONESIA,2019,E Iryanti,"W Handayani, E Iryanti - Revista Turismo Estudos e Práticas-RTEP …, 2019 - geplat.com",0,http://geplat.com/rtep/index.php/tourism/article/view/225,high,Not identifiable from abstract,Method not specified in abstract,Result not specified in abstract
Replication Redux,2019,O Ozier,"O Ozier - Development Research, 2019 - openknowledge.worldbank.org",0,https://openknowledge.worldbank.org/bitstreams/4bfa45fe-35c6-56f1-bf39-204b5fa2f1cf/download,high,Not identifiable from abstract,Method not specified in abstract,Result not specified in abstract
Rate and success of study replication in,2019,,CD Kelly - osf.io,0,https://osf.io/mvw8p/download,low,Science Collaboration (2015),conceptual replication,partial replication; not fully replicated; successfully replicates
Replicating the CBOE VIX using a synthetic volatility index trading algorithm,2019,G Van Vuuren,"D Cary, G Van Vuuren - Cogent Economics & Finance, 2019 - Taylor & Francis",0,https://www.tandfonline.com/doi/abs/10.1080/23322039.2019.1641063,high,Not identifiable from abstract,Method not specified in abstract,Result not specified in abstract
Replicating anomalies,2020,"K Hou, C Xue, L Zhang","K Hou, C Xue, L Zhang - The Review of financial studies, 2020 - academic.oup.com",1513,https://academic.oup.com/rfs/article-pdf/doi/10.1093/rfs/hhy131/33710468/hhy131.pdf,high,Not identifiable from abstract,Method not specified in abstract,Result not specified in abstract
The evolution of work in the United States,2020,"E Atalay, P Phongthiengtham, S Sotelo","E Atalay, P Phongthiengtham, S Sotelo… - … : Applied Economics, 2020 - aeaweb.org",272,https://www.aeaweb.org/articles?id=10.1257/app.20190070,high,Not identifiable from abstract,new/different dataset,Result not specified in abstract
The impact of renewable energy consumption to economic growth: a replication and extension of,2020,"E Dogan, D Taskin","E Dogan, B Altinoz, M Madaleno, D Taskin - Energy Economics, 2020 - Elsevier",243,https://www.sciencedirect.com/science/article/pii/S0140988320302061,high,Not identifiable from abstract,Method not specified in abstract,Result not specified in abstract
Economic policy uncertainty spillovers in booms and busts,2020,"G Caggiano, E Castelnuovo","G Caggiano, E Castelnuovo… - … Bulletin of Economics …, 2020 - Wiley Online Library",210,https://onlinelibrary.wiley.com/doi/abs/10.1111/obes.12323,low,Not identifiable from abstract,… We then replicate the analysis conducted in section 4 for Canada with UK data,Result not specified in abstract
"The rise and fall of social democracy, 1918–2017",2020,"G Benedetto, S Hix, N Mastrorocco","G Benedetto, S Hix, N Mastrorocco - American Political Science …, 2020 - cambridge.org",202,https://www.cambridge.org/core/journals/american-political-science-review/article/rise-and-fall-of-social-democracy-19182017/4E96179FAF3D1C450072565C6B5DD103,low,"Hix et al. (2007): ""Political Parties in the European Parliament""",new/different dataset,Result not specified in abstract
Do immigrants assimilate more slowly today than in the past?,2020,"R Abramitzky, L Boustan, K Eriksson","R Abramitzky, L Boustan, K Eriksson - American Economic Review …, 2020 - aeaweb.org",201,https://www.aeaweb.org/articles?id=10.1257/aeri.20190079,medium,"Abramitzky et al. (2020): ""Do Immigrants Assimilate More Slowly Today Than in the Past?""",Method not specified in abstract,… 19 We replicate modern results for the subsets of mothers who had all of their reported … There is little correlation between cultural and economic 
Patent citations reexamined,2020,"K Younge, A Marco","J Kuhn, K Younge, A Marco - The RAND Journal of Economics, 2020 - Wiley Online Library",197,https://onlinelibrary.wiley.com/doi/abs/10.1111/1756-2171.12307,medium,Not identifiable from abstract,Method not specified in abstract,… We replicate several well-known studies in industrial organization and innovation economics and demonstrate how generalized assumptions about the na
"Economic complexity, human capital and income inequality: a cross-country analysis",2020,TV Vu,"KK Lee, TV Vu - The Japanese Economic Review, 2020 - Springer",194,https://link.springer.com/article/10.1007/s42973-019-00026-7,high,Not identifiable from abstract,Method not specified in abstract,We replicate their findings using OLS regressions and find that countries with higher economic complexity exhibit less … Registro completo Referência 
Does spending money on others promote happiness?: A registered replication report.,2020,"LB Aknin, EW Dunn, J Proulx, I Lok","LB Aknin, EW Dunn, J Proulx, I Lok… - Journal of Personality …, 2020 - psycnet.apa.org",185,https://psycnet.apa.org/fulltext/2020-23349-001.html?_gl=1*c0asgv*_gcl_au*NTE1NDc3MTY5LjE3MzEzMzQ0MzM.*_ga*MTY0NDUwNTA3Ni4xNzMxMzM0NDM0*_ga_SZXLGDJGNB*MTczMTMzOTIzMy4zLjEuMTczMTM0MjA1Mi40OC4wLjA.,low,"Dunn et al. (2008): ""Spending money on others promotes happiness""",pre-registered replication,Result not specified in abstract
Using aggregated relational data to feasibly identify network structure without network data,2020,"E Breza, AG Chandrasekhar, TH McCormick","E Breza, AG Chandrasekhar, TH McCormick… - American Economic …, 2020 - aeaweb.org",173,https://www.aeaweb.org/articles?id=10.1257/aer.20170861,high,"Banerjee et al. (2013): ""The Diffusion of Microfinance""; Jackson et al. (2007): ""Meeting Strangers and Friends of Friends: How Random Are Social Networ""",field experiment,effect significance noted
Value-based attention but not divisive normalization influences decisions with multiple alternatives,2020,S Gluth,"S Gluth, N Kern, M Kortmann, CL Vitali - Nature human behaviour, 2020 - nature.com",168,https://www.nature.com/articles/s41562-020-0822-0,high,"Gluth et al. (2018): ""Value-based attentional capture affects multi-alternative decision mak""",pre-registered replication; direct replication,unable to replicate
Conservatives and liberals have similar physiological responses to threats,2020,"BN Bakker, G Schumacher, C Gothreau","BN Bakker, G Schumacher, C Gothreau… - Nature human …, 2020 - nature.com",167,https://www.nature.com/articles/s41562-020-0823-z,high,"Oxley et al. (2008): ""Political attitudes vary with physiological traits""",pre-registered replication; direct replication; conceptual replication,not replicated
Measuring “schmeduling”,2020,"A Rees-Jones, D Taubinsky","A Rees-Jones, D Taubinsky - The Review of Economic Studies, 2020 - academic.oup.com",167,https://academic.oup.com/restud/article-abstract/87/5/2399/5569886,medium,Not identifiable from abstract,Method not specified in abstract,"… We replicate our finding of prevalent ironing, and a lack of other systematic misperceptions, in a controlled experiment that studies real-stakes de"
Diffusion of being pivotal and immoral outcomes,2020,A Falk,"A Falk, T Neuber, N Szech - The Review of Economic Studies, 2020 - academic.oup.com",155,https://academic.oup.com/restud/article-abstract/87/5/2205/5715595,medium,Not identifiable from abstract,Method not specified in abstract,… We replicate our finding from the mouse paradigm
Food attribution and economic cost estimates for meat-and poultry-related illnesses,2020,RL Scharff,"RL Scharff - Journal of food protection, 2020 - Elsevier",127,https://www.sciencedirect.com/science/article/pii/S0362028X22103248,high,"Centers for Disease Control and Prevention (2011): ""Economic cost of foodborne illness""",Method not specified in abstract,Result not specified in abstract
A registered replication study on oxytocin and trust,2020,"CH Declerck, C Boone, B Vogt","CH Declerck, C Boone, L Pauwels, B Vogt… - Nature Human …, 2020 - nature.com",126,https://www.nature.com/articles/s41562-020-0878-x,high,"Kosfeld et al. (2005): ""Oxytocin increases trust in humans""",pre-registered replication; double-blind design; meta-analysis,effect significance noted
THE IMPACTS OF THE EU ETS ON NORWEGIAN PLANTS'ENVIRONMENTAL AND ECONOMIC PERFORMANCE,2020,"M Klemetsen, KE Rosendahl","M Klemetsen, KE Rosendahl… - … Change Economics, 2020 - World Scientific",124,https://www.worldscientific.com/doi/abs/10.1142/S2010007820500062,low,Not identifiable from abstract,"Fifth, we test the effects … Finally, we replicate Tables 2 and 3 on a sample of treated and nontreated plants that are …","Fifth, we test the effects … Finally, we replicate Tables 2 and 3 on a sample of treated and nontreated plants that are …"
Initial economic damage from the COVID-19 pandemic in the United States is more widespread across ages and geographies than initial mortality impacts,2020,"G Kocks, V Udalova","M Polyakova, G Kocks, V Udalova… - Proceedings of the …, 2020 - pnas.org",117,https://www.pnas.org/doi/abs/10.1073/pnas.2014279117,high,Not identifiable from abstract,… approach for computing excess mortality and economic damages does not produce either meaningful excess mortality or economic dam,… approach for computing excess mortality and economic damages does not produce either meaningful excess mortality or economic damages when we replica
Increasing small-and medium-enterprise contribution to local and regional economic growth by assessing the institutional environment,2020,N Wise,"LA Gamidullaeva, SM Vasin, N Wise - Journal of Small Business and …, 2020 - emerald.com",111,https://www.emerald.com/insight/content/doi/10.1108/JSBED-07-2019-0219/full/html,high,Not identifiable from abstract,Method not specified in abstract,Result not specified in abstract
Australian policy uncertainty and corporate investment,2020,"CHA Le, Y Shan, S Taylor","X Chen, CHA Le, Y Shan, S Taylor - Pacific-Basin Finance Journal, 2020 - Elsevier",102,https://www.sciencedirect.com/science/article/pii/S0927538X20301256,high,"Gulen et al. (2016): ""Policy Uncertainty and Corporate Investment""",Method not specified in abstract,Result not specified in abstract
Publication bias and the cross-section of stock returns,2020,"AY Chen, T Zimmermann","AY Chen, T Zimmermann - The Review of Asset Pricing Studies, 2020 - academic.oup.com",102,https://academic.oup.com/raps/article-abstract/10/2/249/5640503,low,Not identifiable from abstract,Method not specified in abstract,Result not specified in abstract
Determinants of social entrepreneurial intentions in a developing country context,2020,"JM de Sousa-Filho, S Matos","JM de Sousa-Filho, S Matos, S da Silva Trajano… - Journal of Business …, 2020 - Elsevier",100,https://www.sciencedirect.com/science/article/pii/S2352673420300639,high,"Hockerts & Kai (2017): ""Determinants of social entrepreneurial intentions""",Method not specified in abstract,not fully replicated; successfully replicates
A cautionary tale of evaluating identifying assumptions: did reality TV really cause a decline in teenage childbearing?,2020,"DA Jaeger, TJ Joyce, R Kaestner","DA Jaeger, TJ Joyce, R Kaestner - Journal of Business & Economic …, 2020 - Taylor & Francis",99,https://www.tandfonline.com/doi/abs/10.1080/07350015.2018.1497510,medium,Not identifiable from abstract,Method not specified in abstract,"… In the odd-numbered rows of Table 4 , we replicate these results for all three race/ethnicity groups"
Understanding persistence,2020,M Kelly,M Kelly - 2020 - researchrepository.ucd.ie,98,https://researchrepository.ucd.ie/handle/10197/11538,high,"Nunn et al. (2011): ""The Potato's Contribution to Population and Urbanization: Evidence fro""",robustness check,effect significance noted
The intuitive cooperation hypothesis revisited: a meta-analytic examination of effect size and between-study heterogeneity,2020,"A Kvarven, E Strømland, C Wollbrant","A Kvarven, E Strømland, C Wollbrant… - … of the Economic …, 2020 - cambridge.org",97,https://www.cambridge.org/core/journals/journal-of-the-economic-science-association/article/intuitive-cooperation-hypothesis-revisited-a-metaanalytic-examination-of-effect-size-and-betweenstudy-heterogeneity/57CC1046691089A03A7CA81E133540FC,high,Not identifiable from abstract,pre-registered replication,fails to replicate
"“Global warming” versus “climate change”: A replication on the association between political self-identification, question wording, and environmental beliefs",2020,"ARB Soutter, R Mõttus","ARB Soutter, R Mõttus - Journal of Environmental Psychology, 2020 - Elsevier",89,https://www.sciencedirect.com/science/article/pii/S0272494419307376,high,Not identifiable from abstract,Method not specified in abstract,Result not specified in abstract
What do we know about the impact of microfinance? The problems of statistical power and precision,2020,"M Dahal, N Fiala","M Dahal, N Fiala - World Development, 2020 - Elsevier",81,https://www.sciencedirect.com/science/article/pii/S0305750X1930422X,high,Not identifiable from abstract,uses original data/code,effect significance noted
Reported MPC and unobserved heterogeneity,2020,"T Jappelli, L Pistaferri","T Jappelli, L Pistaferri - American Economic Journal: Economic Policy, 2020 - aeaweb.org",78,https://www.aeaweb.org/articles?id=10.1257/pol.20180420,medium,"Jappelli et al. (2020): ""Reported MPC and Unobserved Heterogeneity""",Method not specified in abstract,"… They find that households reporting that they “mostly spent” their economic stimulus pay… First, we replicate the regressions in Table 4, focusing o"
"Positive economic, psychosocial, and physiological ecologies predict brain structure and cognitive performance in 9–10-year-old children",2020,"MR Gonzalez, CE Palmer, KA Uban","MR Gonzalez, CE Palmer, KA Uban… - Frontiers in human …, 2020 - frontiersin.org",69,https://www.frontiersin.org/articles/10.3389/fnhum.2020.578822/full,medium,"Noble et al. (2015): ""Socioeconomic gradients in neurocognitive development: A longitudinal ""; Farah & J. (2017): ""The neuroscience of socioeconomic status: A review.""; Hair et al. (2015): ""Association of child poverty with brain development and psychiatric di""",Method not specified in abstract,"… 22 proximal measures in the economic, psychosocial, … in the United States, we replicate associations of low SES with … visible beyond the level of "
Strategically delusional,2020,"A Solda, C Ke, L Page, W Von Hippel","A Solda, C Ke, L Page, W Von Hippel - Experimental Economics, 2020 - Springer",66,https://link.springer.com/article/10.1007/s10683-019-09636-9,high,Not identifiable from abstract,Method not specified in abstract,Result not specified in abstract
Structural increases in demand for skill after the great recession,2020,"PQ Blair, DJ Deming","PQ Blair, DJ Deming - AEA Papers and Proceedings, 2020 - aeaweb.org",65,https://www.aeaweb.org/articles?id=10.1257/pandp.20201064,high,"Hershbein et al. (2018): ""The Impact of the Great Recession on the Demand for Skills""; Modestino et al. (fort): ""The Skill Demand Shift: Evidence from Job Vacancies""",Method not specified in abstract,"… We replicate the findings of Hershbein and Kahn (2018) and Modestino, Shoag, and Ballance (forthcoming), which show that skill demands increased mor"
Public health interventions and economic growth: Revisiting the Spanish flu evidence,2020,"A Lilley, M Lilley, G Rinaldi","A Lilley, M Lilley, G Rinaldi - Available at SSRN 3590008, 2020 - papers.ssrn.com",64,https://papers.ssrn.com/sol3/papers.cfm?abstract_id=3590008,high,Not identifiable from abstract,Method not specified in abstract,Result not specified in abstract
Ethnic enclaves and immigrant outcomes: Norwegian immigrants during the Age of Mass Migration,2020,K Eriksson,"K Eriksson - European Review of Economic History, 2020 - academic.oup.com",62,https://academic.oup.com/ereh/article-abstract/24/3/427/5644300,medium,Not identifiable from abstract,"… I start with Ordinary Least Squares (OLS) and then county fixed effects to replicate the results from … In column (4), I replica",Result not specified in abstract
The stability of conditional cooperation: beliefs alone cannot explain the decline of cooperation in social dilemmas,2020,"M Ploner, AS Saral","L Andreozzi, M Ploner, AS Saral - Scientific reports, 2020 - nature.com",57,https://www.nature.com/articles/s41598-020-70681-z,low,"Fischbacher et al. (2002): ""Eliciting Preferences for Fairness in Public Goods Games""; Fischbacher et al. (2006): ""Social Preferences, Beliefs, and the Dynamics of Free Riding in Public""",Method not specified in abstract,effect significance noted
A global decline in research productivity? Evidence from China and Germany,2020,"P Boeing, P Hünermund","P Boeing, P Hünermund - Economics Letters, 2020 - Elsevier",52,https://www.sciencedirect.com/science/article/pii/S0165176520304067,high,Not identifiable from abstract,"… In this paper, we replicate their findings for China and Germany, using detailed firm-level data spanning three decades","… In this paper, we replicate their findings for China and Germany, using detailed firm-level data spanning three decades"
Does policy uncertainty influence mergers and acquisitions activities in China? A replication study,2020,"J Borthwick, S Ali, X Pan","J Borthwick, S Ali, X Pan - Pacific-Basin Finance Journal, 2020 - Elsevier",51,https://www.sciencedirect.com/science/article/pii/S0927538X20300135,high,"Bonaime et al. (2018): ""Policy Uncertainty and Mergers and Acquisitions""",Method not specified in abstract,"In this paper, we replicate the results of Bonaime, Gulen and Ion (Journal of Financial Economics, 2018, p531–558) who investigate the influence of po"
Economic exchange or gender identities? Housework division and wives' economic dependency in different contexts,2020,"H Mandel, A Lazarus","H Mandel, A Lazarus, M Shaby - European sociological review, 2020 - academic.oup.com",47,https://academic.oup.com/esr/article-abstract/36/6/831/5917255,low,Not identifiable from abstract,Method not specified in abstract,Result not specified in abstract
The entitlement effect in the ultimatum game–does it even exist?,2020,"EE Demiral, J Mollerstrom","EE Demiral, J Mollerstrom - Journal of Economic Behavior & Organization, 2020 - Elsevier",47,https://www.sciencedirect.com/science/article/pii/S016726811830235X,high,Not identifiable from abstract,Method not specified in abstract,fails to replicate
On the economic impacts of mortgage credit expansion policies: evidence from help to buy,2020,"F Carozzi, CAL Hilber, X Yu","F Carozzi, CAL Hilber, X Yu - 2020 - papers.ssrn.com",46,https://papers.ssrn.com/sol3/papers.cfm?abstract_id=3594250,medium,Not identifiable from abstract,Method not specified in abstract,"… In Tables B13 and B14 we replicate the results reported in Tables 6 and 7 using contemporaneous construction effects (ie, the post-treatment-period "
"Higher economic growth in poor countries, lower migration flows to the OECD: Revisiting the migration hump with panel data",2020,,"D Bencek, C Schneiderheinze - 2020 - econstor.eu",44,https://www.econstor.eu/handle/10419/231567,medium,Not identifiable from abstract,panel data,directional effect found
Reviewing the oil price–GDP growth relationship: A replication study,2020,"L Charfeddine, T Klein, T Walther","L Charfeddine, T Klein, T Walther - Energy Economics, 2020 - Elsevier",43,https://www.sciencedirect.com/science/article/pii/S0140988320301262,high,"Hamilton & D. (2003): ""What is an Oil Shock?""",Method not specified in abstract,replicates and extends original; extends original findings
Institutional systems for equitable wealth creation: Replication and an update of Judge et al.(2014),2020,"S Fainshmidt, JL Brown","WQ Judge, S Fainshmidt, JL Brown - Management and Organization …, 2020 - cambridge.org",42,https://www.cambridge.org/core/journals/management-and-organization-review/article/institutional-systems-for-equitable-wealth-creation-replication-and-an-update-of-judge-et-al-2014/C7ED8F7DB5FAF9EA0B4B06269AA0B677,high,"Judge et al. (2014): ""The relationship between leadership and organizational culture: A meta""",Method not specified in abstract,Result not specified in abstract
Narcissism in CEO research: a review and replication of the archival approach,2020,JR Van Scotter,"JR Van Scotter - Management Review Quarterly, 2020 - Springer",39,https://link.springer.com/article/10.1007/s11301-019-00178-1,high,"Chatterjee et al. (2007): ""It’s all about me: Narcissistic chief executive officers and their eff""",Method not specified in abstract,Result not specified in abstract
Folk standards of sound judgment: Rationality versus reasonableness,2020,I Grossmann,"I Grossmann, RP Eibach, J Koyama, QB Sahi - Science advances, 2020 - science.org",38,https://www.science.org/doi/abs/10.1126/sciadv.aaz0289,high,Not identifiable from abstract,pre-registered replication,Result not specified in abstract
Getting a Lawyer While Black: A Field Experiment,2020,B Libgober,"B Libgober - Lewis & Clark L. Rev., 2020 - HeinOnline",36,https://heinonline.org/hol-cgi-bin/get_pdf.cgi?handle=hein.journals/lewclr24&section=5,low,Not identifiable from abstract,Method not specified in abstract,Result not specified in abstract
Stationarity properties of per capita CO2 emissions in the OECD in the very long-run: a replication and extension analysis,2020,"SA Churchill, J Inekwe, K Ivanovski, R Smyth","SA Churchill, J Inekwe, K Ivanovski, R Smyth - Energy Economics, 2020 - Elsevier",35,https://www.sciencedirect.com/science/article/pii/S0140988320302085,high,"Zerbo et al. (2019): ""Stationarity properties of per capita CO2 emissions in the OECD""",Method not specified in abstract,"We replicate, and extend, Zerbo and Darné's (2019) study examining the stationarity properties of per capita carbon dioxide (CO 2 ) emissions in the O"
Attention‐deficit hyperactivity disorder symptoms and entrepreneurial orientation: A replication note,2020,"A Wismans, R Thurik, O Torrès","A Wismans, R Thurik, I Verheul, O Torrès… - Applied …, 2020 - Wiley Online Library",33,https://iaap-journals.onlinelibrary.wiley.com/doi/abs/10.1111/apps.12247,high,Not identifiable from abstract,… The present study aims to replicate the relationship between ADHD symptoms and EO using a large data set of French small busines,Result not specified in abstract
Which prisoner reentry programs work? Replicating and extending analyses of three RCTs,2020,"JL Doleac, D Pritchard","JL Doleac, C Temple, D Pritchard, A Roberts - … of Law and Economics, 2020 - Elsevier",33,https://www.sciencedirect.com/science/article/pii/S014481881930290X,high,Not identifiable from abstract,Method not specified in abstract,replicates and extends original
Replication: Belief elicitation with quadratic and binarized scoring rules,2020,"N Erkal, L Gangadharan, BH Koh","N Erkal, L Gangadharan, BH Koh - Journal of Economic Psychology, 2020 - Elsevier",32,https://www.sciencedirect.com/science/article/pii/S0167487020300763,high,Not identifiable from abstract,Method not specified in abstract,Result not specified in abstract
When Coercive Economies Fail: The Political Economy of the US South After the Boll Weevil,2020,"JJ Feigenbaum, CB Smith","JJ Feigenbaum, S Mazumder, CB Smith - 2020 - nber.org",31,https://www.nber.org/papers/w27161,medium,"Feigenbaum et al. (2020): ""When Coercive Economies Fail: The Political Economy of the US South Af""",natural experiment; difference-in-differences,replicates and extends original
"Democratic legacies: using democratic stock to assess norms, growth, and regime trajectories",2020,"AB Edgell, MC Wilson, VA Boese","AB Edgell, MC Wilson, VA Boese, S Grahn - V-Dem Working Paper, 2020 - papers.ssrn.com",30,https://papers.ssrn.com/sol3/papers.cfm?abstract_id=3595957,medium,"Claassen & Ryan (2020): ""Backlash against increases in counter-majoritarian institutions""",Method not specified in abstract,Result not specified in abstract
The heterogenous impact of taxation on FDI: A note on Djankov et al.(2010),2020,"L Rizzo, R Secomandi","A Esteller-More, L Rizzo, R Secomandi - Economics Letters, 2020 - Elsevier",27,https://www.sciencedirect.com/science/article/pii/S0165176519303891,high,"Djankov et al. (2010): ""The effect of corporate taxes on investment and entrepreneurship""","In particular, column (1) replicates … In column (3) and in column (5), again, we replicate their original results for the first-y","In particular, column (1) replicates … In column (3) and in column (5), again, we replicate their original results for the first-year …"
A Canadian replication of Telep and Lum's (2014) examination of police officers' receptivity to empirical research,2020,"C Bennell, L Huey, H Kalyal","B Blaskovits, C Bennell, L Huey, H Kalyal… - Policing and …, 2020 - Taylor & Francis",27,https://www.tandfonline.com/doi/shareview/10.1080/10439463.2018.1522315,high,"Telep et al. (2014): ""The role of research in policing: A study of police officers' receptiv""",Method not specified in abstract,Result not specified in abstract
"Replication with MTurk of the experimental design by Gangadharan, Grossman, Jones & Leister (2018): Charitable giving across donor types",2020,L Gandullia,"L Gandullia, E Lezzi, P Parciasepe - Journal of Economic Psychology, 2020 - Elsevier",27,https://www.sciencedirect.com/science/article/pii/S0167487020300258,high,"Gangadharan et al. (2018): ""Charitable giving across donor types""",Method not specified in abstract,Result not specified in abstract
Does labor supply respond to transitory income? Evidence from the economic stimulus payments of 2008,2020,D Powell,"D Powell - Journal of Labor Economics, 2020 - journals.uchicago.edu",25,https://www.journals.uchicago.edu/doi/abs/10.1086/704494,medium,Not identifiable from abstract,Method not specified in abstract,Result not specified in abstract
Economic development and the motherhood wage penalty,2020,M Marks,"JM Agüero, M Marks, N Raykar - 2020 - media.economics.uconn.edu",25,https://media.economics.uconn.edu/working/2020-06.pdf,high,"Jensen & R. (2012): ""Do Labor Market Opportunities Affect Young Women's Decisions About Chi""",… We replicate theirs and Jensen's (2012) analysis for the set of countries used in our paper and the subsample of women who work ,… We replicate theirs and Jensen's (2012) analysis for the set of countries used in our paper and the subsample of women who work for pay split by sta
Changes in students' understanding of and visual attention on digitally represented graphs across two domains in higher education: A postreplication study,2020,,"S Brückner, O Zlatkin-Troitschanskaia… - Frontiers in …, 2020 - frontiersin.org",25,https://www.frontiersin.org/articles/10.3389/fpsyg.2020.02090/full,high,"Klein et al. (2019): ""Title of Klein et al.'s study""; Susac et al. (2018): ""Title of Susac et al.'s study""",different context/setting,"The results indicate domain-speciﬁc, context- and concept-related differences in the development of graph understanding over the ﬁrst semester, as wel"
An estimation of the economic costs of social-distancing policies,2020,"A Strong, JW Welburn","A Strong, JW Welburn - 2020 - rand.org",25,https://www.rand.org/content/dam/rand/pubs/research_reports/RRA100/RRA173-1/RAND_RRA173-1.pdf,medium,Not identifiable from abstract,Method not specified in abstract,… economic models aimed at filling in the gap and at estimating a rough order of magnitude of the economic … We replicate the analysis for all 50 stat
"Replication: Cheating, loss aversion, and moral attitudes in Vietnam",2020,TLD Huynh,"TLD Huynh - Journal of Economic Psychology, 2020 - Elsevier",25,https://www.sciencedirect.com/science/article/pii/S0167487020300349,high,"Gneezy et al. (2009): ""On the interaction between risk and time preferences: An experimental ""; Mazar et al. (2010): ""Do green products make us better people?""",Method not specified in abstract,Result not specified in abstract
Services in international business studies: A replication and extension of Merchant and Gaur (2008),2020,PDØ Jensen,"DH Blagoeva, PDØ Jensen, H Merchant - Management International …, 2020 - Springer",24,https://link.springer.com/article/10.1007/s11575-020-00417-8,high,"Merchant et al. (2008): ""The internationalisation of non-manufacturing firms: A review of the l""",Method not specified in abstract,replicates and extends original; extends original findings
"Automatic time series modeling and forecasting: A replication case study of forecasting real GDP, the unemployment rate and the impact of leading economic …",2020,"D Thomakos, F Kyriazi","J Guerard, D Thomakos, F Kyriazi - Cogent Economics & Finance, 2020 - Taylor & Francis",24,https://www.tandfonline.com/doi/abs/10.1080/23322039.2020.1759483,high,Not identifiable from abstract,Method not specified in abstract,Result not specified in abstract
Behavioral drivers or economic incentives? Toward a better understanding of elicitation effects in stated preference studies,2020,"CA Vossler, E Zawojska","CA Vossler, E Zawojska - … and Resource Economists, 2020 - journals.uchicago.edu",24,https://www.journals.uchicago.edu/doi/abs/10.1086/706645,high,Not identifiable from abstract,Method not specified in abstract,Result not specified in abstract
How to increase citizen coproduction: Replication and extension of existing research,2020,"SC Andersen, HS Nielsen","SC Andersen, HS Nielsen… - International Public …, 2020 - Taylor & Francis",24,https://www.tandfonline.com/doi/abs/10.1080/10967494.2018.1518851,high,Not identifiable from abstract,field experiment,mixed results
Incentives for dishonesty: An experimental study with internal auditors,2020,"L Balafoutas, M Eulerich","L Balafoutas, S Czermak, M Eulerich… - Economic …, 2020 - Wiley Online Library",23,https://onlinelibrary.wiley.com/doi/abs/10.1111/ecin.12878,low,Not identifiable from abstract,Method not specified in abstract,Result not specified in abstract
The role of motivation and volition in economic decisions: Evidence from eye movements and pupillometry,2020,"J Ludwig, A Achtziger","J Ludwig, A Jaudas, A Achtziger - Journal of Behavioral …, 2020 - Wiley Online Library",22,https://onlinelibrary.wiley.com/doi/abs/10.1002/bdm.2152,low,Not identifiable from abstract,Method not specified in abstract,Result not specified in abstract
Is a fine still a price? Replication as robustness in empirical legal studies,2020,"EA Satterthwaite, JS Dillbary","C Metcalf, EA Satterthwaite, JS Dillbary… - … of Law and Economics, 2020 - Elsevier",22,https://www.sciencedirect.com/science/article/pii/S0144818819302741,high,Not identifiable from abstract,Method not specified in abstract,Result not specified in abstract
Did mutual fund return persistence persist?,2020,"JJ Choi, K Zhao","JJ Choi, K Zhao - 2020 - nber.org",21,https://www.nber.org/papers/w26707,high,"Carhart & M. (1997): ""On Persistence in Mutual Fund Performance""","We are able to replicate Carhart's results in his 1963-1993 sample period, but we find that significant performance persistence do",effect significance noted
Effects of life expectancy on economic growth: new results using the flexible Box–Cox power transformation model,2020,"AA Okunade, AR Osmani","AA Okunade, AR Osmani - Applied Economics Letters, 2020 - Taylor & Francis",21,https://www.tandfonline.com/doi/abs/10.1080/13504851.2020.1713976,low,Not identifiable from abstract,Method not specified in abstract,Result not specified in abstract
Do tournaments with superstars encourage or discourage competition?,2020,SJ Goerg,"M Babington, SJ Goerg… - … of Sports Economics, 2020 - journals.sagepub.com",21,https://journals.sagepub.com/doi/abs/10.1177/1527002519859405,high,Not identifiable from abstract,Method not specified in abstract,Result not specified in abstract
Revisiting the monday effect: a replication study for the German stock market,2020,"M Charifzadeh, TA Herberger","S Miss, M Charifzadeh, TA Herberger - Management review quarterly, 2020 - Springer",20,https://link.springer.com/article/10.1007/s11301-019-00167-4,high,Zhang et al. (2017),… We replicate the regression and GARCH approach by Zhang et al,… We replicate the regression and GARCH approach by Zhang et al
The effects of graduating from college during a recession on living standards,2020,"D Kawaguchi, A Kondo","D Kawaguchi, A Kondo - Economic Inquiry, 2020 - Wiley Online Library",20,https://onlinelibrary.wiley.com/doi/abs/10.1111/ecin.12835,high,"Kahn & B. (2010): ""The long-term labor market consequences of graduating from college in """,Method not specified in abstract,"… First, we replicate Kahn (2010)'s result on labor-market outcomes"
Effects of rural electrification on employment: A comment on Dinkelman (2011),2020,"G Bensch, J Peters","G Bensch, G Gotz, J Peters - 2020 - econstor.eu",19,https://www.econstor.eu/handle/10419/214184,high,"Dinkelman & Taryn (2011): ""The Effects of Rural Electrification on Employment: Evidence from Sout""",Method not specified in abstract,replicates and extends original
Motivational crowding out effects in charitable giving: Experimental evidence,2020,"S Müller, HA Rau","S Müller, HA Rau - Journal of Economic Psychology, 2020 - Elsevier",19,https://www.sciencedirect.com/science/article/pii/S0167487018300667,high,"Gneezy et al. (2000): ""Using price to lower demand for charitable giving""",Method not specified in abstract,… In a replication study we find support for these results for subjects who have previously participated in at least one economic … In a replication s
Purchasing power: US overseas defense spending and military statecraft,2020,"B Blankenship, R Miles Joyce","B Blankenship, R Miles Joyce - Journal of Conflict Resolution, 2020 - journals.sagepub.com",19,https://journals.sagepub.com/doi/abs/10.1177/0022002719854786,medium,Not identifiable from abstract,Method not specified in abstract,"… Additionally, we replicate model 4 of Table 4 to compare the determinants of procurement …"
Information credibility and responses to corruption: a replication and extension in Argentina,2020,"MS Winters, R Weitz-Shapiro","MS Winters, R Weitz-Shapiro - Political Science Research and …, 2020 - cambridge.org",18,https://www.cambridge.org/core/journals/political-science-research-and-methods/article/information-credibility-and-responses-to-corruption-a-replication-and-extension-in-argentina/6420C949AE8F4DF6AA4DB5BE47C65659,high,Not identifiable from abstract,Method not specified in abstract,not fully replicated; successfully replicates
Do coaches in the national basketball association actually display racial bias? A replication and extension,2020,"G Ertug, M Maoret","G Ertug, M Maoret - Academy of Management Discoveries, 2020 - journals.aom.org",18,https://journals.aom.org/doi/abs/10.5465/amd.2018.0091,high,Schroffel and Magee (2012); Magee (2012),Method not specified in abstract,replicates and extends original
Copyright and economic viability: Evidence from the music industry,2020,"K García, J Hicks, J McCrary","K García, J Hicks, J McCrary - Journal of Empirical Legal …, 2020 - Wiley Online Library",18,https://onlinelibrary.wiley.com/doi/abs/10.1111/jels.12267,medium,Not identifiable from abstract,Method not specified in abstract,"22 We impute “top-seller” … Using this indicator variable, we replicate the main specification with an additional …"
The mechanisms of direct and indirect rule: Colonialism and economic development in Africa,2020,"NW Letsa, M Wilfahrt","NW Letsa, M Wilfahrt - Quarterly Journal of Political Science, 2020 - escholarship.org",17,https://escholarship.org/content/qt5xn5n555/qt5xn5n555.pdf,medium,"Acemoglu et al. (2001): ""The Colonial Origins of Comparative Development: An Empirical Investig""; Nunn et al. (2011): ""The Potato's Contribution to Population and Urbanization: Evidence fro""",regression discontinuity,mixed results; replicates and extends original; effect significance noted
"Bowling with Trump: Economic anxiety, racial identification, and well-being in the 2016 presidential election",2020,"M Fabian, R Breunig, JE De Neve","M Fabian, R Breunig, JE De Neve - 2020 - econstor.eu",17,https://www.econstor.eu/handle/10419/216334,high,"Fabian et al. (2012): ""Analysis of the 2012 election contest between Mitt Romney and Barack O""",Method not specified in abstract,original effect may be overstated; directional effect found; effect significance noted
Crude oil trade and current account deficits: Replication and extension,2020,A Musau,"A Musau, S Veka - Empirical economics, 2020 - Springer",16,https://link.springer.com/article/10.1007/s00181-018-1522-8,high,"Huntington & G. (2015): ""Crude oil trade and current account deficits""",Method not specified in abstract,Result not specified in abstract
The earned income tax credit and infant health revisited,2020,"D Dench, T Joyce","D Dench, T Joyce - Health economics, 2020 - Wiley Online Library",16,https://onlinelibrary.wiley.com/doi/abs/10.1002/hec.3972,low,Not identifiable from abstract,Method not specified in abstract,Result not specified in abstract
"Unfolding the relationship between mortality, economic fluctuations, and health in Italy",2020,M Cavicchioli,"M Cavicchioli, B Pistoresi - The European Journal of Health Economics, 2020 - Springer",15,https://link.springer.com/article/10.1007/s10198-019-01135-1,high,"Brenner & M.H. (1979): ""Mortality and the national economy: a review, and the experience of En""; Ruhm & C.J. (2006): ""Deaths rise in good economic times: evidence from the OECD""",panel data,fails to replicate; original result may be spurious; directional effect found; effect significance noted
Socio-economic decline and death: The life-cycle impacts of recessions for labor market entrants,2020,"H Schwandt, TM Von Wachter","H Schwandt, TM Von Wachter - 2020 - nber.org",15,https://www.nber.org/papers/w26638,medium,"Schwandt et al. (2020): ""Socio-Economic Decline and Death: The Life-Cycle Impacts of Recessions""",Method not specified in abstract,… One important empirical finding that we replicate in our analysis is that mortality of young workers at the time of labor market entry tends to decl
Do sex hormones at birth predict later-life economic preferences? Evidence from a pregnancy birth cohort study,2020,"B Van Leeuwen, P Smeets, J Bovet","B Van Leeuwen, P Smeets, J Bovet… - … of the Royal …, 2020 - royalsocietypublishing.org",14,https://royalsocietypublishing.org/doi/abs/10.1098/rspb.2020.1756,medium,Not identifiable from abstract,… We replicate these findings in our current (sub)sample,… We replicate these findings in our current (sub)sample
Geographic dispersion of economic shocks: Evidence from the fracking revolution: Reply,2020,"J Feyrer, E Mansur, B Sacerdote","J Feyrer, E Mansur, B Sacerdote - American Economic Review, 2020 - aeaweb.org",13,https://www.aeaweb.org/articles?id=10.1257/aer.20190448,medium,"Feyrer et al. (2017): ""Geographic Dispersion of Economic Shocks: Evidence from the Fracking R""; James et al. (2020): ""Comment on Geographic Dispersion of Economic Shocks: Evidence from the""",Method not specified in abstract,"… In column 3, we replicate column 1 but include additional donuts beyond the center disk out … In column 4, we replicate column 2 but scale new produ"
Estimating effects of affirmative action in policing: A replication and extension,2020,"M Garner, A Harvey","M Garner, A Harvey, H Johnson - … Review of Law and Economics, 2020 - Elsevier",13,https://www.sciencedirect.com/science/article/pii/S0144818819302686,high,Not identifiable from abstract,Method not specified in abstract,Result not specified in abstract
Tax effort in Sub-Saharan African countries: evidence from a new dataset,2020,"AA Dama, A Compaoré","E Caldeira, AA Dama, A Compaoré, M Mansour… - 2020 - uca.hal.science",13,https://uca.hal.science/hal-02543162/,high,"Hamermesh & S. (2007): ""Replication in Economics""; Clemens & A. (2017): ""The Meaning of Failed Replications: A Review of the Evidence""",new/different dataset,"In line with previous analyses, we find that countries' stage of development measured by per-capita income, financial development, and trade openness "
"Aging, proximity to death, and religiosity",2020,U Sunde,"M Lechler, U Sunde - Population and Development Review, 2020 - Wiley Online Library",13,https://onlinelibrary.wiley.com/doi/abs/10.1111/padr.12358,low,Not identifiable from abstract,Method not specified in abstract,Result not specified in abstract
The impact of building energy codes on household electricity expenditures,2020,MJ Holian,"MJ Holian - Economics Letters, 2020 - Elsevier",13,https://www.sciencedirect.com/science/article/pii/S0165176519304264,high,Not identifiable from abstract,Method not specified in abstract,Result not specified in abstract
"Public debt, interest rates, and negative shocks",2020,RW Evans,"RW Evans - AEA Papers and Proceedings, 2020 - aeaweb.org",12,https://www.aeaweb.org/articles?id=10.1257/pandp.20201101,high,"Blanchard & Olivier (2019): ""Public Debt and Low Interest Rates""",… This paper attempts to replicate the stated approach of the Blanchard (2019) paper and … The economic environment is an overlapp,Result not specified in abstract
Forward premia in electricity markets: A replication study,2020,S Van Koten,"S Van Koten - Energy Economics, 2020 - Elsevier",12,https://www.sciencedirect.com/science/article/pii/S0140988320301523,high,"Lemmon et al. (2002): ""Risk Premia in Electricity Markets""",Method not specified in abstract,Result not specified in abstract
Model simplification and variable selection: A Replication of the UK inflation model by Hendry (2001),2020,"M Błażejowski, P Kufel","M Błażejowski, P Kufel… - Journal of Applied …, 2020 - Wiley Online Library",11,https://onlinelibrary.wiley.com/doi/abs/10.1002/jae.2760,high,"Hendry & F. (2001): ""Modeling UK inflation: A case study in the use of econometric models""",Method not specified in abstract,extends original findings
"Impact of web design, assurance, customer service and brand image on intention to adopt internet banking and customer loyalty at Bank Central Asia (BCA)",2020,TYR Syah,"R Prasetia, TYR Syah - International Journal of Economics …, 2020 - jurnal.stie-aas.ac.id",11,http://www.jurnal.stie-aas.ac.id/index.php/IJEBAR/article/view/952,high,"Rahi et al. (2018): ""Investigating The Role of E-Service Quality and Brand Image in Interne""",Method not specified in abstract,effect significance noted
"Revisiting the decoy effect: replication and extension of Ariely and Wallsten (1995) and Connolly, Reb, and Kausel (2013)‎",2020,"Q Xiao, G Feldman","Q Xiao, S Zeng, G Feldman - Comprehensive Results in Social …, 2020 - Taylor & Francis",10,https://www.tandfonline.com/doi/abs/10.1080/23743603.2021.1878340,high,"Ariely et al. (1995): ""Explaining the inconsistent: The effect of the decoy on choice""; Connolly et al. (2013): ""The decoy effect: A review and meta-analysis""",Method not specified in abstract,fails to replicate; smaller effect than original
Replication: Do women shy away from competition? Experimental evidence from China,2020,"F Carlsson, E Lampi, P Martinsson","F Carlsson, E Lampi, P Martinsson, X Yang - Journal of Economic …, 2020 - Elsevier",10,https://www.sciencedirect.com/science/article/pii/S0167487020300738,high,"Niederle et al. (2007): ""Do Women Shy Away from Competition? Do Men Compete Too Much?""",field experiment,Result not specified in abstract
The impacts of alcohol taxes: A replication review,2020,D Roodman,"D Roodman - arXiv preprint arXiv:2007.10270, 2020 - arxiv.org",9,https://arxiv.org/abs/2007.10270,high,"Various (2002): ""The impact of alcohol taxes on consumption and mortality""; Various (2004): ""The impact of alcohol taxes on consumption and mortality""",natural experiment,Result not specified in abstract
Living wages across the Pacific Rim: A localised replication study from China,2020,SC Carr,"Y Hu, SC Carr - Journal of Pacific Rim Psychology, 2020 - journals.sagepub.com",9,https://journals.sagepub.com/doi/abs/10.1017/prp.2020.11,high,Not identifiable from abstract,Method not specified in abstract,… The principal research question in this study is therefore: Can we replicate the finding of a cusp in the relationship between wage and income on th
The effect of COVID-19 on Amazon Mturk,2020,"JY Lee, E Hoffman","JY Lee, E Hoffman - Available at SSRN 3712660, 2020 - papers.ssrn.com",9,https://papers.ssrn.com/sol3/papers.cfm?abstract_id=3712660,high,Not identifiable from abstract,Method not specified in abstract,"… However, as we found trying to replicate results generated in 2019, MTurk subjects … redoing our replication with students online"
Evaluation of bankruptcy prevention tools: evidences from COSME programme,2020,L Cultrera,"L Cultrera - Economics Bulletin, 2020 - accessecon.com",8,http://www.accessecon.com/Pubs/EB/2020/Volume40/EB-20-V40-I2-P83.pdf,medium,Not identifiable from abstract,Method not specified in abstract,directional effect found
Economic cooperation in the Greater Mekong sub-region,2020,"KT Vu, HN Luu","BH Le, DQ Nguyen, KT Vu, HN Luu… - Journal of Economic …, 2020 - JSTOR",8,https://www.jstor.org/stable/26917203,low,Not identifiable from abstract,"… To attain a more detailed result, we replicated the procedure in the Exports sub-section and separately incorporated dummy varia",effect significance noted
"Fetal iodine deficiency and schooling: a replication of Field, Robles, and Torero (2009)",2020,"N Bengtsson, F Sävje","N Bengtsson, F Sävje… - … Journal of Economics, 2020 - Wiley Online Library",7,https://onlinelibrary.wiley.com/doi/abs/10.1111/sjoe.12341,high,"Field et al. (2009): ""Iodine Deficiency and Schooling: Evidence from a Randomized Control Tr""",We are able to exactly replicate the original … We try to address some of these concerns in the wide replication,Result not specified in abstract
Preventing HIV and HSV-2 through knowledge and attitudes: A replication study of a multi-component community-based intervention in Zimbabwe,2020,"F Yu, DS Bagenda","F Yu, NA Hein, DS Bagenda - PloS one, 2020 - journals.plos.org",7,https://journals.plos.org/plosone/article?id=10.1371/journal.pone.0226237,high,"Cowan et al. (2016): ""A multi-component community-based intervention to reduce HIV and HSV-2""",Funding: This paper was funded by the International Initiative for Impact Evaluation with support from the Bill & Melinda Gates Fo,effect ~half/double original
Replicating the literature on meritocratic promotion in China,2020,,"M Wiebe - School of Economics, University of British-Columbia …, 2020 - michaelwiebe.com",7,https://michaelwiebe.com/assets/ch2.pdf,high,Not identifiable from abstract,Method not specified in abstract,results not robust
Comparative Effects of Foreign Direct Investment from China and Other Sources on Africa's Economic Growth,2020,"M Ngundu, N Ngepah","M Ngundu, N Ngepah - … : The Journal of Applied Economic …, 2020 - journals.sagepub.com",7,https://journals.sagepub.com/doi/abs/10.1177/0973801020953399,medium,"Donou-Adonsou et al. (2018): ""Foreign Direct Investment and Economic Growth in Africa: The Role of I""","… To analyse the effect of treating the Chinese FDI variable using different approaches, we replicate the econometric equation and","… To analyse the effect of treating the Chinese FDI variable using different approaches, we replicate the econometric equation and control variables u"
Reassessment of classic case studies in labor economics with new instrument-free methods,2020,"JF Kiviet, S Kripfganz","JF Kiviet, S Kripfganz - Unpublished manuscript, 2020 - kripfganz.de",7,http://www.kripfganz.de/research/Kiviet_Kripfganz_labor.pdf,high,Solow (1956),cross-country analysis; natural experiment,Result not specified in abstract
"A replication of “A quasi-maximum likelihood approach for large, approximate dynamic factor models”(Review of Economics and Statistics, 2012)",2020,"R Lucchetti, IA Venetis","R Lucchetti, IA Venetis - Economics, 2020 - degruyter.com",6,https://www.degruyter.com/document/doi/10.5018/economics-ejournal.ja.2020-14/html,high,"Doz et al. (2012): ""A quasi-maximum likelihood approach for large, approximate dynamic fac""",Method not specified in abstract,replicates and extends original
Job market compensation for cognitive reflection ability,2020,"R de Oliveira Leite, RL Cardoso","R de Oliveira Leite, RL Cardoso, APG Jelihovschi… - … in Economics, 2020 - Elsevier",6,https://www.sciencedirect.com/science/article/pii/S1090944320300259,low,Not identifiable from abstract,"… Results were also replicated in a sample of 1,932 professional accountants collected in 2017 … Additionaly, we replicated the re",Result not specified in abstract
The greatest entrepreneurs and businesspeople in American history: A replication of the 2001 ranking,2020,,"B McCormick, BW Folsom - Cogent Business & Management, 2020 - Taylor & Francis",6,https://www.tandfonline.com/doi/abs/10.1080/23311975.2020.1735804,high,Not identifiable from abstract,Method not specified in abstract,Result not specified in abstract
Revisiting the effectiveness of the German accounting enforcement reforms: a replication study,2020,M Gros,"M Gros, A Nevrela - Management Review Quarterly, 2020 - Springer",5,https://link.springer.com/article/10.1007/s11301-019-00162-9,high,"Ernstberger et al. (2012): ""Economic consequences of accounting enforcement reforms: the case of G""",Method not specified in abstract,replicates and extends original; extends original findings
Forecasting of recessions via dynamic probit for time series: replication and extension of Kauppi and Saikkonen (2008),2020,"BU Park, L Simar, V Zelenyuk","BU Park, L Simar, V Zelenyuk - Empirical Economics, 2020 - Springer",5,https://link.springer.com/article/10.1007/s00181-019-01708-2,high,"Kauppi et al. (2008): ""Predicting U.S. recessions with dynamic probit models""","Simar, Léopold [UCL] Zelenyuk, Valentin In this work, we first replicate the results of the fully parametric dynamic probit model ",Result not specified in abstract
Cooperation through image scoring: a replication,2020,YI Russell,"YI Russell, Y Stoilova, AA Dosoftei - Games, 2020 - mdpi.com",5,https://www.mdpi.com/2073-4336/11/4/58,high,Not identifiable from abstract,Method not specified in abstract,not fully replicated; successfully replicates
"E-Cigarettes and Respiratory Disease: A Replication, Extension, and Future Directions",2020,"DS Kenkel, AD Mathios","DS Kenkel, AD Mathios, H Wang - 2020 - nber.org",5,https://www.nber.org/papers/w27507,high,"Bhatta et al. (2019): ""Association of e-cigarette use with respiratory disease among adults: """,Method not specified in abstract,replicates and extends original; extends original findings; closely replicates
Economic preferences and obesity: Evidence from a clinical lab-in-field experiment,2020,"S Schurer, A Tymula, N Fuller","C Pastore, S Schurer, A Tymula, N Fuller, I Caterson - 2020 - econstor.eu",5,https://www.econstor.eu/handle/10419/232667,medium,Not identifiable from abstract,field experiment,… Economic Preferences and Obesity: Evidence from a Clinical Lab-in-Field Experiment* We study economic … We replicate the key finding of interaction 
"Comment on Brady, Evans & Wehrly, reputational penalties for environmental violations: A pure and scientific replication study",2020,D Klerman,"D Klerman - International Review of Law and Economics, 2020 - Elsevier",5,https://www.sciencedirect.com/science/article/pii/S014481882030140X,high,Not identifiable from abstract,Method not specified in abstract,Result not specified in abstract
How corruption affects growth,2020,,ED Ernst - 2020 - rave.ohiolink.edu,5,https://rave.ohiolink.edu/etdc/view?acc_num=oduhonors1608241150479265,low,"Mauro & Paolo (1995): ""Corruption and Growth""",different country,Result not specified in abstract
Revisiting Disjunction Effect: Replication of Tversky and Shafir (1992) and extension comparing between and within subject designs,2020,I Ziano,"I Ziano, MF Kong, HJ Kim, CY Liu… - Journal of Economic …, 2020 - researchgate.net",4,https://www.researchgate.net/profile/Gilad-Feldman/publication/338006802_Revisiting_Disjunction_Effect_Replication_of_Tversky_and_Shafir_1992_and_extension_comparing_between_and_within_subject_designs/links/5e85b129a6fdcca789e9543d/Revisiting-Disjunction-Effect-Replication-of-Tversky-and-Shafir-1992-and-extension-comparing-between-and-within-subject-designs.pdf,high,"Tversky et al. (1992): ""The disjunction effect in choice under uncertainty""",close replication,Result not specified in abstract
A replication of “sorting through global corruption determinants: Institutions and education matter—not culture”(world development 2018),2020,JW Saunoris,"RK Goel, JW Saunoris - Public Finance Review, 2020 - journals.sagepub.com",4,https://journals.sagepub.com/doi/abs/10.1177/1091142120914278,high,"J-P et al. (2018): ""Sorting through global corruption determinants: Institutions and educa""",Method not specified in abstract,Result not specified in abstract
Essays in Chinese political economy,2020,,M Wiebe - 2020 - open.library.ubc.ca,4,https://open.library.ubc.ca/soa/cIRcle/collections/ubctheses/24/items/1.0395341,medium,Not identifiable from abstract,"… Replicating five papers, I find that the evidence for prefecture … explanation for China's economic growth, by incentivizing cou",results not robust; null result
Does occupational licensing impact incomes? A replication study for the German crafts case,2020,,"K Fredriksen - Journal for Labour Market Research, 2020 - Springer",4,https://link.springer.com/article/10.1186/s12651-020-00269-7,high,"Bol & Thijs (2014): ""The effect of occupational licensing on earnings: Evidence from the Ge""; Damelang et al. (2018): ""The effects of deregulation on earnings in the German crafts sector""; Lergetporer et al. (2018): ""The impact of occupational licensing on earnings: Evidence from the Ge""",natural experiment; survey data,effect significance noted
The economics of color: A null result,2020,B Greiner,"B Greiner, M Stephanides - 2020 - research.wu.ac.at",4,https://research.wu.ac.at/en/publications/the-economics-of-color-a-null-result-3,high,"Unknown Authors (Unkn): ""Effects of Colors on Mood""",laboratory experiment,unable to replicate; significance noted; null result; directional effect found
Temporary agency work and firm performance: a replication study with extensions,2020,C Pfeifer,"C Pfeifer, JP Weche - Jahrbücher Für Nationalökonomie Und …, 2020 - degruyter.com",3,https://www.degruyter.com/document/doi/10.1515/jbnst-2018-0038/html,high,"Hirsch et al. (2012): ""The Productivity Effect of Temporary Agency Work: Evidence from German""; Nielen et al. (2014): ""Temporary Agency Work and Firm Competitiveness: Evidence from German M""",Method not specified in abstract,Result not specified in abstract
Did the conservative resurgence matter? A counterfactual replication of Pierson's analysis on Reagan and Thatcher's welfare state retrenchments,2020,F Podestà,"F Podestà - Comparative European Politics, 2020 - Springer",3,https://link.springer.com/article/10.1057/s41295-020-00211-8,high,"Pierson & Paul (1994): ""Dismantling the Welfare State? Reagan, Thatcher, and the Politics of R""",Method not specified in abstract,Result not specified in abstract
How Much Might a Beer Cost in a Fancy Resort? A Possible Replication of Thaler's Well-Known Experiment,2020,A Kolnhofer-Derecskei,"A Kolnhofer-Derecskei - … on Consumer Behaviour: Theoretical Aspects and …, 2020 - Springer",3,https://link.springer.com/chapter/10.1007/978-3-030-47380-8_11,high,"Thaler & H. (1985): ""Mental Accounting Matters""",Method not specified in abstract,Result not specified in abstract
Objective versus relative risk in privacy decision making: A replication study from Germany,2020,"S Hermes, J Bauer, M Böhm","S Hermes, L Hillebrand, J Bauer, M Böhm… - … on Replication …, 2020 - aisel.aisnet.org",2,https://aisel.aisnet.org/trr/vol6/iss1/11/,high,"Adjerid et al. (2018): ""The Impact of Privacy on Consumer Decision Making: A Behavioral Perspe""",Method not specified in abstract,confirms original findings
Altruistic Preferences in the Dictator Game: Replication of Andreoni and Miller (2002) in Japan,2020,Y Ohtsubo,"J Xue, Y Ohtsubo - Letters on Evolutionary Behavioral Science, 2020 - lebs.hbesj.org",2,https://lebs.hbesj.org/index.php/lebs/article/view/lebs.2020.75,high,"Andreoni et al. (2002): ""Giving according to GARP: An experimental test of the consistency of p""",Method not specified in abstract,These results suggest that participants' decisions were largely consistent with utility maximization
"Mediating factors of family structure and early home-leaving: A replication and extension of van den Berg, Kalmijn, and Leopold (2018)",2020,,"M Herzig - European Journal of Population, 2020 - Springer",2,https://link.springer.com/article/10.1007/s10680-019-09544-x,high,"Berg et al. (2018): ""Family structure and early home-leaving: A mediation analysis""",This study draws on longitudinal data from the German Family Panel (pairfam) to replicate and extend the analyses of van den Berg ,replicates and extends original; effect significance noted
"Attitudes, beliefs and readiness to act on climate change: A preregistered replication",2020,,"MN Williamsab, BA Jafthaa - 2020 - files.osf.io",2,https://files.osf.io/v1/resources/ers4v/providers/osfstorage/5e1d2a326822bd0100ff2306?action=download&direct&version=1,high,Not identifiable from abstract,pre-registered replication,Result not specified in abstract
Regional Research Institute,2020,RW Jackson,"RW Jackson - West Virginia University: Morgantown, WV, USA, 2020 - academia.edu",2,https://www.academia.edu/download/87169209/viewcontent.pdf,medium,"Aroca & Patricio (2018): ""Value Chains: Production Upstreamness and Downstreamness Revisited""",Method not specified in abstract,"… Economics for his 1936 introduction input-output accounts and laying the foundations for decades of studies of economic … downstreamness measures, w"
The Influence of Ambient Temperature on Social Perception and Social Behavior,2020,JS Krause,"JS Krause, G Nanninga, P Ring… - … and Economics & …, 2020 - download.uni-mainz.de",2,https://download.uni-mainz.de/RePEc/pdf/Discussion_Paper_2013.pdf,low,Not identifiable from abstract,… replicate the effect of temperature on social behavior using established methods from behavioral economics and b) is it possible,effect significance noted
Self-employment and psychometric measure of risk aversion: a replication and extension,2020,"M Korhonen, R Svento","M Korhonen, R Svento, M Vaaramo - Applied Economics Letters, 2020 - Taylor & Francis",2,https://www.tandfonline.com/doi/abs/10.1080/13504851.2019.1644429,high,"Brock et al. (1989): ""Small Business Economics""",Method not specified in abstract,Result not specified in abstract
National intelligence is more important for explaining country well-being than time preference and other measured non-cognitive traits,2020,"EOW Kirkegaard, A Karlin","EOW Kirkegaard, A Karlin - The Mankind Quarterly, 2020 - search.proquest.com",2,https://search.proquest.com/openview/b2bdf89d1751eada1ea0d16b4f4ffcb1/1.pdf?pq-origsite=gscholar&cbl=2038067,low,Not identifiable from abstract,"… Based on this and on economic models, many economists … As such, it provides the best current database of economics-… We replica",Result not specified in abstract
Macroeconomic impacts of the 2010 earthquake in haiti: A replication and sensitivity analysis of synthetic control results,2020,,J Hesse - 2020 - helda.helsinki.fi,2,https://helda.helsinki.fi/bitstream/10227/377340/1/Hesse_Jannika.pdf,high,"Cavallo et al. (2013): ""Catastrophic Natural Disasters and Economic Growth""",Method not specified in abstract,Result not specified in abstract
Classroom experiments as a replication device,2020,T So,"T So - Journal of Behavioral and Experimental Economics, 2020 - Elsevier",2,https://www.sciencedirect.com/science/article/pii/S2214804319303866,high,Not identifiable from abstract,Method not specified in abstract,Result not specified in abstract
2D: 4D and self-employment using SOEP data: A replication study,2020,"FM Fossen, L Neyse, M Johannesson, A Dreber","FM Fossen, L Neyse, M Johannesson, A Dreber - 2020 - econstor.eu",1,https://www.econstor.eu/handle/10419/219005,high,"Nicolaou et al. (2018): ""The 2D:4D digit ratio and self-employment: Evidence from a large sampl""",Method not specified in abstract,Result not specified in abstract
"A replication of “The role of intermediaries in facilitating trade”(Journal of International Economics, 2011)",2020,"KK Das, L Meriluoto, WR Reed","J Duan, X Qian, KK Das, L Meriluoto, WR Reed - Economics, 2020 - degruyter.com",1,https://www.degruyter.com/document/doi/10.5018/economics-ejournal.ja.2020-21/html,high,"Ahn et al. (2011): ""The role of intermediaries in facilitating trade""",Method not specified in abstract,Result not specified in abstract
"The Labour Market Effects of a Refugee Wave. A Replication Study of Peri and Yasenov (Journal of Human Resources, 2019)",2020,M Christl,"M Christl - … Journal for Re-Views in Empirical Economics (IREE), 2020 - econstor.eu",1,https://www.econstor.eu/handle/10419/228809,high,"Peri et al. (2019): ""The Labor Market Effects of a Refugee Wave""","… In this study I first replicate the main results of Peri and Yasenov (2019), who use a synthetic control method to study the imp",Result not specified in abstract
"Not Evidence for Baumol's Cost Disease. A replication study of Hartwig (Journal of Health Economics, 2008)",2020,"A Atanda, WR Reed","A Atanda, WR Reed - … Journal for Re-Views in Empirical Economics …, 2020 - econstor.eu",1,https://www.econstor.eu/handle/10419/215726,high,"Hartwig & Jochen (2008): ""Baumol's Cost Disease: A New Perspective on the Health Care Expenditur""",Method not specified in abstract,Result not specified in abstract
Regulation of Social Times during the COVID-19 Period: A Replication and Extension of the Work Activity Regulation Model,2020,,"H Khanchel - Business and Management Research, 2020 - ideas.repec.org",1,https://ideas.repec.org/a/jfr/bmr111/v9y2020i3p14-24.html,high,"St-Vincent et al. (2011): ""Experience Sampling Study of the Work Activity Regulation Model""","in 2011 experience sampling study of the work activity regulation model and addresses health crisis issue, which replicates the or",directional effect found; effect significance noted
"Replication of a research claim from Rodriguez-Lara et al, 2012, in Experimental Economics",2020,,"JC Chen, S Field, Z Loomas, B Luis, O Miske - 2020 - osf.io",1,https://osf.io/h3e4n/resources,high,"Rodriguez-Lara et al. (2012): ""The libertarian principle and the dictator game: An experimental study""",Method not specified in abstract,Result not specified in abstract
Replication data for: The Political Economy of the Prussian Three-Class Franchise,2020,"SO Becker, E Hornung","SO Becker, E Hornung - (No Title), 2020 - cir.nii.ac.jp",1,https://cir.nii.ac.jp/crid/1880865118117353472,high,"Becker et al. (2020): ""The Political Economy of the Prussian Three-Class Franchise""",Method not specified in abstract,Result not specified in abstract
Causes of haze and its health effects in Singapore: a replication study,2020,JF Kiviet,"JF Kiviet - The Singapore Economic Review, 2020 - World Scientific",1,https://www.worldscientific.com/doi/abs/10.1142/S0217590820500460,high,Not identifiable from abstract,Method not specified in abstract,Result not specified in abstract
"A Replication and Cross-Validation of Hakes and Sauer's"" An Economic Evaluation of the Moneyball Hypothesis""",2020,,JR Audette - 2020 - scholarworks.uvm.edu,0,https://scholarworks.uvm.edu/hcoltheses/388/,high,"Hakes et al. (2006): ""An Economic Evaluation of the Moneyball Hypothesis""",Method not specified in abstract,Result not specified in abstract
"The Mental Health Cost of Terrorism: A Replication of Kim and Albert Kim (Health Economics, 2018)",2020,T Coupé,"T Smith, T Coupé - 2020 - ideas.repec.org",0,https://ideas.repec.org/p/cbt/econwp/20-21.html,high,"Kim et al. (2018): ""Mental Health Cost Of Terrorism: Study Of The Charlie Hebdo Attack In """,Method not specified in abstract,directional effect found
Individual decision-making experiment with risk and intertemporal choice: a replication study,2020,"A Morone, A Casamassima","A Morone, A Casamassima, A Cascavilla - 2020 - mpra.ub.uni-muenchen.de",0,https://mpra.ub.uni-muenchen.de/id/eprint/110777,high,"Anderson et al. (2009): ""Individual decision-making experiment with risk and intertemporal choi""","Even though these theories are widely used in economic … In order test these theories, we replicate an experimental design … Munic","Even though these theories are widely used in economic … In order test these theories, we replicate an experimental design … Munich Personal RePEc Arc"
"Trends in the Gender Wage Gap in the US: A replication study of Blau and Kahn (Journal of Economic Literature, 2017)",2020,M Collischon,"M Collischon - … Journal for Re-Views in Empirical Economics …, 2020 - econpapers.repec.org",0,https://econpapers.repec.org/article/zbwireejl/219101.htm,high,"Blau et al. (2017): ""The Gender Wage Gap: Extent, Trends, and Explanations""",Method not specified in abstract,Result not specified in abstract
"Replication of a Research Claim from Tertytchnaya et al.(2018), from American Political Science Review",2020,"WR Reed, AL Abatayo","WR Reed, D Vo, A Tyner, AL Abatayo, Z Loomas… - 2020 - osf.io",0,https://osf.io/beqn5/resources,high,Not identifiable from abstract,Method not specified in abstract,Result not specified in abstract
Bruner_ExpEco_2017_amYY-RRTeam_CAPITAN-Direct Replication-6mz8,2020,S Capitán,"T Capitán, S Capitán, E Méndez-Chacón, S Field… - 2020 - osf.io",0,https://osf.io/2qsu8/resources,high,Not identifiable from abstract,Method not specified in abstract,Result not specified in abstract
"Community College Entrance and Bachelor's Degree Attainment: A Replication, Update, and Extension",2020,M Cameron,"J Pretlow, M Cameron - 2020 - appam.confex.com",0,https://appam.confex.com/appam/2020/mediafile/ExtendedAbstract/Paper37617/APPAM_paper_final.pdf,high,Not identifiable from abstract,Method not specified in abstract,Result not specified in abstract
Benjamin_AmEcoRev_2010_WaYe-Fiala-Direct Replication-556,2020,AL Abatayo,"N Fiala, V Volkman, AL Abatayo, Z Loomas, O Miske… - 2020 - osf.io",0,https://osf.io/rze5p/resources,high,"Benjamin et al. (2010): ""Social Identity and Preferences""",Method not specified in abstract,Result not specified in abstract
"Wealth and Happiness: Replication of Diener, E., Ng, W., Harter, J., & Arora, R.(2010) at University of Vienna.",2020,,P Keller - 2020 - osf.io,0,https://osf.io/vc3qj/resources,high,"Diener et al. (2010): ""Wealth and Happiness Across the World: Material Prosperity Predicts Li""",Method not specified in abstract,Result not specified in abstract
The Interaction Effect in a Nonlinear Specification of Bank Lending: A Replication and Reexamination of the Peek and Rosengren (2005) Results on'Unnatural …,2020,,"H Inoue, K Nakashima, K Takahashi - Available at SSRN 3542044, 2020 - researchgate.net",0,https://www.researchgate.net/profile/Kiyotaka-Nakashima/publication/340076098_The_Interaction_Effect_in_a_Nonlinear_Specification_of_Bank_Lending_A_Replication_and_Reexamination_of_the_Peek_and_Rosengren_2005_Results_on_'Unnatural_Selection'/links/5e7dadf1299bf1a91b7f156c/The-Interaction-Effect-in-a-Nonlinear-Specification-of-Bank-Lending-A-Replication-and-Reexamination-of-the-Peek-and-Rosengren-2005-Results-on-Unnatural-Selection.pdf,high,"Peek et al. (2005): ""The Capital Crunch: Neither a Borrower nor a Lender Be""",Method not specified in abstract,"… Hence, this practice has been considered to be the source of the prolonged economic … In this study, we replicate their estimation results, thereby "
"A replication of “A quasi-maximum likelihood approach for large, approximate dynamic factor models”(Review of Economics and Statistics, 2012). Economics …",2020,"R Lucchetti, IA Venetis","R Lucchetti, IA Venetis - … ://www. economics-ejournal. org/economics …, 2020 - degruyter.com",0,https://www.degruyter.com/document/doi/10.5018/economics-ejournal.ja.2020-14/downloadAsset/suppl/journalarticles_2020-14-sm1.pdf,high,Not identifiable from abstract,"Extensive surveys of … In this paper, we replicate and extend the Monte Carlo … For our replication exercise, we used the DFM pack",replicates and extends original
Behavioral Economic Analysis of Demand for Hypothetical Work Performance: A Partial Replication,2020,,"H Khan - McNair Research Journal SJSU, 2020 - scholarworks.sjsu.edu",0,https://scholarworks.sjsu.edu/mcnair/vol16/iss1/7/,high,"Henley et al. (2016): ""The Hypothetical Work Task: A Novel Approach to Assessing Demand for P""",new/different dataset; larger sample/higher power,partial replication
"Replication of a Research Claim from Fox (2009), From the Journal of Labor Economics",2020,WR Reed,"WR Reed, J Bailey, A Tyner, Z Loomas, O Miske, B Luis - 2020 - osf.io",0,https://osf.io/vxu3e/resources,high,"Fox & L. (2009): ""Firm Size and Wage Inequality""",Method not specified in abstract,Result not specified in abstract
The effect of food anticipation on cognitive function-A replication study,2020,H Halabieh,"H Halabieh, C Lee, M Mora-Salavar, J Venckus… - 2020 - escholarship.org",0,https://escholarship.org/uc/item/1rr9g7gx,high,Not identifiable from abstract,"This study was designed to replicate thefindings utilizing the same population, examining the effect that food anticipation has on",Result not specified in abstract
Measuring Earnings Through Performance: A Replication of the Return to Skill of PGA Tour Golfers,2020,,"CA Collins - Major Themes in Economics, 2020 - scholarworks.uni.edu",0,https://scholarworks.uni.edu/mtie/vol22/iss1/4/,high,Not identifiable from abstract,"Using PGA Tour data from 2010 and the 2018-2019 season, this paper replicates previous studies exploring the returns to skill and ",significance noted; effect significance noted
Two-Stage Least Squares Random Forests with a Replication of Angrist and Evans (1998),2020,"P Kugler, M Biewen","P Kugler, M Biewen - 2020 - econstor.eu",0,https://www.econstor.eu/handle/10419/224538,high,"Angrist et al. (1998): ""Children and Their Parents' Labor Supply: Evidence from Exogenous Vari""",meta-analysis,same direction
The Influence of Perceived Temperature on Product Evaluations: A Replication Study,2020,,"JHW de Wit, B Adams - 2020 - arno.uvt.nl",0,http://arno.uvt.nl/show.cgi?fid=151601,high,Not identifiable from abstract,Method not specified in abstract,directional effect found
"Replication of a Research Claim from Kollmeyer (2009), from American Journal of Sociology",2020,AL Abatayo,"AC Limnios, A Soh, A Tyner, AL Abatayo, Z Loomas… - 2020 - osf.io",0,https://osf.io/85ubc/resources,high,"Kollmeyer & Christopher (2009): ""The Role of Economic Development in the Relationship between Gender an""",panel data,Result not specified in abstract
"Replication of Lu, Zhu, & Chang's (2015) 3G Hypothesis",2020,"İ Göz, HG Bahçekapili, B Dogruyol","O Yilmaz, İ Göz, HG Bahçekapili, B Dogruyol - 2020 - osf.io",0,https://osf.io/9my35/resources,high,"Lu et al. (2015): ""Title of the original paper""",Method not specified in abstract,Result not specified in abstract
"Replication Data for: Populist psychology: economics, culture, and emotions",2020,"M Rhodes-Purdy, S Utych, R Navarre","M Rhodes-Purdy, S Utych, R Navarre - 2020 - open.clemson.edu",0,https://open.clemson.edu/all_data/965/,high,"Rhodes-Purdy et al. (2020): ""Populist psychology: economics, culture, and emotions""",Method not specified in abstract,Result not specified in abstract
"Associations Between Young Adult Smoking, Vaping, and COVID-19: A Replication and Extension",2020,DS Kenkel,DS Kenkel - 2020 - osf.io,0,https://osf.io/a2gpk/resources,high,Not identifiable from abstract,extends original sample/period,replicates and extends original
"… quality, scholarly productivity and citation impact of UK academic psychologists and clustering of UK universities into groupings: A replication and extension study.",2020,"G Saxena, P Allen","G Saxena, K Lai, P Allen - 2020 - osf.io",0,https://osf.io/sypnf/resources,high,Not identifiable from abstract,Method not specified in abstract,Result not specified in abstract
Replication Data For: The Impact of School Finance Reforms on Local Tax Revenues,2020,"P Blair, K Whaley","P Bayer, P Blair, K Whaley - 2020 - tigerprints.clemson.edu",0,https://tigerprints.clemson.edu/all_data/943/,high,"Hoxby & M. (2001): ""All School Finance Equalizations Are Not Created Equal""; Hoxby et al. (2004): ""Does Competition Among Public Schools Benefit Students and Taxpayers?""",Method not specified in abstract,Result not specified in abstract
Mr John Hann,2020,,"D Way, P Officer - 2020 - ipcn.nsw.gov.au",0,https://www.ipcn.nsw.gov.au/sites/default/files/pac/projects/2020/03/vickery-extension-project/comments/200618-boggabri-farming-and-community-group.pdf,high,"Author1 et al. (2020): ""Title of the original study""",Method not specified in abstract,Result not specified in abstract
"Reply to “A Replication of “Sorting through Global Corruption Determinants: Institutions and Education Matter— Not Culture” (World Development, 2018)”",2020,"M Jetter, CF Parmeter","M Jetter, CF Parmeter - Public Finance Review, 2020 - journals.sagepub.com",0,https://journals.sagepub.com/doi/abs/10.1177/1091142120921851,high,"JP et al. (2018): ""Sorting through Global Corruption Determinants: Institutions and Educa""",Method not specified in abstract,Result not specified in abstract
"WIDER Working Paper 2019/102-Will urbanization raise social mobility in the South, replicating the economic history of the West?",2020,E Rains,"E Rains, A Krishna - 2020 - policycommons.net",0,https://policycommons.net/artifacts/1928267/wider-working-paper-2019102/2680037/,low,Not identifiable from abstract,Method not specified in abstract,Result not specified in abstract
Open source cross-sectional asset pricing,2021,"AY Chen, T Zimmermann","AY Chen, T Zimmermann - 2021 - papers.ssrn.com",394,https://papers.ssrn.com/sol3/papers.cfm?abstract_id=3875093,low,"McLean et al. (2016): ""Does Academic Research Destroy Stock Return Predictability?""",Method not specified in abstract,… These categorizations do not affect McLean and Pontiff's (2016) analysis and indeed we replicate … These predictors lack any obvious economic connec
The role of parallel trends in event study settings: An application to environmental economics,2021,"M Marcus, PHC Sant'Anna","M Marcus, PHC Sant'Anna - … and Resource Economists, 2021 - journals.uchicago.edu",217,https://www.journals.uchicago.edu/doi/abs/10.1086/711509,high,"Grooms & Katherine (2015): ""The impact of environmental regulations on employment: Evidence from t""",Method not specified in abstract,"… To illustrate the inherent trade-offs described above, we replicate Katherine Grooms's (2015) analysis … First, we replicate the dynamic TWFE specif"
How can we inspire nations of learners? An investigation of growth mindset and challenge-seeking in two countries.,2021,"M Rege, P Hanselman, IF Solli, CS Dweck","M Rege, P Hanselman, IF Solli, CS Dweck… - American …, 2021 - psycnet.apa.org",159,https://psycnet.apa.org/record/2020-84549-001,high,Not identifiable from abstract,Method not specified in abstract,Result not specified in abstract
Gender roles produce divergent economic expectations,2021,"F D'Acunto, U Malmendier, M Weber","F D'Acunto, U Malmendier, M Weber - Proceedings of the National …, 2021 - pnas.org",141,https://www.pnas.org/doi/abs/10.1073/pnas.2008534118,low,Not identifiable from abstract,"We first replicate our … to grocery price exposure—is harder to replicate directly, because the SCE lacks data on …",Result not specified in abstract
Unemployment insurance generosity and aggregate employment,2021,"C Boone, A Dube, L Goodman, E Kaplan","C Boone, A Dube, L Goodman, E Kaplan - … Economic Journal: Economic …, 2021 - aeaweb.org",123,https://www.aeaweb.org/articles?id=10.1257/pol.20160613,high,"Boone et al. (2021): ""Unemployment Insurance Generosity and Aggregate Employment""",Method not specified in abstract,significance noted; directional effect found; effect significance noted
"The economy, the news, and the public: A longitudinal study of the impact of economic news on economic evaluations and expectations",2021,"A Damstra, M Boukes","A Damstra, M Boukes - Communication Research, 2021 - journals.sagepub.com",119,https://journals.sagepub.com/doi/abs/10.1177/0093650217750971,high,Not identifiable from abstract,Method not specified in abstract,Result not specified in abstract
"The Fed's response to economic news explains the"" Fed information effect""",2021,"MD Bauer, ET Swanson","MD Bauer, ET Swanson - 2021 - econstor.eu",118,https://www.econstor.eu/handle/10419/232953,low,"Romer et al. (2000): ""Federal Reserve Information and the Behavior of Interest Rates""; Campbell et al. (2012): ""Macroeconomic Effects of Federal Reserve Forward Guidance""; Nakamura et al. (2018): ""High-Frequency Identification of Monetary Non-Neutrality: The Informat""",Method not specified in abstract,Result not specified in abstract
Inflation and Bitcoin: A descriptive time-series analysis,2021,"BM Blau, TG Griffith","BM Blau, TG Griffith, RJ Whitby - Economics Letters, 2021 - Elsevier",110,https://www.sciencedirect.com/science/article/pii/S0165176521001257,medium,Not identifiable from abstract,Method not specified in abstract,… We replicate the analysis in Fig
A test of Hofstede's model of culture following his own approach,2021,"M Minkov, A Kaasa","M Minkov, A Kaasa - Cross Cultural & Strategic Management, 2021 - emerald.com",108,https://www.emerald.com/insight/content/doi/10.1108/CCSM-05-2020-0120/full/html,high,"Hofstede & Geert (1980): ""Culture's Consequences: International Differences in Work-Related Valu""",close replication,Result not specified in abstract
Global factor premiums,2021,"G Baltussen, L Swinkels, P Van Vliet","G Baltussen, L Swinkels, P Van Vliet - Journal of Financial Economics, 2021 - Elsevier",103,https://www.sciencedirect.com/science/article/pii/S0304405X21003007,high,"Fama et al. (1993): ""Common risk factors in the returns on stocks and bonds""; Asness et al. (2019): ""Quality minus junk""",out-of-sample test,effect significance noted
Rising inequality as a threat to the liberal international order,2021,TM Flaherty,"TM Flaherty, R Rogowski - International Organization, 2021 - cambridge.org",99,https://www.cambridge.org/core/journals/international-organization/article/rising-inequality-as-a-threat-to-the-liberal-international-order/4CDE05DEB3AB076CE338E1AA4A9C8087,medium,Not identifiable from abstract,Method not specified in abstract,"According to our traditional economic theories,2 … We replicate their principal results, including their two-stage least squares estimators,60 in … Lo"
Fiscal consolidation programs and income inequality,2021,"P Brinca, MH Ferreira, F Franco","P Brinca, MH Ferreira, F Franco… - … Economic Review, 2021 - Wiley Online Library",90,https://onlinelibrary.wiley.com/doi/abs/10.1111/iere.12482,high,"Blanchard et al. (2013): ""Growth Forecast Errors and Fiscal Multipliers""",Method not specified in abstract,"… with the same income inequality metrics as in our replication of the Blanchard and Leigh (2013) … In Section 8, we empirically validate the mechanis"
An empirical dynamic model of trade with consumer accumulation,2021,,"P Piveteau - American Economic Journal: Microeconomics, 2021 - aeaweb.org",77,https://www.aeaweb.org/articles?id=10.1257/mic.20190051,low,Not identifiable from abstract,more recent data,Result not specified in abstract
Consumers' perceptions of risks associated with the use of Airbnb before and during the COVID-19 pandemic,2021,C Deale,"SH Lee, C Deale - International Hospitality Review, 2021 - emerald.com",71,https://www.emerald.com/insight/content/doi/10.1108/ihr-09-2020-0056/full/html,high,Not identifiable from abstract,Method not specified in abstract,Result not specified in abstract
Empirical audit and review and an assessment of evidentiary value in research on the psychological consequences of scarcity,2021,"M O'Donnell, AS Dev, S Antonoplis","M O'Donnell, AS Dev, S Antonoplis, SM Baum… - Proceedings of the …, 2021 - pnas.org",62,https://www.pnas.org/doi/abs/10.1073/pnas.2103313118,high,Not identifiable from abstract,Method not specified in abstract,effect significance noted
Framing economic inequality and policy as group disadvantages (versus group advantages) spurs support for action,2021,"P Dietze, MA Craig","P Dietze, MA Craig - Nature Human Behaviour, 2021 - nature.com",58,https://www.nature.com/articles/s41562-020-00988-4,high,"Lowery et al. (2012): ""Paying for positive group esteem: how inequity frames affect whites’ r""; Chow et al. (2012): ""The effect of inequality frames on support for redistributive tax poli""",pre-registered replication,Result not specified in abstract
Revisiting trust and privacy concern in consumers' perceptions of marketing information management practices: Replication and extension,2021,"K Swani, GR Milne","K Swani, GR Milne… - Journal of Interactive …, 2021 - journals.sagepub.com",56,https://journals.sagepub.com/doi/abs/10.1016/j.intmar.2021.03.001,high,"Milne et al. (1999): ""Trust and privacy concern in consumers' perceptions of marketing infor""",Method not specified in abstract,partially replicates
"Children, unhappiness and family finances",2021,"DG Blanchflower, AE Clark","DG Blanchflower, AE Clark - Journal of Population Economics, 2021 - Springer",52,https://link.springer.com/article/10.1007/s00148-020-00798-y,medium,"Aassve et al. (2012): ""Happiness and childbearing across Europe""; Aassve et al. (2015): ""Institutional change, happiness, and fertility""; Alesina et al. (2004): ""Inequality and happiness: are Europeans and Americans different?""",Method not specified in abstract,"… We replicate this result, both in regressions that control for income and ones that do not"
Hysteresis from employer subsidies,2021,"E Saez, B Schoefer, D Seim","E Saez, B Schoefer, D Seim - Journal of Public Economics, 2021 - Elsevier",52,https://www.sciencedirect.com/science/article/pii/S0047272721000955,high,Not identifiable from abstract,Method not specified in abstract,We replicate previous results …
Does institutional quality foster economic complexity?,2021,TV Vu,"TV Vu - Available at SSRN 3509939, 2021 - papers.ssrn.com",50,https://papers.ssrn.com/sol3/papers.cfm?abstract_id=3509939,medium,Not identifiable from abstract,Method not specified in abstract,Result not specified in abstract
"Economic freedom, pandemics, and robust political economy",2021,"RA Candela, V Geloso","RA Candela, V Geloso - Southern economic journal, 2021 - Wiley Online Library",49,https://onlinelibrary.wiley.com/doi/abs/10.1002/soej.12489,high,Not identifiable from abstract,Method not specified in abstract,Result not specified in abstract
Do voters benchmark economic performance?,2021,"V Arel-Bundock, A Blais","V Arel-Bundock, A Blais… - British Journal of Political …, 2021 - cambridge.org",45,https://www.cambridge.org/core/journals/british-journal-of-political-science/article/do-voters-benchmark-economic-performance/06D5A3E96223FAA78AD32D237ABD8ECA,medium,Not identifiable from abstract,Method not specified in abstract,"… In the online appendix, we replicate the eight regression models that KP estimated using … In the online appendix, we replicate all twelve of KP's i"
Effect of air pollution on health care expenditure: Evidence from respiratory diseases,2021,"YM Liu, CK Ao","YM Liu, CK Ao - Health Economics, 2021 - Wiley Online Library",41,https://onlinelibrary.wiley.com/doi/abs/10.1002/hec.4221,medium,Not identifiable from abstract,Method not specified in abstract,"… , we replicate the first-stage and second-stage results using the linear weather controls in columns 1 to 3 and columns 4 to 6"
"Misremembering Weimar: Hyperinflation, the great depression, and German collective economic memory",2021,"L Haffert, N Redeker, T Rommel","L Haffert, N Redeker, T Rommel - Economics & Politics, 2021 - Wiley Online Library",41,https://onlinelibrary.wiley.com/doi/abs/10.1111/ecpo.12182,low,Not identifiable from abstract,Method not specified in abstract,Result not specified in abstract
Entrepreneurs' competencies and networking as determinants of women-owned ventures success in post-economic crisis era in Greece,2021,"N Mylonas, E Petridou","L Kyrgidou, N Mylonas, E Petridou… - Journal of Research in …, 2021 - emerald.com",39,https://www.emerald.com/insight/content/doi/10.1108/JRME-08-2020-0105/full/html,high,"Wiklund et al. (2005): ""Entrepreneurial Orientation and Small Business Performance: A Configur""",Method not specified in abstract,Result not specified in abstract
"Is knowledge capital theory degenerate? PIAAC, PISA, and economic growth",2021,H Komatsu,"J Rappleye, H Komatsu - Compare: A Journal of Comparative and …, 2021 - Taylor & Francis",37,https://www.tandfonline.com/doi/shareview/10.1080/03057925.2019.1612233,high,"H&W (Unkn): ""Unknown Title""",One possible reason could be that although we … We did so merely to replicate the procedures of H&W to examine the validity of the,fails to replicate
Democracy and deforestation: the role of spillover effects,2021,"M Cary, FV Bekun","M Cary, FV Bekun - Forest Policy and Economics, 2021 - Elsevier",35,https://www.sciencedirect.com/science/article/pii/S1389934121000046,high,Not identifiable from abstract,Method not specified in abstract,original result may be spurious
The intergenerational transmission of cognitive skills: An investigation of the causal impact of families on student outcomes,2021,"EA Hanushek, B Jacobs, G Schwerdt","EA Hanushek, B Jacobs, G Schwerdt… - 2021 - nber.org",35,https://www.nber.org/papers/w29450,low,"Hanushek et al. (2016): ""Cognitive Skills, Economic Outcomes, and Intergenerational Transmissio""",Method not specified in abstract,Result not specified in abstract
Closing a mental account: The realization effect for gains and losses,2021,"C Merkle, M Weber","C Merkle, J Müller-Dethard, M Weber - Experimental Economics, 2021 - Springer",34,https://link.springer.com/article/10.1007/s10683-020-09663-x,low,"Imas & A. (2016): ""The realization effect""",Method not specified in abstract,"… In the first experiment, we replicate the main experiment by Imas (2016) using an identical … The importance of replication for scientific progress "
"The Effect of Beta, and Residual Income on Stock Return in The Manufacturing Industry in The Indonesia Stock Exchange",2021,"MS Nasution, AK Ulfah, T Nadilla","MS Nasution, AK Ulfah, T Nadilla… - Enrichment …, 2021 - enrichment.iocspublisher.org",30,http://enrichment.iocspublisher.org/index.php/enrichment/article/view/169,high,"Pradhono et al. (2004): ""Pengaruh Economic Value Added, Residual Income, Earnings dan Arus Kas """,Method not specified in abstract,directional effect found; effect significance noted
"Replicating the Disease framing problem during the 2020 COVID-19 pandemic: A study of stress, worry, trust, and choice under risk",2021,"NR Rachev, H Han, D Lacko, R Gelpí, Y Yamada","NR Rachev, H Han, D Lacko, R Gelpí, Y Yamada… - PLoS …, 2021 - journals.plos.org",30,https://journals.plos.org/plosone/article?id=10.1371/journal.pone.0257151,high,"Tversky et al. (1981): ""The framing of decisions and the psychology of choice""",Method not specified in abstract,Result not specified in abstract
Do corporate taxes harm economic performance? Explaining distortions in R&D-and export-intensive UK firms,2021,"I Bournakis, S Mallick","I Bournakis, S Mallick - Macroeconomic Dynamics, 2021 - cambridge.org",30,https://www.cambridge.org/core/journals/macroeconomic-dynamics/article/do-corporate-taxes-harm-economic-performance-explaining-distortions-in-rd-and-exportintensive-uk-firms/DCEF14A9D6345A91DA473FAC527B7C41,high,"Bournakis et al. (2021): ""Multinationals and Domestic TFP: Market Shares, Agglomerations Gains a""","… To provide a more systematic treatment of endogeneity and measurement bias, we replicate results of Table 1 using a generalized ","… To provide a more systematic treatment of endogeneity and measurement bias, we replicate results of Table 1 using a generalized method of moments (G"
"Who supports redistribution? Replicating and refining effects of compassion, malicious envy, and self-interest",2021,"CA Lin, TC Bates","CA Lin, TC Bates - Evolution and Human Behavior, 2021 - Elsevier",25,https://www.sciencedirect.com/science/article/pii/S1090513820301021,high,Not identifiable from abstract,close replication,closely replicates
Stereotype threat effects on Italian girls' mathematics performance: A failure to replicate.,2021,,"F Agnoli, F Melchiorre… - Developmental …, 2021 - psycnet.apa.org",23,https://psycnet.apa.org/record/2021-77666-009,high,"Steele et al. (1995): ""Stereotype threat and the intellectual test performance of African Ame""",new/different dataset; larger sample/higher power,Result not specified in abstract
Curse of democracy: Evidence from 2020,2021,Y Narita,"Y Narita, A Sudo - Available at SSRN 3827327, 2021 - papers.ssrn.com",23,https://papers.ssrn.com/sol3/papers.cfm?abstract_id=3827327,medium,Not identifiable from abstract,"Many … find that democracy causes worse economic and public health … covers 71 countries, we replicate their data gathering proces","Many … find that democracy causes worse economic and public health … covers 71 countries, we replicate their data gathering process …"
Self-control and financial risk taking,2021,"K Sekścińska, J Rudzinska-Wojciechowska","K Sekścińska, J Rudzinska-Wojciechowska… - Journal of Economic …, 2021 - Elsevier",23,https://www.sciencedirect.com/science/article/pii/S0167487021000246,high,Not identifiable from abstract,conceptual replication,Result not specified in abstract
Patenting activity or innovative originality?,2021,"A Bedford, L Ma, N Ma, K Vojvoda","A Bedford, L Ma, N Ma, K Vojvoda - Accounting & Finance, 2021 - Wiley Online Library",21,https://onlinelibrary.wiley.com/doi/abs/10.1111/acfi.12730,low,Not identifiable from abstract,Method not specified in abstract,"… On one hand, we expect innovative Australian firms to be able to generate higher economic … the models that we replicate"
Economic globalization and decentralization: A centrifugal or centripetal relationship?,2021,"I Jurado, S León","I Jurado, S León - Governance, 2021 - Wiley Online Library",21,https://onlinelibrary.wiley.com/doi/abs/10.1111/gove.12496,medium,Not identifiable from abstract,Method not specified in abstract,effect significance noted
Future profitability and stock returns of innovative firms in Australia,2021,"A Bedford, L Ma, N Ma, K Vojvoda","A Bedford, L Ma, N Ma, K Vojvoda - Pacific-Basin Finance Journal, 2021 - Elsevier",20,https://www.sciencedirect.com/science/article/pii/S0927538X21000159,high,"Hirshleifer et al. (2018): ""The impact of innovation on future profitability and stock returns""",Method not specified in abstract,confirms original findings
Gender Differences in Sport Fans: A Replication and Extension.,2021,B Dietz,"B Dietz, J Bean, M Omaits - Journal of Sport Behavior, 2021 - search.ebscohost.com",20,https://search.ebscohost.com/login.aspx?direct=true&profile=ehost&scope=site&authtype=crawler&jrnl=01627341&AN=153200960&h=SWfxUwsUXOiqTda59%2FWc2cHAzx2p5QWkRwsSU8dbH2m76bQ27DIgov6yBHQAnQbVPOzJ%2FdnhX%2BvlK47%2BthsA0w%3D%3D&crl=c,high,"Dietz-Uhler et al. (2000): ""The Relationship Between Sport Fan Identification and the Social Ident""",Method not specified in abstract,replicates and extends original
Economic evaluation of the sFlt-1/PlGF ratio for the short-term prediction of preeclampsia in a Japanese cohort of the PROGNOSIS Asia study,2021,A Ohkuchi,"A Ohkuchi, H Masuyama, T Yamamoto… - Hypertension …, 2021 - nature.com",19,https://www.nature.com/articles/s41440-021-00624-2,high,Not identifiable from abstract,Method not specified in abstract,effect significance noted
"Revisiting “money illusion”: Replication and extension of Shafir, Diamond, and Tversky (1997)",2021,I Ziano,"I Ziano, J Li, SM Tsun, HC Lei, AA Kamath… - Journal of Economic …, 2021 - Elsevier",18,https://www.sciencedirect.com/science/article/pii/S0167487020301069,high,"Shafir et al. (1997): ""Money Illusion""",Method not specified in abstract,not fully replicated; successfully replicates
"Exchange rate misalignment, state fragility, and economic growth in sub-Saharan Africa",2021,BT Mazorodze,"BT Mazorodze - Cogent Economics & Finance, 2021 - Taylor & Francis",18,https://www.tandfonline.com/doi/abs/10.1080/23322039.2021.1898113,high,"Elbadawi et al. (2010): ""Exchange Rate Misalignment and Economic Growth in Sub-Saharan Africa""",Method not specified in abstract,Result not specified in abstract
Is smart beta investing profitable? evidence from the Nordic stock market,2021,"K Grobys, J Äijö","V Silvasti, K Grobys, J Äijö - Applied economics, 2021 - Taylor & Francis",18,https://www.tandfonline.com/doi/abs/10.1080/00036846.2020.1853669,low,Not identifiable from abstract,Method not specified in abstract,This is not surprising … We replicate Tables 8 and 9 and report in Tables 10 and 11 …
Last word not yet spoken: a reinvestigation of last place aversion with aversion to rank reversals,2021,"AFM Martinangeli, L Windsteiger","AFM Martinangeli, L Windsteiger - Experimental Economics, 2021 - Springer",17,https://link.springer.com/article/10.1007/s10683-020-09682-8,high,"Kuziemko et al. (2014): ""The Effect of Relative Status on the Willingness to Redistribute""",follows original specification,"… To do so, we replicate KBRN's design but ask subjects to … a replication of their original design to serve as a benchmark: As ranks can be inverted "
"The cash flow sensitivity of cash: Replication, extension, and robustness",2021,"H Almeida, M Campello","H Almeida, M Campello… - Fisher College of Business …, 2021 - papers.ssrn.com",17,https://papers.ssrn.com/sol3/papers.cfm?abstract_id=3773591,high,"Almeida et al. (2004): ""The cash flow sensitivity of cash""","… Our results have been replicated multiple times in the past, using data from several different … In this paper, we replicate the","… Our results have been replicated multiple times in the past, using data from several different … In this paper, we replicate the empirical tests of "
Non‐Pecuniary Effects of Sugar‐Sweetened Beverage Policies,2021,"S Ahn, JL Lusk","S Ahn, JL Lusk - American Journal of Agricultural Economics, 2021 - Wiley Online Library",17,https://onlinelibrary.wiley.com/doi/abs/10.1111/ajae.12134,medium,Not identifiable from abstract,Method not specified in abstract,Result not specified in abstract
The impact of economic complexity on the formation of environmental culture,2021,"A Lapatinas, A Litina, S Zanaj","A Lapatinas, A Litina, S Zanaj - Sustainability, 2021 - mdpi.com",17,https://www.mdpi.com/2071-1050/13/2/870,medium,Not identifiable from abstract,"… we replicate the benchmark analysis using as a proxy of a country's level of economic complexity, … as “the cultural implication","… we replicate the benchmark analysis using as a proxy of a country's level of economic complexity, … as “the cultural implications of ECI” we replica"
Domain-general cognitive motivation: evidence from economic decision-making,2021,"JL Crawford, JE Peelle","JL Crawford, SA Eisenstein, JE Peelle… - … Research: Principles and …, 2021 - Springer",16,https://link.springer.com/article/10.1186/s41235-021-00272-7,low,"Cacioppo et al. (1982): ""The Need for Cognition""; Kool et al. (2014): ""Decision making and the avoidance of cognitive effort""; Westbrook et al. (2015): ""Cognitive effort and the regulation of cognitive control""","… This analysis will serve to replicate the initial finding in our pilot sample, which showed a strong association between the sub",Result not specified in abstract
Self‐stated recovery from flooding: Empirical results from a survey in Central Vietnam,2021,"P Hudson, L Hagedoorn","P Hudson, M Pham, L Hagedoorn… - Journal of Flood Risk …, 2021 - Wiley Online Library",16,https://onlinelibrary.wiley.com/doi/abs/10.1111/jfr3.12680,high,"Bubeck et al. (2018): ""The influence of flood experience on the recovery process: A case stud""",conceptual replication,Result not specified in abstract
Analyzing the reliability of Chinese outward FDI studies: A replication approach,2021,"J Anderson, D Sutherland, F Zhang","J Anderson, D Sutherland, F Zhang… - critical perspectives on …, 2021 - emerald.com",16,https://www.emerald.com/insight/content/doi/10.1108/cpoib-11-2019-0088/full/html,high,Not identifiable from abstract,Method not specified in abstract,Result not specified in abstract
Replication: Emotional well-being and unemployment–Evidence from the American time-use survey,2021,A Knabe,"TTA Hoang, A Knabe - Journal of economic psychology, 2021 - Elsevier",15,https://www.sciencedirect.com/science/article/pii/S0167487021000039,high,Not identifiable from abstract,Method not specified in abstract,Result not specified in abstract
Loneliness and healthcare use in older adults: Evidence from a nationally representative cohort in northern Ireland—A cross-sectional replication study,2021,"A Burns, G Leavey, R O'Sullivan","A Burns, G Leavey, R O'Sullivan - Frontiers in public health, 2021 - frontiersin.org",15,https://www.frontiersin.org/articles/10.3389/fpubh.2021.620264/full,high,"Burns et al. (2021): ""Loneliness and healthcare use in older adults: Evidence from a nationa""; Burns et al. (2020): ""Loneliness and healthcare use in older adults: Evidence from a longitu""",Method not specified in abstract,mixed results
"A data-driven analysis of sociocultural, ecological, and economic correlates of depression across nations",2021,A Wei,"Z Li, A Wei, V Palanivel… - Journal of Cross-Cultural …, 2021 - journals.sagepub.com",15,https://journals.sagepub.com/doi/abs/10.1177/00220221211040243,high,Not identifiable from abstract,Method not specified in abstract,Result not specified in abstract
Economic crisis and attitudes towards democracy: How ideology moderates reactions to economic downturns,2021,"I Jurado, RM Navarrete","I Jurado, RM Navarrete - Frontiers in Political Science, 2021 - frontiersin.org",14,https://www.frontiersin.org/articles/10.3389/fpos.2021.685199/full,medium,Not identifiable from abstract,survey data,"… , in Table 3 we replicate the same … economic performance"
Contingent determinants,2021,,"R Maseland - Journal of Development Economics, 2021 - Elsevier",14,https://www.sciencedirect.com/science/article/pii/S030438782100033X,low,Not identifiable from abstract,Method not specified in abstract,Result not specified in abstract
The effects of language on patience: An experimental replication study of the linguistic-savings hypothesis in Austria,2021,"D Glätzle-Rützler, P Lergetporer","S Angerer, D Glätzle-Rützler, P Lergetporer… - … of the Economic …, 2021 - cambridge.org",13,https://www.cambridge.org/core/journals/journal-of-the-economic-science-association/article/effects-of-language-on-patience-an-experimental-replication-study-of-the-linguisticsavings-hypothesis-in-austria/B4921969CF497425BCD4895C778D4E6B,high,"Chen et al. (2019): ""The effect of future-oriented language on incentivized intertemporal c""",Method not specified in abstract,Result not specified in abstract
"Replication of published health economic obesity models: assessment of facilitators, hurdles and reproduction success",2021,S Evers,"B Schwander, M Nuijten, S Evers, M Hiligsmann - Pharmacoeconomics, 2021 - Springer",13,https://link.springer.com/article/10.1007/s40273-021-01008-7,high,Not identifiable from abstract,"… Replication of Published Health Economic Obesity Models: Assessment of Facilitators, Hurdles and Reproduction Success Original R",Result not specified in abstract
Spot price biases in non-linear health insurance contracts,2021,"M Simonsen, N Skipper","M Simonsen, L Skipper, N Skipper… - … of Public Economics, 2021 - Elsevier",13,https://www.sciencedirect.com/science/article/pii/S0047272721001444,medium,Not identifiable from abstract,Method not specified in abstract,… We replicate both phenomena empirically: consumers both shift the timing of their purchases in response to the end-of-year reset and react excessive
Education quality and the empirics of economic growth: reconciling Mankiw-Romer-Weil estimates with microeconometric evidence,2021,"M Rodrigues, D Souza","M Rodrigues, D Souza - Applied Economics Letters, 2021 - Taylor & Francis",13,https://www.tandfonline.com/doi/abs/10.1080/13504851.2020.1761524,low,"Mankiw et al. (1992): ""A Contribution to the Empirics of Economic Growth""",Method not specified in abstract,Result not specified in abstract
Collective honesty? Experimental evidence on the effectiveness of honesty nudging for teams,2021,M Khadjavi,"Y Dunaiev, M Khadjavi - Frontiers in Psychology, 2021 - frontiersin.org",13,https://www.frontiersin.org/articles/10.3389/fpsyg.2021.684755/full,high,"Shu et al. (2012): ""Lying Aversion and the Size of the Lie""","… A growing literature in economics studies ethical behavior and … We replicate a seminal nudge treatment effect, signing on … Thi","… A growing literature in economics studies ethical behavior and … We replicate a seminal nudge treatment effect, signing on … This is not the treatme"
Embracing the dark side? Testing the socialization of a maximizing mindset,2021,E Spiegelman,"E Spiegelman - Economic Inquiry, 2021 - Wiley Online Library",13,https://onlinelibrary.wiley.com/doi/abs/10.1111/ecin.12958,medium,Not identifiable from abstract,Method not specified in abstract,"… Previous literature suggests an “economist effect”: business and economics students … Although we replicate the previous behavioral result, we find "
Journal-based replication of experiments: An application to “Being Chosen to Lead”,2021,"A Drazen, A Dreber, EY Ozbay, E Snowberg","A Drazen, A Dreber, EY Ozbay, E Snowberg - Journal of Public Economics, 2021 - Elsevier",13,https://www.sciencedirect.com/science/article/pii/S0047272721001183,high,Not identifiable from abstract,Method not specified in abstract,Result not specified in abstract
Revisiting status quo bias: Replication of Samuelson and Zeckhauser (1988)‎,2021,"Q Xiao, G Feldman","Q Xiao, CS Lam, M Piara, G Feldman - Meta-Psychology, 2021 - conferences.lnu.se",12,https://conferences.lnu.se/index.php/metapsychology/article/view/2470,high,"Samuelson et al. (1988): ""Status Quo Bias in Decision Making""",pre-registered replication,"We found strong empirical support for the status quo bias in three decision scenarios out of the four, including budget allocation (Scenario 1/Questio"
Recalculating...: How uncertainty in local labour market definitions affects empirical findings,2021,"A Foote, MJ Kutzbach","A Foote, MJ Kutzbach, L Vilhuber - Applied Economics, 2021 - Taylor & Francis",12,https://www.tandfonline.com/doi/abs/10.1080/00036846.2020.1841083,high,"Unknown & Author (1990): ""Title of the original TS1990 zones study""",Method not specified in abstract,Result not specified in abstract
A field experiment on dishonesty: A registered replication of Azar et al.(2013),2021,"J Prochazka, P Houdek","J Prochazka, Y Fedoseeva, P Houdek - … and Experimental Economics, 2021 - Elsevier",11,https://www.sciencedirect.com/science/article/pii/S2214804320306601,high,"Azar et al. (2013): ""Dishonesty in the Field: An Experiment on Dishonesty in the Czech Repu""",field experiment,Result not specified in abstract
Economic news: Antecedents and effects,2021,"R Vliegenthart, A Damstra, M Boukes, J Jonkman","R Vliegenthart, A Damstra, M Boukes, J Jonkman - 2021 - cambridge.org",11,https://www.cambridge.org/core/elements/economic-news/DB9E9958C47FDD2FBFFD6AF2D88488DC,medium,"Boukes et al. (2019): ""Media effects across time and subject: How news coverage affects two o""",Method not specified in abstract,"… Therefore, we replicate the analyses as presented in Table 4 and include an additional interaction between media coverage and changes in unemploymen"
"An examination of genetic and environmental factors related to negative personality traits, educational attainment, and economic success.",2021,"MC Stallings, T Neppl","MC Stallings, T Neppl - Developmental psychology, 2021 - psycnet.apa.org",11,https://psycnet.apa.org/record/2021-14131-005,high,Not identifiable from abstract,Method not specified in abstract,effect significance noted
Introduction: The value of children and social transformations in Asia,2021,X Gu,"X Gu - Child Indicators Research, 2021 - Springer",10,https://link.springer.com/article/10.1007/s12187-021-09806-3,high,"Arnold et al. (1975): ""The value of children: A cross-national study""",Method not specified in abstract,Result not specified in abstract
"Institutions, human capital and economic growth",2021,"LJ Uberti, CH Knutsen","LJ Uberti, CH Knutsen - … Palgrave Handbook of Comparative Economics, 2021 - Springer",10,https://link.springer.com/chapter/10.1007/978-3-030-50888-3_18,medium,"Acemoglu et al. (2001): ""The Colonial Origins of Comparative Development""; Acemoglu et al. (2005): ""Unbundling Institutions""; Knack et al. (1995): ""Institutions and Economic Performance: Cross-Country Tests Using Alter""",Method not specified in abstract,"Human capital, … We replicate existing cross-sectional results suggesting that “…"
A replication study on growth paths of young firms: Evidence from German administrative data,2021,"S Schneck, A Werner","S Schneck, A Werner, HJ Wolter - Journal of Business Venturing Insights, 2021 - Elsevier",10,https://www.sciencedirect.com/science/article/pii/S235267342100024X,high,"Fritsch et al. (1999): ""Entrepreneurship in the Region: The Role of Local Institutions""; Brixy et al. (2007): ""The Impact of Firm Age on Growth: Evidence from German Data""",Method not specified in abstract,Result not specified in abstract
Risky choice framing with various problem descriptions: A replication and extension study,2021,L Zhou,"L Zhou, N Liu, YQ Liao, AM Li - Judgment and Decision Making, 2021 - cambridge.org",9,https://www.cambridge.org/core/journals/judgment-and-decision-making/article/risky-choice-framing-with-various-problem-descriptions-a-replication-and-extension-study/F51ED69561D8C2DC734765B94E904A78,high,"Kühberger et al. (2010): ""Risky choice framing: Task versions and a comparison of prospect theor""",Method not specified in abstract,Result not specified in abstract
Economic evaluation of transperineal versus transrectal devices for local anaesthetic prostate biopsies,2021,ECF Wilson,"ECF Wilson, A Wreford, P Tamer, K Leonard… - PharmacoEconomics …, 2021 - Springer",9,https://link.springer.com/article/10.1007/s41669-021-00277-4,low,Not identifiable from abstract,meta-analysis,Result not specified in abstract
Replication: Framing effects in intertemporal choice with children,2021,M Novarese,"V Faralla, M Novarese, V Di Giovinazzo - Journal of Economic Psychology, 2021 - Elsevier",8,https://www.sciencedirect.com/science/article/pii/S0167487020301033,high,"Sutter et al. (2015): ""Framing effects in intertemporal choice""",Method not specified in abstract,Result not specified in abstract
"Measurement error in earnings data: Replication of Meijer, Rohwedder, and Wansbeek's mixture model approach to combining survey and register data",2021,"SP Jenkins, F Rios‐Avila","SP Jenkins, F Rios‐Avila - Journal of applied econometrics, 2021 - Wiley Online Library",8,https://onlinelibrary.wiley.com/doi/abs/10.1002/jae.2811,high,"Meijer et al. (2007): ""A mixture model approach to combining survey and register data""",Method not specified in abstract,"First, we replicate MRW's empirical analysis using the Swedish model …"
"Does disgust increase unethical behavior? A replication of winterich, mittal, and morales (2014)",2021,"T Kugler, CN Noussair","T Kugler, CN Noussair, D Hatch - Social Psychological and …, 2021 - journals.sagepub.com",8,https://journals.sagepub.com/doi/abs/10.1177/1948550620944083,high,"Winterich et al. (2014): ""Does Disgust Increase Unethical Behavior?""",Method not specified in abstract,Result not specified in abstract
A new algorithm for matching Chinese NBS firm-level with customs data,2021,"P Egger, SX Rao, S Papini","P Egger, SX Rao, S Papini - China economic journal, 2021 - Taylor & Francis",8,https://www.tandfonline.com/doi/abs/10.1080/17538963.2021.1963046,high,Not identifiable from abstract,Method not specified in abstract,"… In this section, we replicate the analysis of Yu and Tian (Citation2012) on the effects of the participation of Chinese firms in the further process"
Accounting for the declining economic effects of oil price shocks,2021,Y Lyu,"Y Lyu - Energy Economics, 2021 - Elsevier",8,https://www.sciencedirect.com/science/article/pii/S0140988320303558,medium,Not identifiable from abstract,Method not specified in abstract,Result not specified in abstract
Litigation risks and firms innovation dynamics after the IPO,2021,"E Forti, S Morricone, F Munari","E Forti, S Morricone, F Munari - … of Industrial and Business Economics, 2021 - Springer",8,https://link.springer.com/article/10.1007/s40812-020-00161-y,high,"Aggarwal et al. (2014): ""Entrepreneurial exits and innovation""; Bernstein & S. (2015): ""Does going public affect innovation?""; Wies et al. (2015): ""The impact of IPOs on innovation productivity""",Method not specified in abstract,directional effect found
Multivesta: statistical analysis of economic agent-based models by statistical model checking,2021,"A Vandin, D Giachini, F Lamperti","A Vandin, D Giachini, F Lamperti… - … Symposium: From Data to …, 2021 - Springer",8,https://link.springer.com/chapter/10.1007/978-3-031-16011-0_1,low,"Vandin et al. (2021): ""Automated and distributed statistical analysis of economic agent-based""","… We first replicate the results from the original contribution, scaling the runtime analysis from 15 days to 15 h thanks to the a",Result not specified in abstract
Value-based segmentation of generation Z women consumers of India: Replication and validation of model,2021,N Singh,"N Singh, S Nigam - Prabandhan: Indian Journal of Management, 2021 - researchgate.net",8,https://www.researchgate.net/profile/Neetu-Singh-3/publication/356890912_Value-Based_Segmentation_of_Generation_Z_Women_Consumers_of_India_Replication_and_Validation_of_Model/links/658197ba0bb2c7472bf8781d/Value-Based-Segmentation-of-Generation-Z-Women-Consumers-of-India-Replication-and-Validation-of-Model.pdf,high,"Wiedmann et al. (2009): ""Value-based segmentation of luxury consumption behavior""",Method not specified in abstract,Result not specified in abstract
Prudent discounting: experimental evidence on higher order time risk preferences,2021,S Ebert,"S Ebert - International Economic Review, 2021 - Wiley Online Library",8,https://onlinelibrary.wiley.com/doi/abs/10.1111/iere.12521,medium,"Harrison et al. (2008): ""Risk Aversion in the Small and in the Large""","… We replicate the widespread finding of outcome risk aversion, but—in a perfectly symmetric design—find substantial heterogeneity","… We replicate the widespread finding of outcome risk aversion, but—in a perfectly symmetric design—find substantial heterogeneity in delay risk avers"
Replication Redux: The reproducibility crisis and the case of deworming,2021,O Ozier,"O Ozier - The World Bank Research Observer, 2021 - academic.oup.com",8,https://academic.oup.com/wbro/article-abstract/36/1/101/6009048,high,Not identifiable from abstract,"… In this paper, I explore what it means to “replicate” and “… broader replication efforts in economics, then examine the key find",Result not specified in abstract
The effect of COVID-19-induced mortality salience on delay discounting: a replication,2021,F Sonmez,"F Sonmez - Journal of the Economic Science Association, 2021 - cambridge.org",7,https://www.cambridge.org/core/journals/journal-of-the-economic-science-association/article/effect-of-covid19induced-mortality-salience-on-delay-discounting-a-replication/86ACC2C34892B11C4D487CBBC2755AE7,high,"Kelley et al. (2015): ""Thinking about death reduces delay discounting""",Method not specified in abstract,opposite direction; significance noted; directional effect found; effect significance noted
Replication: Revisiting Tversky and Shafir's (1992) Disjunction Effect with an extension comparing between and within subject designs,2021,I Ziano,"I Ziano, MF Kong, HJ Kim, CY Liu, SC Wong… - Journal of Economic …, 2021 - Elsevier",7,https://www.sciencedirect.com/science/article/pii/S0167487020301070,high,"Tversky et al. (1992): ""The disjunction effect in choice under uncertainty""",Method not specified in abstract,Result not specified in abstract
Factor Investing in Sovereign Bond Markets: Deep Sample Evidence,2021,G Baltussen,"G Baltussen, MPE Martens, O Penninga - The Journal of Portfolio …, 2021 - pure.eur.nl",7,https://pure.eur.nl/en/publications/factor-investing-in-sovereign-bond-markets-deep-sample-evidence,high,"Fama et al. (1993): ""Common risk factors in the returns on stocks and bonds""; Baker et al. (2012): ""Comovement and predictability relationships between stock and bond ret""",Method not specified in abstract,Result not specified in abstract
"How economic success shapes redistribution: The role of self-serving beliefs, in-group bias and justice principles",2021,M Hainguerlot,"C Dorin, M Hainguerlot, H Huber-Yahi… - … and Decision Making, 2021 - cambridge.org",6,https://www.cambridge.org/core/journals/judgment-and-decision-making/article/how-economic-success-shapes-redistribution-the-role-of-selfserving-beliefs-ingroup-bias-and-justice-principles/6C8A25B2CAE2C285B0992091541E14F8,low,"Amasino et al. (2023): ""Self-serving bias in redistribution choices: Accounting for beliefs an""",Method not specified in abstract,Result not specified in abstract
Do pharmaceutical prices rise anticipating branded competition?,2021,"AM Ellyson, A Basu","AM Ellyson, A Basu - Health Economics, 2021 - Wiley Online Library",6,https://onlinelibrary.wiley.com/doi/abs/10.1002/hec.4248,high,Not identifiable from abstract,Method not specified in abstract,Result not specified in abstract
Development effects of electrification in Brazil–A comment on Lipscomb et al.(2013),2021,"G Bensch, J Ankel-Peters, C Vance","G Bensch, J Ankel-Peters, C Vance - 2021 - papers.ssrn.com",6,https://papers.ssrn.com/sol3/papers.cfm?abstract_id=3980178,high,Not identifiable from abstract,"… replication in 2017, we did not have the raw data to replicate … Even though this replication could therefore not include a full",directional effect found
Contracts as reference points: a replication,2021,"S Hippel, S Hoeppner","S Hippel, S Hoeppner - International Review of Law and Economics, 2021 - Elsevier",5,https://www.sciencedirect.com/science/article/pii/S0144818820301861,high,"Hart et al. (2008): ""Contracts as Reference Points""",Method not specified in abstract,Result not specified in abstract
Reevaluating the prudence of economic forecasts in the EU: The role of instrument persistence,2021,,"M Demetrescu, C Roling… - Journal of Applied …, 2021 - Wiley Online Library",5,https://onlinelibrary.wiley.com/doi/abs/10.1002/jae.2801,high,Not identifiable from abstract,Method not specified in abstract,Result not specified in abstract
Implementing convex optimization in R: two econometric examples,2021,"Z Gao, Z Shi","Z Gao, Z Shi - Computational Economics, 2021 - Springer",5,https://link.springer.com/article/10.1007/s10614-020-09995-z,high,"Su et al. (2016): ""Identifying latent structures in panel data""; Shi & Z. (2016): ""Econometric estimation with high-dimensional moment equalities""; Koenker et al. (2014): ""Convex optimization in R""",Method not specified in abstract,… We replicate the classification results by Rmosek and compare the accuracy and speed to CVX
Sensitivity of numerate individuals to large asymmetry in outcomes: A registered replication of Traczyk et al.(2018),2021,S Mondal,"S Mondal - Decyzje, 2021 - ceeol.com",4,https://www.ceeol.com/search/article-detail?id=1014711,high,Traczyk et al. (2018),Method not specified in abstract,not fully replicated; successfully replicates
Replicating the Dow Jones Industrial Average,2021,"JB Shoven, C Sialm","J Lin, GC Selden, JB Shoven, C Sialm - 2021 - nber.org",4,https://www.nber.org/papers/w28528,high,"Shoven et al. (2019): ""The Dow Jones Industrial Average: A Historical Perspective""",Method not specified in abstract,significance noted; effect significance noted
Mr. Keynes and the “Classics”; A Suggested Reinterpretation,2021,"GB Eggertsson, C Petracchi","GB Eggertsson, C Petracchi - 2021 - nber.org",4,https://www.nber.org/papers/w29158,low,"Hicks & John (1937): ""Mr. Keynes and the 'Classics': A Suggested Reinterpretation""; Lucas & E. (1976): ""Econometric Policy Evaluation: A Critique""; Sargent & J. (1982): ""The Ends of Four Big Inflations""",more recent data,effect significance noted
Dollar-cost averaging versus lump-sum-investing: Evidence from sweden,2021,,"L Eriksson, P Fransson - 2021 - diva-portal.org",4,https://www.diva-portal.org/smash/record.jsf?pid=diva2:1525359,low,"Leggio et al. (2001): ""Dollar-Cost Averaging vs. Lump-Sum Investing: A Simulation""",Method not specified in abstract,"In line with Leggio and Lien (2001), whom we replicate, our results indicate LSI being a superior strategy for both mean-variance and loss-averse inve"
The efficacy of measuring judicial ideal points: The mis-analogy of IRTs,2021,"MD McCubbins, KM Renberg","JY Lerner, MD McCubbins, KM Renberg - … Review of Law and Economics, 2021 - Elsevier",4,https://www.sciencedirect.com/science/article/pii/S0144818821000442,high,"Martin et al. (2002): ""Dynamic Ideal Point Estimation via Markov Chain Monte Carlo for the U.""",Method not specified in abstract,Result not specified in abstract
A Replication of “The Robust Relationship between Taxes and US State Income Growth” (National Tax Journal 2008),2021,"KS Conway, JC Rork","B Brewer, KS Conway, JC Rork - Public Finance Review, 2021 - journals.sagepub.com",3,https://journals.sagepub.com/doi/abs/10.1177/10911421211016406,high,"Reed et al. (2008): ""The Robust Relationship between Taxes and US State Income Growth""",Method not specified in abstract,Result not specified in abstract
Stereotypes concerns and discreet existence of differences between men and women in risk-aversion–a replication study,2021,"M Adamus, M Grežo","M Adamus, M Grežo, K Dudeková - Studia Psychologica, 2021 - journals.savba.sk",3,https://journals.savba.sk/index.php/studiapsychologica/article/view/176,high,"Carr et al. (2010): ""Stereotype threat affects financial decision-making""","In general, the study found no differences between men and women in risk aversion and did not replicate the original effect of ste",replicates and extends original; extends original findings
US presidential election polls and the economic prospects of China and Mexico,2021,H Kim,"H Kim, MH Kim - Applied Economics, 2021 - Taylor & Francis",3,https://www.tandfonline.com/doi/abs/10.1080/00036846.2021.1937501,high,Not identifiable from abstract,Method not specified in abstract,"… For this purpose, we replicate the model of Beard, Kim, and Stern (Citation2017) to estimate the IRFs of Mexico-related variables to the Trump shock"
Escalation of commitment is independent of numeracy and cognitive reflection. Failed replication and extension of Staw (1976),2021,"M Białek, EA Meyers","M Białek, M Węgrzyn, EA Meyers - Economics and Business Review, 2021 - ceeol.com",2,https://www.ceeol.com/search/article-detail?id=1101811,high,"Staw & M. (1976): ""Knee-deep in the big muddy: A study of escalating commitment to a chos""",Method not specified in abstract,Result not specified in abstract
Predicting Student Dropout: A Replication Study Based on Neural Networks,2021,BU Wigger,"J Buchhorn, BU Wigger - 2021 - papers.ssrn.com",2,https://papers.ssrn.com/sol3/papers.cfm?abstract_id=3929194,high,Not identifiable from abstract,Method not specified in abstract,Result not specified in abstract
Replicating the CSR-Advertising-Effectiveness Model: Do Consumers' Attitudes Towards Corporate Socially Responsible Behavior in the Pharmaceutical Industry …,2021,"I Koinig, S Diehl, B Mueller","I Koinig, S Diehl, B Mueller - Advances in Advertising Research (Vol. XI) …, 2021 - Springer",2,https://link.springer.com/chapter/10.1007/978-3-658-32201-4_21,high,"Koinig et al. (2017): ""Are pharmaceutical ads affording consumers a greater say in their heal""; Koinig et al. (2018): ""Exploring antecedents of attitudes and skepticism towards pharmaceutic""",Method not specified in abstract,Result not specified in abstract
Stolen Dreams or Collateral Damage: Climate and Economic Growth in Time of Covid-19,2021,"H Abdel-Latif, H Abou-Ali, Y Abdelfatah","H Abdel-Latif, H Abou-Ali, Y Abdelfatah… - … and Economic …, 2021 - papers.ssrn.com",2,https://papers.ssrn.com/sol3/papers.cfm?abstract_id=3875810,medium,Not identifiable from abstract,Method not specified in abstract,"… -specific VARX models, we replicate the above IRFs for climate and economic growth shocks"
Electoral Rules and Corruption,2021,"G Xezonakis, S Dawson","G Xezonakis, S Dawson - The oxford handbook of the quality of …, 2021 - books.google.com",2,https://books.google.com/books?hl=en&lr=&id=Nbo0EAAAQBAJ&oi=fnd&pg=PA309&dq=replicated+economics&ots=xKNjSXJl-F&sig=LAmbloGxoMcKPux1M-QMhzLZgWU,medium,Following Smets and Van Ham (2013); Van Ham (2013),"… Following Smets and Van Ham (2013), we replicate our analysis focusing only on papers … design, this study does not focus on res","… Following Smets and Van Ham (2013), we replicate our analysis focusing only on papers … design, this study does not focus on research that traces ef"
The common-interest game between terrorists and the media: replication and extension,2021,H Sonnabend,"Y Akil, H Sonnabend - Empirical Economics, 2021 - Springer",1,https://link.springer.com/article/10.1007/s00181-019-01799-x,high,"Rohner et al. (2007): ""Blood and ink! the common-interest-game between terrorists and the med""",Method not specified in abstract,replicates and extends original
The impact of procedural and distributive justice on satisfaction and manufacturing performance: a replication of Lindquist (1995) with a focus on the importance of …,2021,"TM Lindquist, A Rausch","TM Lindquist, A Rausch - Journal of Management Control, 2021 - Springer",1,https://link.springer.com/article/10.1007/s00187-021-00318-3,high,"Lindquist & T. (1995): ""The impact of procedural and distributive justice on satisfaction and """,Method not specified in abstract,Result not specified in abstract
"A Replication of “Weathering Corruption” ( Journal of Law and Economics, 2008)",2021,"A Cordis, J Milyo","A Cordis, J Milyo - Public Finance Review, 2021 - journals.sagepub.com",1,https://journals.sagepub.com/doi/abs/10.1177/10911421211028835,high,"D. M. G. D. D. M. D. D. M. (2008): ""Weathering Corruption""",Method not specified in abstract,Result not specified in abstract
Social Distancing in 1918 Did Not Predict Suicide Rates in 43 Large Cities: A Replication and Rebuttal,2021,HG Gaddy,HG Gaddy - 2021 - scholar.archive.org,1,https://scholar.archive.org/work/an3aoj2mgnh4dfhpkjnxsgk45q/access/wayback/https://files.osf.io/v1/resources/8pc3m/providers/osfstorage/60fb9fa30c4cba003bbcc757?action=download&direct&version=1,high,Not identifiable from abstract,uses original data/code,Result not specified in abstract
Housework Gender Gap: Replicating the Analysis by Racialised Groups in Canada,2021,"K Kolpashnikova, MY Kan","K Kolpashnikova, MY Kan - Available at SSRN 3800421, 2021 - papers.ssrn.com",1,https://papers.ssrn.com/sol3/papers.cfm?abstract_id=3800421,high,"Guppy et al. (2000): ""Economic dependence, gender, and the division of labor in the home""",Method not specified in abstract,Result not specified in abstract
Replication Data for: The Effect of Austerity Packages on Government Popularity during the Great Recession,2021,"B Bremer, H Kriesi, C Wang","A Bojar, B Bremer, H Kriesi, C Wang - 2021 - pure.mpg.de",1,https://pure.mpg.de/pubman/faces/ViewItemOverviewPage.jsp?itemId=item_3378283,high,"Bojar et al. (2021): ""The Effect of Austerity Packages on Government Popularity During the G""",Method not specified in abstract,Result not specified in abstract
A replication study of moral hazard in bodily injury liability auto insurance claims filing decisions,2021,DA Kerr,"DA Kerr - Risk Management and Insurance Review, 2021 - Wiley Online Library",1,https://onlinelibrary.wiley.com/doi/abs/10.1111/rmir.12197,high,Not identifiable from abstract,Method not specified in abstract,Result not specified in abstract
Corporate rent and its role in replication of regional resource dependence,2021,ON Kavkaeva,"ON Kavkaeva, EV Goosen… - IOP Conference Series …, 2021 - iopscience.iop.org",1,https://iopscience.iop.org/article/10.1088/1755-1315/823/1/012055/meta,high,Not identifiable from abstract,Method not specified in abstract,Result not specified in abstract
A replication of Pindyck's willingness to pay: on the efforts required to obtain results,2021,"L Gerotto, P Pellizzari","L Gerotto, P Pellizzari - SN Business & Economics, 2021 - Springer",0,https://link.springer.com/article/10.1007/s43546-021-00069-2,high,"Pindyck & S. (2012): ""Uncertain outcomes and climate change policy""",Method not specified in abstract,effect ~half/double original
Are Foreign IT Workers Paid Higher Than the Natives? A Replication Study Using Three US National Surveys,2021,G Peng,"G Peng, R Bhaskar - AIS Transactions on Replication Research, 2021 - aisel.aisnet.org",0,https://aisel.aisnet.org/trr/vol7/iss1/6/,high,"Mithas et al. (2010): ""Does Information Technology Improve Business Performance? The Importan""",conceptual replication,same results
Replication Data for: The lack of loan aversion among Canadian high school students,2021,,"C Johnson, C Montmarquette - 2021 - borealisdata.ca",0,https://borealisdata.ca/dataset.xhtml?persistentId=doi:10.5683/SP3/W01NJP&version=1.0,high,"Johnson et al. (2015): ""The lack of loan aversion among Canadian high school students""","The data and programs replicate tables and figures from"" The lack of loan aversion among Canadian high school students"", by Johnso",Result not specified in abstract
"The Mental Health Cost of Terrorism. A Replication Study of Kim and Albert Kim (Health Economics, 2018)",2021,T Coupé,"T Smith, T Coupé - … Journal for Re-Views in Empirical Economics (IREE …, 2021 - econstor.eu",0,https://www.econstor.eu/handle/10419/234063,high,"Kim et al. (2018): ""The Mental Health Cost of Terrorism""",Method not specified in abstract,Result not specified in abstract
"Data Analytic Replication of a Research Claim from Stambaugh (2012), from Journal of Financial Economics",2021,MK Struhl,"A Tyner, Z Loomas, O Miske, B Luis, MK Struhl… - 2021 - osf.io",0,https://osf.io/jrwgt/resources,high,"Stambaugh et al. (2012): ""The short of it: Investor sentiment and anomalies""",Method not specified in abstract,Result not specified in abstract
"Replication Package for"" Ethnic Violence Across Space""",2021,"H Mueller, D Rohner","H Mueller, D Rohner, D Schönholzer - 2021 - digital.csic.es",0,https://digital.csic.es/handle/10261/312154,high,"Mueller et al. (2021): ""Ethnic Violence Across Space""",Method not specified in abstract,Result not specified in abstract
Replicating the retailers' trading imbalance anomaly: A quantitative study about excess return opportunities on Swedish Small Cap listed firms,2021,,"E Kroon, T Karlsson - 2021 - diva-portal.org",0,https://www.diva-portal.org/smash/record.jsf?pid=diva2:1573101,high,Not identifiable from abstract,"… cannot be replicated when applied to the … replication “appears much more suited in type to our methods of research and, indeed,",Result not specified in abstract
"Replication of Chapter 10 in Wooldridge, Cross-sectional and Panel Data, with R",2021,G Millo,G Millo - 2021 - researchgate.net,0,https://www.researchgate.net/profile/Giovanni-Millo/publication/349349778_Replication_of_Chapter_10_in_Wooldridge_Econometric_analysis_of_Cross-section_and_Panel_Data_with_R/links/602c1980299bf1cc26cf26c1/Replication-of-Chapter-10-in-Wooldridge-Econometric-analysis-of-Cross-section-and-Panel-Data-with-R.pdf,high,"Wooldridge & M. (2010): ""Econometric Analysis of Cross Section and Panel Data""",difference-in-differences,effect significance noted
The Fama-French five-factor asset pricing model: A replication across the globe,2021,,K Eggan - 2021 - ntnuopen.ntnu.no,0,https://ntnuopen.ntnu.no/ntnu-xmlui/handle/11250/2777121,high,"Fama et al. (2015): ""A Five-Factor Asset Pricing Model""",Method not specified in abstract,Result not specified in abstract
“Das Modell ist dafür nicht geeignet!”(“The Model is not Suitable for This!”): The Model of Frame Selection and a Corrective Replication of the Findings in the Fehr …,2021,,"H Esser - Rationality in Social Science: Foundations, Norms, and …, 2021 - Springer",0,https://link.springer.com/chapter/10.1007/978-3-658-33536-6_4,high,"Fehr et al. (2000): ""Cooperation and punishment in public goods experiments""",Method not specified in abstract,Result not specified in abstract
"A Note on Migration, Diversity and Economic Growth: a Replication Study of Bove and Elia (World Development, 2017)",2021,,"L Ventura - … and Economic Growth: a Replication Study of Bove …, 2021 - papers.ssrn.com",0,https://papers.ssrn.com/sol3/papers.cfm?abstract_id=3957325,high,"Bove et al. (2017): ""Migration, Diversity and Economic Growth""",Method not specified in abstract,Result not specified in abstract
Revisiting Zuckerman's (1999) Categorical Imperative: An Application of Epistemic Maps for Replication,2021,B Goldfarb,"L Yan, B Goldfarb - 2021 - biopen.bi.no",0,https://biopen.bi.no/bi-xmlui/bitstream/handle/11250/3093253/yan.pdf?sequence=4,high,"Zuckerman & Harriet (1999): ""The Categorical Imperative: A New Approach to the Study of Science""",Method not specified in abstract,Result not specified in abstract
Replicating a study of women and men in state government administration 30 years later,2021,"S Mastracci, N Mahallati","S Mastracci, N Mahallati - Gender in Management: An International …, 2021 - emerald.com",0,https://www.emerald.com/insight/content/doi/10.1108/GM-04-2020-0127/full/html?skipTracking=true&utm_campaign=Emerald_HR_PPV_November22_RoN,high,Not identifiable from abstract,Method not specified in abstract,Result not specified in abstract
"A Reply to a Replication of “Weathering Corruption” ( Journal of Law and Economics, 2008): Different Data Produce Different Results",2021,RS Sobel,"PT Leeson, RS Sobel - Public Finance Review, 2021 - journals.sagepub.com",0,https://journals.sagepub.com/doi/abs/10.1177/10911421211036247,high,Not identifiable from abstract,Method not specified in abstract,directional effect found
Body Mass Index and Health-Related Quality of Life: A Replication Study,2021,,JA Madsen - 2021 - search.proquest.com,0,https://search.proquest.com/openview/4b6353c97b5691f73c13f5d1bd82eb7c/1?pq-origsite=gscholar&cbl=18750&diss=y,medium,Not identifiable from abstract,meta-analysis,Result not specified in abstract
Situational pressure as a moderator of followers preferences for considerate versus initiating structure leaders. Replication of earlier findings.,2021,J Rollwage,"J Rollwage, S Schulz-Hardt - 2021 - osf.io",0,https://osf.io/kfa93/resources,high,Not identifiable from abstract,Method not specified in abstract,Result not specified in abstract
"Replication Data for: Economic Interventions, Economic Perceptions and Political Support During the Eurozone Crisis",2021,,S Turnbull-Dugarte - 2021 - eprints.soton.ac.uk,0,https://eprints.soton.ac.uk/451801/,high,"Turnbull-Dugarte & Stuart (2021): ""Economic Interventions, Economic Perceptions and Political Support Dur""",Method not specified in abstract,Result not specified in abstract
Replicating agent-based simulation models of herding in financial markets,2021,,X Liu - 2021 - search.proquest.com,0,https://search.proquest.com/openview/d42fb0c296b8eacdf8a3de8a859869a4/1?pq-origsite=gscholar&cbl=2026366&diss=y,high,Not identifiable from abstract,Method not specified in abstract,Result not specified in abstract
A replication of Heath's (1995) study 1,2021,T Schultze,"T Schultze, A Behrens - 2021 - osf.io",0,https://osf.io/mh4ut/resources,high,"Heath & C. (1995): ""The effect of economic theories on decision making""",Method not specified in abstract,Result not specified in abstract
A creative destruction approach to replication,2021,EG Clemente,"R Charles, D Viganola, EG Clemente… - Journal of …, 2021 - pure-oai.bham.ac.uk",0,http://pure-oai.bham.ac.uk/ws/files/158539892/1_s2.0_S0022103120304005_main.pdf,high,Not identifiable from abstract,pre-registered replication,fails to replicate; directional effect found
The long-run impacts of same-race teachers,2022,"S Gershenson, CMD Hart, J Hyman","S Gershenson, CMD Hart, J Hyman… - American Economic …, 2022 - aeaweb.org",1317,https://www.aeaweb.org/articles?id=10.1257/pol.20190573,medium,"Krueger et al. (2001): ""The Effect of Attending a Small Class in the Early Grades on College E""","In … We replicate the main STAR findings in the North Carolina data, which suggests that the … THE LONG-RUN IMPACTS OF SAME-RACE T",effect significance noted
Count (and count-like) data in finance,2022,"JB Cohn, Z Liu, MI Wardlaw","JB Cohn, Z Liu, MI Wardlaw - Journal of Financial Economics, 2022 - Elsevier",745,https://www.sciencedirect.com/science/article/pii/S0304405X2200174X,high,Not identifiable from abstract,… show through replication of existing papers that economic … We also replicate data sets analyzed in six top-finance journal … 's,Result not specified in abstract
Financial education affects financial knowledge and downstream behaviors,2022,"T Kaiser, A Lusardi, L Menkhoff, C Urban","T Kaiser, A Lusardi, L Menkhoff, C Urban - Journal of Financial Economics, 2022 - Elsevier",696,https://www.sciencedirect.com/science/article/pii/S0304405X21004281,high,Not identifiable from abstract,Method not specified in abstract,fails to replicate; original data issue found
Social capital I: measurement and associations with economic mobility,2022,"R Chetty, MO Jackson, T Kuchler, J Stroebel","R Chetty, MO Jackson, T Kuchler, J Stroebel… - Nature, 2022 - nature.com",693,https://www.nature.com/articles/s41586-022-04996-4%3C/p%3E,medium,Not identifiable from abstract,Method not specified in abstract,We replicate these results in the odd-numbered columns of Table 2 (…
Labor market power,2022,"D Berger, K Herkenhoff, S Mongey","D Berger, K Herkenhoff, S Mongey - American Economic Review, 2022 - aeaweb.org",635,https://www.aeaweb.org/articles?id=10.1257/aer.20191521,medium,"Staiger et al. (2010): ""The Effect of Hospital Competition on the Quality of Care""",Method not specified in abstract,"… Second, we replicate the 0"
The impact of climate risk on firm performance and financing choices: An international comparison,2022,"HH Huang, J Kerstein, C Wang","HH Huang, J Kerstein, C Wang - Crises and Disruptions in International …, 2022 - Springer",618,https://link.springer.com/chapter/10.1007/978-3-030-80383-4_13,low,"Kreft et al. (2014): ""Global climate risk index 2014""",Method not specified in abstract,Result not specified in abstract
Quantifying the global burden of mental disorders and their economic value,2022,"D Arias, S Saxena, S Verguet","D Arias, S Saxena, S Verguet - EClinicalMedicine, 2022 - thelancet.com",444,https://www.thelancet.com/journals/eclinm/article/PIIS2589-5370(22)00405-9/fulltext,medium,"Vigo et al. (2016): ""Estimating the true global burden of mental illness""",new/different dataset,"… Following Vigo and colleagues, we replicate reallocations in neurological and musculoskeletal conditions, and further include alcohol and mental use"
Subways and urban air pollution,2022,"N Gendron-Carrier, M Gonzalez-Navarro","N Gendron-Carrier, M Gonzalez-Navarro… - … : Applied economics, 2022 - aeaweb.org",274,https://www.aeaweb.org/articles?id=10.1257/app.20180168,high,Not identifiable from abstract,Method not specified in abstract,"Our city population … In this table, we replicate the results of column 5 of Table 2, but add an interaction between … NBER WORKING PAPER SERIES SUBWA"
Belief elicitation and behavioral incentive compatibility,2022,"D Danz, L Vesterlund, AJ Wilson","D Danz, L Vesterlund, AJ Wilson - American Economic Review, 2022 - aeaweb.org",212,https://www.aeaweb.org/articles?id=10.1257/aer.20201248,high,"Niederle et al. (2007): ""Do Women Shy Away from Competition? Do Men Compete Too Much?""",Method not specified in abstract,"We replicate the … Thus, our replication demonstrates that information on the BSR …"
Long-term effects of childhood nutrition: evidence from a school lunch reform,2022,"P Lundborg, DO Rooth","P Lundborg, DO Rooth… - The Review of Economic …, 2022 - academic.oup.com",175,https://academic.oup.com/restud/advance-article-pdf/doi/10.1093/restud/rdab028/42748235/rdab028.pdf,low,Not identifiable from abstract,… Column 1 of Table 6 shows that we can replicate the positive effects of school lunches on income for the sample with absence dat,directional effect found
The gender gap in mental well-being at the onset of the Covid-19 pandemic: Evidence from the UK,2022,"B Etheridge, L Spantig","B Etheridge, L Spantig - European Economic Review, 2022 - Elsevier",109,https://www.sciencedirect.com/science/article/pii/S0014292122000502,medium,Not identifiable from abstract,Method not specified in abstract,"… However, for a more comprehensive view, we replicate our analysis as far as possible, and … from both the economics and the psychology literature"
Does institutional quality foster economic complexity? The fundamental drivers of productive capabilities,2022,TV Vu,"TV Vu - Empirical Economics, 2022 - Springer",95,https://link.springer.com/article/10.1007/s00181-021-02175-4,medium,"Hidalgo et al. (2009): ""The building blocks of economic complexity""; Casey et al. (2021): ""The validity of historical instruments in economic performance studies""",Method not specified in abstract,Result not specified in abstract
"Replicating private equity with value investing, homemade leverage, and hold-to-maturity accounting",2022,E Stafford,"E Stafford - The Review of Financial Studies, 2022 - academic.oup.com",88,https://academic.oup.com/rfs/article-abstract/35/1/299/6136189,high,"Kaplan et al. (2005): ""Private Equity Returns: Persistence and Capital Flows""",Method not specified in abstract,Result not specified in abstract
Reliance on science by inventors: Hybrid extraction of in‐text patent‐to‐article citations,2022,M Marx,"M Marx, A Fuegi - … of Economics & Management Strategy, 2022 - Wiley Online Library",85,https://onlinelibrary.wiley.com/doi/abs/10.1111/jems.12455,high,"Authors of the first replicated work (Year): ""Title of the first replicated work""; Authors of the second replicated work (Year): ""Title of the second replicated work""",Method not specified in abstract,… we replicate two prior published articles that used front-page citations
Does gender still matter? An examination of small business performance,2022,K Kiefer,"K Kiefer, M Heileman, TL Pett - Small Business Economics, 2022 - Springer",74,https://link.springer.com/article/10.1007/s11187-020-00403-2,high,"Fairlie et al. (2009): ""Gender differences in business performance: evidence from the characte""",Method not specified in abstract,Result not specified in abstract
Household spending responses to the economic impact payments of 2020: Evidence from the consumer expenditure survey,2022,"JA Parker, J Schild","JA Parker, J Schild, L Erhard, D Johnson - 2022 - nber.org",73,https://www.nber.org/papers/w29648,high,Not identifiable from abstract,"… Second, using this methodology, we replicate Tables 2 and 3 in both papers for the 2020 … Finally, we argue that this instabilit","… Second, using this methodology, we replicate Tables 2 and 3 in both papers for the 2020 … Finally, we argue that this instability and lack of power "
Who did it matters: Executive equity compensation and financial reporting fraud,2022,RH Davidson,"RH Davidson - Journal of Accounting and Economics, 2022 - Elsevier",73,https://www.sciencedirect.com/science/article/pii/S0165410121000689,medium,Not identifiable from abstract,"While the research design is similar across studies in the specific tests I replicate, it …",Result not specified in abstract
The economics of the Greenium: How much is the world willing to pay to save the earth?,2022,"P Lau, W Wan","P Lau, A Sze, W Wan, A Wong - Environmental and Resource Economics, 2022 - Springer",73,https://link.springer.com/article/10.1007/s10640-021-00630-5,medium,"Zerbib & Olivier (2019): ""The greenium: A new perspective on the pricing of green bonds""",Method not specified in abstract,"… As a second check, we replicate Zerbib's results with his individual fixed effects model using our … Appendix 5 summarizes the replication results, "
Measuring violence against women with experimental methods,2022,V Frisancho,"JM Agüero, V Frisancho - Economic Development and …, 2022 - journals.uchicago.edu",71,https://www.journals.uchicago.edu/doi/abs/10.1086/714008,medium,Not identifiable from abstract,"… Focusing on a sample in impoverished urban areas in Peru, we replicate direct measures from the widely used Demographic and Heal","… Focusing on a sample in impoverished urban areas in Peru, we replicate direct measures from the widely used Demographic and Health Surveys and compa"
Emotions and risk attitudes,2022,AN Meier,"AN Meier - American Economic Journal: Applied Economics, 2022 - aeaweb.org",63,https://www.aeaweb.org/articles?id=10.1257/app.20200164,medium,Not identifiable from abstract,"… Fourth, I replicate the estimate in data with choice under risk … Do alternative economic or psychological explanations drive … ",Result not specified in abstract
The language of inequality: Evidence economic inequality increases wealth category salience,2022,"K Peters, J Jetten, P Tanjitpiyanond","K Peters, J Jetten, P Tanjitpiyanond… - Personality and …, 2022 - journals.sagepub.com",59,https://journals.sagepub.com/doi/abs/10.1177/01461672211036627,high,Not identifiable from abstract,pre-registered replication,Result not specified in abstract
How economic inequality shapes thought and action,2022,"D Goya‐Tocchetto, BK Payne","D Goya‐Tocchetto, BK Payne - Journal of Consumer …, 2022 - Wiley Online Library",54,https://myscp.onlinelibrary.wiley.com/doi/abs/10.1002/jcpy.1277,low,Not identifiable from abstract,Method not specified in abstract,same results
Scared straight? Threat and assimilation of refugees in Germany,2022,"P Jaschke, S Sardoschau, M Tabellini","P Jaschke, S Sardoschau, M Tabellini - 2022 - nber.org",53,https://www.nber.org/papers/w30381,medium,"Dustmann et al. (2017): ""The Effect of Local Area Characteristics on the Economic Integration o""",survey data,We replicate the preferred speci… Scared Straight? Threat and Assimilation of Refugees in Germany Philipp Jaschke ( Institute for Employment Research 
Returns in the Labor Market: A Nuanced View of Penalties at the Intersection of Race and Gender in the US,2022,"M Paul, W Darity","M Paul, K Zaw, W Darity - Feminist Economics, 2022 - Taylor & Francis",51,https://www.tandfonline.com/doi/abs/10.1080/13545701.2022.2042472,high,Not identifiable from abstract,Method not specified in abstract,Result not specified in abstract
"Financial development, reforms and growth",2022,"S Boikos, T Panagiotidis, G Voucharas","S Boikos, T Panagiotidis, G Voucharas - Economic Modelling, 2022 - Elsevier",49,https://www.sciencedirect.com/science/article/pii/S0264999321003230,medium,Not identifiable from abstract,Method not specified in abstract,"We reveal that the components of financial reforms, which are more important for economic … one and we replicate the analysis"
"Pandemics, economic freedom, and institutional trade-offs",2022,"V Geloso, K Hyde, I Murtazashvili","V Geloso, K Hyde, I Murtazashvili - … Journal of Law and Economics, 2022 - Springer",47,https://link.springer.com/article/10.1007/s10657-021-09704-7,low,Guire and Coelho (2011); Coelho (2011),Method not specified in abstract,effect significance noted
The coordinating power of social norms,2022,"F Fallucchi, D Nosenzo","F Fallucchi, D Nosenzo - Experimental Economics, 2022 - Springer",45,https://link.springer.com/article/10.1007/s10683-021-09717-8,low,"Krupka et al. (2013): ""Identifying Social Norms Using Coordination Games""","… In a first condition (KWr), we replicated the KW treatment we originally ran in Study 1",Result not specified in abstract
Economic inequality increases the preference for status consumption,2022,"A Velandia-Morales, R Rodríguez-Bailón","A Velandia-Morales, R Rodríguez-Bailón… - Frontiers in …, 2022 - frontiersin.org",44,https://www.frontiersin.org/articles/10.3389/fpsyg.2021.809101/full,medium,"Rodriguez-Bailon et al. (2017): ""The impact of perceived economic inequality on status consumption""; Walasek et al. (2015): ""The effects of economic inequality on consumer behavior""",Method not specified in abstract,effect significance noted
"Investigate the impact of human capital, economic freedom and governance performance on the economic growth of the BRICS",2022,,"C Duan, Y Zhou, Y Cai, W Gong, C Zhao… - Journal of Enterprise …, 2022 - emerald.com",42,https://www.emerald.com/insight/content/doi/10.1108/JEIM-04-2021-0179,low,"Benhabib et al. (1994): ""The Role of Human Capital in Economic Development: Evidence from Aggre""; Cohen et al. (2007): ""Growth and Human Capital: Good Data, Good Results""",Method not specified in abstract,Result not specified in abstract
Inclusive monetary policy: How tight labor markets facilitate broad-based employment growth,2022,"B Born, DA Matsa, M Weber","N Bergman, B Born, DA Matsa, M Weber - 2022 - nber.org",42,https://www.nber.org/papers/w29651,medium,"Bergman et al. (2022): ""Inclusive Monetary Policy: How Tight Labor Markets Facilitate Broad-Ba""",Method not specified in abstract,… We replicate these results in a New Keynesian model with heterogeneous workers
Uncertainty and monetary policy in good and bad times: A replication of the vector autoregressive investigation by Bloom (2009),2022,"G Caggiano, E Castelnuovo","G Caggiano, E Castelnuovo… - Journal of Applied …, 2022 - Wiley Online Library",41,https://onlinelibrary.wiley.com/doi/abs/10.1002/jae.2861,high,"Bloom & Nicholas (2009): ""The Impact of Uncertainty Shocks""",Method not specified in abstract,Result not specified in abstract
Sexual orientation discrimination in the labor market against gay men,2022,N Drydakis,"N Drydakis - Review of Economics of the Household, 2022 - Springer",39,https://link.springer.com/article/10.1007/s11150-021-09581-8,high,"Ahmed et al. (2013): ""Are gay men and lesbians discriminated against in the hiring process?""",field experiment; same design/methodology; meta-analysis,Result not specified in abstract
Economic and cultural determinants of elite attitudes toward redistribution,2022,"M López, G Moraes Silva, C Teeger","M López, G Moraes Silva, C Teeger… - Socio-Economic …, 2022 - academic.oup.com",37,https://academic.oup.com/ser/article-abstract/20/2/489/5827737,medium,Not identifiable from abstract,Method not specified in abstract,"… To examine the external validity of our findings, we replicate our … To test this assumption, we replicate our models in the … as the missing link b"
Methods matter: P-hacking and publication bias in causal analysis in economics: Comment,2022,,"S Kranz, P Pütz - American Economic Review, 2022 - aeaweb.org",35,https://www.aeaweb.org/articles?id=10.1257/aer.20210121,medium,"Brodeur et al. (2020): ""Hypothesis Tests from Economic Articles: Evidence on P-Hacking and Pub""",… Replication Results In this section we replicate the main analyses from BCH using our adjusted dataset,… Replication Results In this section we replicate the main analyses from BCH using our adjusted dataset
"Who gets what: The economy, relative gains and Brexit",2022,"J Green, T Hellwig, E Fieldhouse","J Green, T Hellwig, E Fieldhouse - British Journal of Political Science, 2022 - cambridge.org",35,https://www.cambridge.org/core/journals/british-journal-of-political-science/article/who-gets-what-the-economy-relative-gains-and-brexit/092683A0C4CE85FD53FAFAEA6B7207E5,high,"Green et al. (2021): ""Mind the Gap: Why Wealthy Voters Support Brexit""",Method not specified in abstract,"This article puts forward a conceptualization of the economic vote for populism, Group-Based Economics… Accordingly, we replicate the analysis by comp"
Semesters or quarters? The effect of the academic calendar on postsecondary student outcomes,2022,"V Bostwick, S Fischer, M Lang","V Bostwick, S Fischer, M Lang - American Economic Journal: Economic …, 2022 - aeaweb.org",34,https://www.aeaweb.org/articles?id=10.1257/pol.20190589,medium,"Bostwick et al. (2022): ""Semesters or Quarters? The Effect of the Academic Calendar on Postseco""","… Using transcript data, we replicate this analysis at the student level and investigate possible mechanisms","… Using transcript data, we replicate this analysis at the student level and investigate possible mechanisms"
"Demographic change, technological advance, and growth: A cross-country analysis",2022,"CY Park, K Shin, A Kikkawa","CY Park, K Shin, A Kikkawa - Economic Modelling, 2022 - Elsevier",33,https://www.sciencedirect.com/science/article/pii/S026499932100331X,high,"Acemoglu et al. (2017): ""Secular Stagnation? Causes and Cures""",panel data,Result not specified in abstract
"Economic policy uncertainty, oil price volatility and stock market returns: Evidence from a nonlinear model",2022,Y Ma,"X Liu, Y Wang, W Du, Y Ma - The North American Journal of Economics …, 2022 - Elsevier",28,https://www.sciencedirect.com/science/article/pii/S1062940822001176,medium,Not identifiable from abstract,Method not specified in abstract,"… So, we replicate the PSTR regressions by using the OVX index to measure oil volatility"
Preferences and perceptions in provision and maintenance public goods,2022,"S Gächter, F Kölle, S Quercia","S Gächter, F Kölle, S Quercia - Games and Economic Behavior, 2022 - Elsevier",28,https://www.sciencedirect.com/science/article/pii/S0899825622001087,high,Not identifiable from abstract,Method not specified in abstract,Result not specified in abstract
Raising the bar: minimum wages and employers' hiring standards,2022,S Butschek,"S Butschek - American Economic Journal: Economic Policy, 2022 - aeaweb.org",28,https://www.aeaweb.org/articles?id=10.1257/pol.20190534,medium,"Card et al. (1994): ""Minimum Wages and Employment: A Case Study of the New Jersey-Pennsylva""",Method not specified in abstract,Result not specified in abstract
Disagreement in economic forecasts and equity returns: risk or mispricing?,2022,"TG Bali, SJ Brown","TG Bali, SJ Brown, Y Tang - China Finance Review International, 2022 - emerald.com",27,https://www.emerald.com/insight/content/doi/10.1108/CFRI-05-2022-0075,medium,Not identifiable from abstract,Method not specified in abstract,… We replicate this bivariate portfolio-level analysis using conditional (dependent) bivariate sorts and find that the corresponding 5-factor alpha sp
Relative performance feedback and the effects of being above average—field experiment and replication,2022,"R Brade, O Himmler","R Brade, O Himmler, R Jäckle - Economics of Education Review, 2022 - Elsevier",26,https://www.sciencedirect.com/science/article/pii/S0272775722000449,high,Not identifiable from abstract,new/different dataset,"Most importantly, we replicate the result that …"
Is fiscal policy more effective during recessions?,2022,M Alloza,"M Alloza - International Economic Review, 2022 - Wiley Online Library",26,https://onlinelibrary.wiley.com/doi/abs/10.1111/iere.12571,high,"Auerbach et al. (2012): ""Fiscal Multipliers in Recession and Expansion""",Method not specified in abstract,Result not specified in abstract
Environmental disparities in urban Mexico: Evidence from toxic water pollution,2022,"L Chakraborti, JP Shimshack","L Chakraborti, JP Shimshack - Resource and Energy Economics, 2022 - Elsevier",26,https://www.sciencedirect.com/science/article/pii/S092876552100066X,low,Not identifiable from abstract,"… We replicated the panel analyses (with and without … We replicated the panel analysis assigning pollution data from … Finally, w",Result not specified in abstract
"Extensions of the Pesaran, Shin and Smith (2001) bounds testing procedure",2022,"G Bertsatos, P Sakellaris, MG Tsionas","G Bertsatos, P Sakellaris, MG Tsionas - Empirical Economics, 2022 - Springer",25,https://link.springer.com/article/10.1007/s00181-021-02041-3,high,"Pesaran et al. (2001): ""Bounds testing approaches to the analysis of level relationships""; Cho et al. (2015): ""Quantile regression for the ARDL model""; Shin et al. (2014): ""Nonlinear and asymmetric error correction models""",new/different dataset,"(2001, hereafter PSS) using unrestricted error-correction models (UECMs) based on the … 1 Extensions of the Pesaran, Shin and Smith (2001) bounds test"
Do economic conditions affect climate change beliefs and support for climate action? Evidence from the US in the wake of the Great Recession,2022,AG Meyer,"AG Meyer - Economic Inquiry, 2022 - Wiley Online Library",25,https://onlinelibrary.wiley.com/doi/abs/10.1111/ecin.13036,medium,Not identifiable from abstract,Method not specified in abstract,Result not specified in abstract
When macro time series meets micro panel data: A clear and present danger,2022,,"HC Huang, X Wang, X Xiong - Energy Economics, 2022 - Elsevier",25,https://www.sciencedirect.com/science/article/pii/S0140988322004182,medium,Not identifiable from abstract,Method not specified in abstract,"… In the (unpublished) online appendix, we replicate the main results of these three articles in Table A1, A2, and A3, respectively"
Testing the impact of fiscal policies for economic recovery: does monetary policy act as catalytic tool for economic Survival,2022,"HB Saydaliev, V Dagar","B Yuan, W Leiling, HB Saydaliev, V Dagar… - Economic Change and …, 2022 - Springer",24,https://link.springer.com/article/10.1007/S10644-022-09383-7,high,"Faria-e-Castro & M. (2021): ""Fiscal policy during a pandemic""",Method not specified in abstract,"18 percent, next to the economic … , we replicate the impact of … Di Carlo, Donato & Schmitz, Luuk (2023) Europe first? The rise of EU industrial poli"
Evaluating the effectiveness of a volunteer one-on-one tutoring model for early elementary reading intervention: A randomized controlled trial replication study,2022,,"CE Markovitz, MW Hernandez… - American …, 2022 - journals.sagepub.com",23,https://journals.sagepub.com/doi/abs/10.3102/00028312211066848,high,Not identifiable from abstract,randomized controlled trial,Result not specified in abstract
Rational inattention in the infield,2022,"V Bhattacharya, G Howard","V Bhattacharya, G Howard - American Economic Journal …, 2022 - aeaweb.org",23,https://www.aeaweb.org/articles?id=10.1257/mic.20200310,high,Not identifiable from abstract,Method not specified in abstract,"… While we are able to replicate their results using their payoff metric ( on-base percentage plus slugging) and state controls, we find our result is"
"Employee satisfaction and long-run stock returns, 1984–2020",2022,H Boustanifar,"H Boustanifar, YD Kang - Financial Analysts Journal, 2022 - Taylor & Francis",23,https://www.tandfonline.com/doi/abs/10.1080/0015198X.2022.2074241,high,Not identifiable from abstract,Method not specified in abstract,Result not specified in abstract
Match length realization and cooperation in indefinitely repeated games,2022,"F Mengel, S Weidenholzer","F Mengel, L Orlandi, S Weidenholzer - Journal of Economic Theory, 2022 - Elsevier",21,https://www.sciencedirect.com/science/article/pii/S0022053122000060,high,Not identifiable from abstract,Method not specified in abstract,Result not specified in abstract
Economic uncertainty and natural language processing; The case of Russia,2022,"W Charemza, S Makarova, K Rybiński","W Charemza, S Makarova, K Rybiński - Economic Analysis and Policy, 2022 - Elsevier",21,https://www.sciencedirect.com/science/article/pii/S0313592621001612,high,"Baker et al. (2016): ""Measuring Economic Policy Uncertainty""",Method not specified in abstract,… The results show that the worst index at being able to confirm this effect is our replication of the EPU index based on data from four newspapers wi
The impact of power and relationship commitment on customer integration: a replication and extension,2022,"M Zhang, B Huo, B Flynn","M Zhang, X Zhao, B Huo, B Flynn - International Journal of Physical …, 2022 - emerald.com",20,https://www.emerald.com/insight/content/doi/10.1108/ijpdlm-04-2021-0121/full/html,high,"Zhao et al. (2008): ""The impact of power and relationship commitment on customer integratio""",Method not specified in abstract,Result not specified in abstract
Cumulative lifetime stressor exposure assessed by the STRAIN predicts economic ambiguity aversion,2022,"CM Raio, M Grubb, GS Shields","CM Raio, BB Lu, M Grubb, GS Shields… - Nature …, 2022 - nature.com",20,https://www.nature.com/articles/s41467-022-28530-2,high,Not identifiable from abstract,Method not specified in abstract,Result not specified in abstract
A replication of “an experimental test of the expectancy‐disconfirmation theory of citizen satisfaction”,2022,"W Chen, B Dong, CW Hsieh, MJ Lee, N Liu","W Chen, B Dong, CW Hsieh, MJ Lee, N Liu… - Public …, 2022 - Wiley Online Library",20,https://onlinelibrary.wiley.com/doi/abs/10.1111/padm.12860,high,Not identifiable from abstract,Method not specified in abstract,Result not specified in abstract
Green perceived value and consumer attitudes in the light of the SDGs: a replication study from a developing economy,2022,"SM Braimah, GK Amoako, A Abubakari","SM Braimah, GK Amoako, A Abubakari… - Society and Business …, 2022 - emerald.com",20,https://www.emerald.com/insight/content/doi/10.1108/sbr-03-2022-0088,high,Not identifiable from abstract,Method not specified in abstract,Result not specified in abstract
The scientific method: A guide to finding useful knowledge,2022,"JS Armstrong, KC Green","JS Armstrong, KC Green - 2022 - books.google.com",20,https://books.google.com/books?hl=en&lr=&id=g2B2EAAAQBAJ&oi=fnd&pg=PR11&dq=replication+economics&ots=ah_SeuywPW&sig=HAOf4_iLwfSgbzA5jHUuwdbNWUc,high,Not identifiable from abstract,Method not specified in abstract,Result not specified in abstract
The effect of stereotypes on black college test scores at a historically black university,2022,"M Alston, WA Darity, CC Eckel","M Alston, WA Darity, CC Eckel, L McNeil… - Journal of Economic …, 2022 - Elsevier",19,https://www.sciencedirect.com/science/article/pii/S0167268121005151,high,"Steele et al. (1995): ""Stereotype threat and the intellectual test performance of African Ame""",Method not specified in abstract,Result not specified in abstract
The duality of poverty: A replication of Mani et al.(2013) in Colombia,2022,"F González-Arango, J Corredor","F González-Arango, J Corredor, MA López-Ardila… - Theory and …, 2022 - Springer",18,https://link.springer.com/article/10.1007/s11238-021-09836-x,medium,"Mani et al. (2013): ""Poverty Impedes Cognitive Function""",Method not specified in abstract,Result not specified in abstract
High resolution treatment effects estimation: Uncovering effect heterogeneities with the modified causal forest,2022,"H Busshoff, M Lechner","H Bodory, H Busshoff, M Lechner - Entropy, 2022 - mdpi.com",18,https://www.mdpi.com/1099-4300/24/8/1039,medium,Not identifiable from abstract,Method not specified in abstract,"… We replicate three well-known studies in the fields of epidemiology, medicine, and labor economics to demonstrate that our mcf package produces aggr"
Income inequality measures and economic growth channels,2022,,"R Blotevogel, E Imamoglu, K Moriyama… - Journal of Macroeconomics, 2022 - Elsevier",18,https://www.sciencedirect.com/science/article/pii/S0164070422000167,low,Not identifiable from abstract,Method not specified in abstract,Result not specified in abstract
Does certainty on the winner diminish the interest in sport competitions? The case of formula one,2022,"P Garcia-del-Barrio, JJ Reade","P Garcia-del-Barrio, JJ Reade - Empirical Economics, 2022 - Springer",17,https://link.springer.com/article/10.1007/s00181-021-02147-8,high,"Whitney & David (1988): ""The Effect of Uncertainty on the Demand for Sports""; Fort et al. (1995): ""Cross-Subsidization, Revenue Sharing, and the Theory of the Firm""; Humphreys et al. (2015): ""The Impact of Uncertainty of Outcome on Attendance in Professional Spo""","… Then, we replicate the analysis for GTN, covering just 10 seasons (from 2008 to 2017), due to shorter data availability","… Then, we replicate the analysis for GTN, covering just 10 seasons (from 2008 to 2017), due to shorter data availability"
Endogenous inclusion in the Demographic and Health Survey anthropometric sample: Implications for studying height within households,2022,"D Spears, D Coffey, JR Behrman","D Spears, D Coffey, JR Behrman - Journal of Development Economics, 2022 - Elsevier",16,https://www.sciencedirect.com/science/article/pii/S0304387821001413,high,Not identifiable from abstract,Method not specified in abstract,Result not specified in abstract
The minimum wage and search effort,2022,"J Meer, CW Sloan","C Adams, J Meer, CW Sloan - Economics Letters, 2022 - Elsevier",16,https://www.sciencedirect.com/science/article/pii/S0165176522000106,medium,Not identifiable from abstract,Method not specified in abstract,"… We replicate these results using an inverse hyperbolic sine transformation, Poisson, and negative binomial model"
"Framing effects, procedural fairness, and the nonprofit managers' reactions to job layoffs in response to the economic shock of the COVID-19 crisis",2022,MH Kim,"MH Kim - Voluntas: International Journal of Voluntary and …, 2022 - Springer",16,https://link.springer.com/article/10.1007/s11266-021-00439-2,high,"Brockner et al. (1995): ""When trust matters: The moderating effect of outcome favorability""",conceptual replication,Result not specified in abstract
The relationship between state-level carbon emissions and average working hours in the United States: a replication study,2022,"DJ Mallinson, KJG Cheng","DJ Mallinson, KJG Cheng - Environmental Sociology, 2022 - Taylor & Francis",16,https://www.tandfonline.com/doi/abs/10.1080/23251042.2021.1975350,high,"Smith et al. (2020): ""The impact of economic growth on carbon emissions: Evidence from state""",Method not specified in abstract,Result not specified in abstract
Strength is still a weakness in coalition formation: Replicating and understanding the Strength-is-Weakness effect,2022,"I van Beest, T Pronk","J Wissink, I van Beest, T Pronk… - Personality and Social …, 2022 - journals.sagepub.com",15,https://journals.sagepub.com/doi/abs/10.1177/01461672211005883,medium,Not identifiable from abstract,Method not specified in abstract,Result not specified in abstract
Happiness and Economic Choice,2022,RK Brahmana,"M Kontesa, JCY Wong, RK Brahmana… - … (Jurnal Ekonomi dan …, 2022 - ejournal.stiesia.ac.id",15,https://ejournal.stiesia.ac.id/ekuitas/article/view/4844,high,"Puri et al. (2007): ""Optimism, Pessimism, and Economic Choice""","In our approach, we replicate the method developed by Puri and Robinson (2007), in which we replace …","In our approach, we replicate the method developed by Puri and Robinson (2007), in which we replace …"
Game-based learning as a gateway for promoting financial literacy–how games in economics influence students' financial interest,2022,L Platz,"L Platz, M Jüttler - Citizenship, Social and Economics …, 2022 - journals.sagepub.com",15,https://journals.sagepub.com/doi/abs/10.1177/14788047221135343,high,Not identifiable from abstract,Method not specified in abstract,Result not specified in abstract
Community college entrance and bachelor's degree attainment: A replication and update,2022,"J Pretlow, M Cameron","J Pretlow, M Cameron… - Community College …, 2022 - journals.sagepub.com",14,https://journals.sagepub.com/doi/abs/10.1177/00915521221087281,high,Not identifiable from abstract,Method not specified in abstract,Result not specified in abstract
Survey evidence on core factors of behavioral biases,2022,"MO Rieger, M Wang, YL Hsu","MO Rieger, M Wang, PK Huang, YL Hsu - … and Experimental Economics, 2022 - Elsevier",14,https://www.sciencedirect.com/science/article/pii/S2214804322000866,low,Not identifiable from abstract,Method not specified in abstract,Result not specified in abstract
Economic impacts of melting of the Antarctic Ice Sheet,2022,,"S Dietz, F Koninx - nature communications, 2022 - nature.com",13,https://www.nature.com/articles/s41467-022-33406-6,low,Not identifiable from abstract,Method not specified in abstract,"… 25, whose model of basal ice shelf melting we replicate"
The competitive woman: Evolutionary insights and cross-cultural evidence into finding the Femina Economica,2022,"A Cassar, YJ Zhang","A Cassar, YJ Zhang - Journal of Economic Behavior & Organization, 2022 - Elsevier",13,https://www.sciencedirect.com/science/article/pii/S0167268122000567,low,Not identifiable from abstract,same design/methodology,Result not specified in abstract
Economic impacts of public air transport investment: a case study of Egypt,2022,"ET Njoya, AM Ragab","ET Njoya, AM Ragab - Sustainability, 2022 - mdpi.com",13,https://www.mdpi.com/2071-1050/14/5/2651,low,Not identifiable from abstract,"… s [31] economic impact analysis indicates that investment in air transport infrastructure spurs economic … However, by using a d",Result not specified in abstract
Detrimental collaborations in creative work: Evidence from economics,2022,"K Vakili, F Teodoridis, M Bikard","K Vakili, F Teodoridis, M Bikard - Organization Science, 2022 - pubsonline.informs.org",12,https://pubsonline.informs.org/doi/abs/10.1287/orsc.2021.1501,medium,Not identifiable from abstract,instrumental variables,"… instrumental variable technique, we begin by replicating the effect documented in past research—… We replicate those results in our data at the leve"
"Social closeness can help, harm and be irrelevant in solving pure coordination problems",2022,"S Gächter, C Starmer, C Thöni, F Tufano, TO Weber","S Gächter, C Starmer, C Thöni, F Tufano, TO Weber - Economics Letters, 2022 - Elsevier",12,https://www.sciencedirect.com/science/article/pii/S0165176522001562,medium,Not identifiable from abstract,Method not specified in abstract,… Here we replicate past results of coordination rates much better than chance amongst distant players and we extend existing evidence by showing that
What about diversity? The effect of organizational economic inequality on the perceived presence of women and ethnic minority groups,2022,"E Moreno-Bella, C Kulich, GB Willis, M Moya","E Moreno-Bella, C Kulich, GB Willis, M Moya - Plos One, 2022 - journals.plos.org",12,https://journals.plos.org/plosone/article?id=10.1371/journal.pone.0271356,low,"Moreno-Bella et al. (2022): ""What about diversity? The effect of organizational economic inequality""",new/different dataset,supports original hypothesis
Psychological value theory: The psychological value of human lives and economic goods.,2022,DJ Cohen,"DJ Cohen, AR Cromley, KE Freda… - Journal of Experimental …, 2022 - psycnet.apa.org",12,https://psycnet.apa.org/fulltext/2021-81900-001.html,medium,Not identifiable from abstract,"The data reveal … , we replicate these findings for decisions involving economic … value-based processes underlying economic decis","The data reveal … , we replicate these findings for decisions involving economic … value-based processes underlying economic decisions also …"
Choosing factors: the international evidence,2022,"K Grobys, JW Kolari","K Grobys, JW Kolari - Applied economics, 2022 - Taylor & Francis",11,https://www.tandfonline.com/doi/abs/10.1080/00036846.2021.1967865,low,"Fama et al. (1993): ""Common risk factors in the returns on stocks and bonds""",different context/setting,Result not specified in abstract
Not so far east? The impact of Central-Eastern European imports on the Brexit referendum,2022,"F Nicoli, AK Reinl","F Nicoli, D Geulen Walters, AK Reinl - Journal of European Public …, 2022 - Taylor & Francis",11,https://www.tandfonline.com/doi/abs/10.1080/13501763.2021.1968935,medium,"Colantone et al. (2018): ""The Trade Origins of Economic Nationalism: Import Competition and Voti""",Method not specified in abstract,"First, we replicate and independently verify the Colantone …"
Economic segregation and public support for redistribution,2022,WW Franko,"WW Franko, AC Livingston - The Social Science Journal, 2022 - Taylor & Francis",11,https://www.tandfonline.com/doi/abs/10.1080/03623319.2020.1727223,medium,"Authors of the original study (Year): ""Title of the original study""","… To test this possibility, we replicate the models presented in the first column of Tables 1 and 2 and include a three-way intera","… To test this possibility, we replicate the models presented in the first column of Tables 1 and 2 and include a three-way interaction term between t"
A replication note on humanitarian aid and violence,2022,S Mary,"S Mary - Empirical economics, 2022 - Springer",10,https://link.springer.com/article/10.1007/s00181-021-02064-w,high,"Crost et al. (2014): ""Aid under fire: development projects and civil conflict""; Ree et al. (2009): ""Aiding violence or peace? The impact of foreign aid on the risk of civ""; Christian et al. (2017): ""Revisiting the effect of food aid on conflict: a methodological cautio""",Method not specified in abstract,"… Next, we replicate the results of Cox models with the interaction (log humanitarian aid * … Our replicated results can be found in Table 4"
2D: 4D and self-employment: A preregistered replication study in a large general population sample,2022,"FM Fossen, L Neyse","FM Fossen, L Neyse… - … Theory and Practice, 2022 - journals.sagepub.com",9,https://journals.sagepub.com/doi/abs/10.1177/1042258720985478,high,"Manning & McGue (2010): ""2D:4D and self-employment: Evidence from a large population sample""",pre-registered replication,"… In this preregistered study, we replicate the 2D:4D results on a sample of more than 2100 adults from the German Socioeconomic Panel-Innovation Samp"
Agglomeration and emigration: The economic impact of railways in post-famine Ireland,2022,"A Fernihough, RC Lyons","A Fernihough, RC Lyons - 2022 - econstor.eu",9,https://www.econstor.eu/handle/10419/266731,high,"Jaworski et al. (2019): ""The Economic Impact of Railroads in the United States""",instrumental variables,"… Finally, we replicate the instrumental variable (IV) approach used in Jaworski and Kitchens (2019)"
Intertemporal consumption and debt aversion: a replication and extension,2022,"C Bosch-Rosa, T Meissner","S Ahrens, C Bosch-Rosa, T Meissner - Journal of the Economic …, 2022 - cambridge.org",8,https://www.cambridge.org/core/journals/journal-of-the-economic-science-association/article/intertemporal-consumption-and-debt-aversion-a-replication-and-extension/BDEFF40C9E2D277C615DECE807AE9172,high,"Meissner & Martin (2016): ""Debt aversion in intertemporal consumption and saving problems""",Method not specified in abstract,"We replicate Meissner (Exp Econ 19:281–298, 2016), where debt aversion was reported for the first time in an intertemporal consumption and saving prob"
Did the COVID-19 pandemic change the willingness to pay for an early warning system for infectious diseases in Europe?,2022,"S Himmler, J van Exel, W Brouwer","S Himmler, J van Exel, W Brouwer - … Journal of Health Economics, 2022 - Springer",8,https://link.springer.com/article/10.1007/s10198-021-01353-6,high,"Himmler et al. (2018): ""Willingness for improvements in health safety provided by an internati""","… , we replicated the study by Himmler and colleagues in the spring of 2020, at a time when COVID-19 cases were increasing exponen",effect significance noted
Slouching or speeding toward net zero? Evidence from COVID-19 energy-related stimulus policies in the G20,2022,"K Andrew, B Majerbi, E Rhodes","K Andrew, B Majerbi, E Rhodes - Ecological Economics, 2022 - Elsevier",8,https://www.sciencedirect.com/science/article/pii/S0921800922002488,medium,Not identifiable from abstract,new/different dataset,directional effect found; effect significance noted
Entrepreneurial competencies of university students,2022,"T Ratković, S Šokčević","T Ratković, H Šlogar, S Šokčević - Economics & sociology, 2022 - search.proquest.com",8,https://search.proquest.com/openview/6b8ee20292156531efda06b1ae5ff228/1?pq-origsite=gscholar&cbl=1416337,low,Not identifiable from abstract,The study was an integral replication of the Morris study with an … The procedure was then repeated with another group a year late,Result not specified in abstract
Save the best for last I: Young adults demonstrate negative time preference—A replication and extension.,2022,MA Frank-Crawford,"MI Castillo, S Sun, MA Frank-Crawford… - … Research and Practice, 2022 - psycnet.apa.org",8,https://psycnet.apa.org/fulltext/2022-53877-001.html,high,Not identifiable from abstract,online survey/experiment,Result not specified in abstract
Beyond money: Risk preferences across both economic and non-economic contexts predict financial decisions,2022,"C Reeck, ODA Mullette-Gillman","C Reeck, ODA Mullette-Gillman, RE McLaurin… - Plos one, 2022 - journals.plos.org",8,https://journals.plos.org/plosone/article?id=10.1371/journal.pone.0279125,medium,"Dohmen et al. (2011): ""Intergenerational Risk Sharing: A Field Experiment""; Frey et al. (2019): ""The Factor Structure of the Domain-Specific Risk-Taking Scale (DOSPERT""; Highhouse et al. (2018): ""The Role of Domain-Specific and Domain-General Risk Attitudes in Predi""",Method not specified in abstract,replicates and extends original
"Prosocial spending encourages happiness: A replication of the only experiment reported in Dunn, Aknin, and Norton (2008)",2022,"LD Nelson, MH Jung","G Kim, I Adams, M Diaw, M Celly, LD Nelson, MH Jung - Plos One, 2022 - journals.plos.org",7,https://journals.plos.org/plosone/article?id=10.1371/journal.pone.0272434,high,"Dunn et al. (2008): ""Spending money on others promotes happiness""",close replication,directional effect found; effect significance noted
Both Judge and Party? An Analysis of the Political Leaning of Fact-checkers,2022,C Louis-Sidois,"C Louis-Sidois - An Analysis of the Political Leaning of Fact …, 2022 - papers.ssrn.com",7,https://papers.ssrn.com/sol3/papers.cfm?abstract_id=4030887,medium,Not identifiable from abstract,Method not specified in abstract,Result not specified in abstract
On the reliability of individual economic rationality measurements,2022,FJ Nitsch,"FJ Nitsch, LM Lüpken, N Lüschow… - Proceedings of the …, 2022 - pnas.org",7,https://www.pnas.org/doi/abs/10.1073/pnas.2202070119,high,Not identifiable from abstract,pre-registered replication,Result not specified in abstract
"Bloody investment: Misaligned incentives, money laundering and violence",2022,V Romero,"V Romero - Trends in Organized Crime, 2022 - Springer",7,https://link.springer.com/article/10.1007/s12117-020-09391-x,medium,"Calderón et al. (2015): ""The economic consequences of drug trafficking violence in Mexico.""",Method not specified in abstract,We replicate Model 1 using two different …
The restart effect in social dilemmas shows humans are self-interested not altruistic,2022,MN Burton-Chellew,"MN Burton-Chellew - Proceedings of the National Academy of Sciences, 2022 - pnas.org",7,https://www.pnas.org/doi/abs/10.1073/pnas.2210082119,low,Not identifiable from abstract,Method not specified in abstract,Result not specified in abstract
Replication in energy markets: Use and misuse of chaos tools,2022,"L Mastroeni, P Vellucci","L Mastroeni, P Vellucci - Entropy, 2022 - mdpi.com",7,https://www.mdpi.com/1099-4300/24/5/701,high,Not identifiable from abstract,Method not specified in abstract,"We find that both chaotic and stochastic features coexist in the energy commodity markets, although the misuse of some tests in the established practi"
Equity premium forecasts tend to perform worse against a buy-and-hold benchmark,2022,G Löffler,"G Löffler - Critical Finance Review, 2022 - cfr.ivo-welch.info",6,https://cfr.ivo-welch.info/published/papers/loeffler2021buyandhold.pdf,high,Guofu Zhou (2010); Zhou (2016),new/different dataset; out-of-sample test,significance noted; effect significance noted
Leveling up applied behavioral economics,2022,DG Goldstein,"DG Goldstein - The Behavioral Economics Guide (with an …, 2022 - neovantas.com",6,https://www.neovantas.com/wp-content/uploads/2022/10/BEGuide2022_con-articulo-de-Neovantas_compressed.pdf#page=7,low,Not identifiable from abstract,Method not specified in abstract,Result not specified in abstract
"Small world: Narrow, wide, and long replication of Goyal, van der Leij and Moraga‐Gonzélez (JPE 2006) and a comparison of EconLit and Scopus",2022,ME Rose,"ME Rose - Journal of Applied Econometrics, 2022 - Wiley Online Library",5,https://onlinelibrary.wiley.com/doi/abs/10.1002/jae.2886,high,"Goyal et al. (2006): ""Economics: A Small World""",Method not specified in abstract,Result not specified in abstract
The black box as a control for payoff-based learning in economic games,2022,"MN Burton-Chellew, SA West","MN Burton-Chellew, SA West - Games, 2022 - mdpi.com",5,https://www.mdpi.com/2073-4336/13/6/76,high,Not identifiable from abstract,"… We replicate the experimental design from Burton-Chellew and West, 2021, which used … If behaviour with computerised black boxes","… We replicate the experimental design from Burton-Chellew and West, 2021, which used … If behaviour with computerised black boxes qualitatively repli"
The strategy method risks conflating confusion with a social preference for conditional cooperation in public goods games,2022,"MN Burton-Chellew, C Guérin","MN Burton-Chellew, V D'Amico, C Guérin - Games, 2022 - mdpi.com",5,https://www.mdpi.com/2073-4336/13/6/69,low,Not identifiable from abstract,Method not specified in abstract,Result not specified in abstract
Did the trade liberalization of the 1990s really boost economic growth? a critical replication of Estevadeordal and Taylor (2013),2022,M Hoyos,"M Hoyos - Empirical Economics, 2022 - Springer",4,https://link.springer.com/article/10.1007/s00181-021-02139-8,high,"Estevadeordal et al. (2013): ""Is the Washington Consensus Dead? Growth, Openness, and the Great Libe""",Method not specified in abstract,"We replicate … Then, in section 3, we provide our critical replication and demonstrate the lack of robustness …"
Well excuse me! Replicating and connecting excuse-seeking behaviors,2022,"Y Chen, N Gupta, K Hyde, M Lepper","B Ahumada, Y Chen, N Gupta, K Hyde, M Lepper… - 2022 - scholarworks.smith.edu",4,https://scholarworks.smith.edu/eco_facpubs/103/,high,"Dana et al. (2007): ""Exploiting moral wiggle room: Asymmetric responses to favorable and un""; Exley & L. (2015): ""Expectations and the role of risk preferences in altruistic behavior""; Tella et al. (2015): ""The formation of beliefs: Evidence from the allocation of land titles """,Method not specified in abstract,Result not specified in abstract
Outlier analysis: Natural resources and immigration policy,2022,SW Choi,"SW Choi - Plos one, 2022 - journals.plos.org",4,https://journals.plos.org/plosone/article?id=10.1371/journal.pone.0261533,high,Not identifiable from abstract,He underscores that “the most common and scientifically productive method of building on existing research is to replicate an exis,directional effect found; effect significance noted
Identity Politics and Economic Policy,2022,N Gaikwad,"N Gaikwad - Unpublished Manuscript. Columbia …, 2022 - ipespeakerseries.mit.edu",4,https://ipespeakerseries.mit.edu/sites/default/files/images/Identity_Politics_and_Economic_Policy_Chapters%201%20&%203.pdf,medium,Not identifiable from abstract,new/different dataset,Result not specified in abstract
Is a PD game still a dilemma for Japanese rural villagers? A field and laboratory comparison of the impact of social group membership on cooperation,2022,Y Mitani,"Y Mitani - The Japanese Economic Review, 2022 - Springer",4,https://link.springer.com/article/10.1007/s42973-021-00086-8,medium,"Bó et al. (2011): ""On the Determinants of Cooperation in Infinitely Repeated Games: A Sur""; Bó et al. (2018): ""On the Effect of Repeated Interaction on Cooperation""; Efferson et al. (2008): ""The Role of Social Identity in Cooperation""",Method not specified in abstract,Can we replicate it in a well-controlled economic experiment? In this …
Training mom entrepreneurs in Pakistan: a replication model,2022,"S Qureshi, DHB Welsh","S Qureshi, DHB Welsh, AR Khan - Service Business, 2022 - Springer",4,https://link.springer.com/article/10.1007/s11628-022-00480-1,high,"Khan & M.S. (2020): ""Women’s entrepreneurship and social capital: exploring the link betwee""; Leung & A. (2011): ""Motherhood and entrepreneurship: gender role identity as a resource""",Method not specified in abstract,effect significance noted
Dynamic and flexible survival models for extrapolation of relative survival: a case study and simulation study,2022,B Kearns,"B Kearns, MD Stevenson… - Medical Decision …, 2022 - journals.sagepub.com",4,https://journals.sagepub.com/doi/abs/10.1177/0272989X221107649,high,Not identifiable from abstract,Method not specified in abstract,Result not specified in abstract
How Does Institutional Quality Shape the Impact of Public Debt on Economic Growth? A Threshold Panel Analysis Over EU-28,2022,G De Pascale,"G De Pascale, A Scrocco - A Threshold Panel Analysis Over Eu-28, 2022 - papers.ssrn.com",4,https://papers.ssrn.com/sol3/papers.cfm?abstract_id=4145370,medium,Not identifiable from abstract,This paper investigates the impact of public debt on economic … We replicate this procedure by changing the threshold with an inst,This paper investigates the impact of public debt on economic … We replicate this procedure by changing the threshold with an institutional …
"The Relationship between Government and Private Consumption: A Replication Study of Fiorito and Kollintzas (European Economic Review, 2004)",2022,,"Z Song - Journal of Comments and Replications in Economics …, 2022 - econstor.eu",3,https://www.econstor.eu/handle/10419/251601,high,"Fiorito et al. (2004): ""Public goods, merit goods, and the relationship between private and go""",Method not specified in abstract,Result not specified in abstract
A replication study of consumers' private label purchase intentions,2022,"S Karaoglan, T Durukan","S Karaoglan, T Durukan - Journal of Empirical Generalisations in …, 2022 - empgens.com",3,https://www.empgens.com/article/a-replication-study-of-consumers-private-label-purchase-intentions/,medium,"Wu et al. (2011): ""The effects of store image and service quality on brand image and purc""",Method not specified in abstract,… According to the findings of the study we replicate … replication studies should be done to obtain generalizable empirical results
Forecasting the US Unemployment Rate: Another Look,2022,"R Chen, JB Guerard Jr","H Xiao, R Chen, JB Guerard Jr - Wilmott Magazine, November, 2022 - statweb.rutgers.edu",3,https://statweb.rutgers.edu/hxiao/unemp.pdf,low,Not identifiable from abstract,out-of-sample test,replicates and extends original
Does the swap-covered interest parity still hold in long-term capital markets after the financial crisis? Evidence from cross-currency basis swaps,2022,,"T Hattori - International Review of Economics & Finance, 2022 - Elsevier",3,https://www.sciencedirect.com/science/article/pii/S1059056021002136,medium,Not identifiable from abstract,Method not specified in abstract,"… Thus, we replicate EUR interest rate swaps linked to the 3-month Euribor using the 3-/6-month tenor swap (please see Appendix for details of the ten"
Replication: Unsuccessful replications and extensions of Temporal Value Asymmetry in monetary valuation and moral judgment,2022,"M El Halabi, B Tunca, I Ziano","M El Halabi, WYF Chan, B Tunca, I Ziano… - Journal of Economic …, 2022 - Elsevier",3,https://www.sciencedirect.com/science/article/pii/S0167487022000277,high,Not identifiable from abstract,direct replication,Result not specified in abstract
Economic uncertainty and cross section of stock returns: Australian evidence,2022,"K Hoang, R Huang","M Simkus, H Truong, K Hoang, R Huang - Pacific-Basin Finance Journal, 2022 - Elsevier",3,https://www.sciencedirect.com/science/article/pii/S0927538X22001032,high,Not identifiable from abstract,out-of-sample test,Result not specified in abstract
Replication of “How much does immigration boost innovation?”,2022,TJ Wright,"TJ Wright - Economic Inquiry, 2022 - Wiley Online Library",2,https://onlinelibrary.wiley.com/doi/abs/10.1111/ecin.13230,high,"Hunt et al. (2010): ""How much does immigration boost innovation?""",Method not specified in abstract,Result not specified in abstract
Solidarity with third players in exchange networks: A replication study,2022,"M Schwaninger, B Kittel","S Neuhofer, M Schwaninger, B Kittel… - Jahrbuch für Handlungs …, 2022 - Springer",2,https://link.springer.com/chapter/10.1007/978-3-658-35878-5_5,high,"Schwaninger et al. (2019): ""Offers Beyond the Negotiating Dyad""",laboratory experiment,"… Combining all data sets of the IT three-line network, we find that Economics students and participants who are more experienced in laboratory experi"
Revisiting Integrated Mobile Advertising Model in Indonesia: A Replication Study,2022,AS Santoso,"N Pradipta, AS Santoso… - ASEAN Marketing Journal, 2022 - scholarhub.ui.ac.id",2,https://scholarhub.ui.ac.id/amj/vol14/iss1/3/,high,"Kim et al. (2014): ""Why Smartphone Advertising Attracts Customers: A Model of Web Advertis""",Method not specified in abstract,directional effect found; effect significance noted
"Race, gender and willingness to compete",2022,N Nicholls,"N Nicholls - Economics Letters, 2022 - Elsevier",2,https://www.sciencedirect.com/science/article/pii/S016517652200060X,high,"Gneezy et al. (2003): ""Gender differences in competition: Evidence from a matrilineal and a p""; Niederle et al. (2007): ""Do Women Shy Away from Competition? Do Men Compete Too Much?""",Method not specified in abstract,Result not specified in abstract
Willingness to be the recipient during the dictator game,2022,"H Hashimoto, K Maeda, K Yamamoto, N Mifune","H Hashimoto, K Maeda, K Yamamoto, N Mifune - BMC Research Notes, 2022 - Springer",2,https://link.springer.com/article/10.1186/s13104-022-06148-3,high,"Yamagishi et al. (2014): ""Role choice in the dictator game: The role of social preferences and s""",Method not specified in abstract,effect significance noted
Replication and adaptation of incentivized peer outreach: From tuberculosis in India to COVID-19 in Zambia,2022,"A Burlando, P Chintagunta, J Goldberg","A Burlando, P Chintagunta, J Goldberg, M Graboyes… - 2022 - alfredoburlando.com",2,http://www.alfredoburlando.com/s/SMS_results-m2em.pdf,high,Not identifiable from abstract,Method not specified in abstract,fails to replicate
The Replication of a Parenting Behavioral Change Communication Intervention during the COVID-19 Pandemic: Too Much or Too Little Information?,2022,"A Balsa, J Bloomfield, A Cid","A Balsa, J Bloomfield, A Cid - 2022 - publications.iadb.org",2,https://publications.iadb.org/en/replication-parenting-behavioral-change-communication-intervention-during-covid-19-pandemic-too,high,Not identifiable from abstract,Method not specified in abstract,Result not specified in abstract
"The Impact of Income Inequality on Mortality: A Replication Study of Leigh and Jencks (Journal of Health Economics, 2007)",2022,W Wu,"W Wu - Economics, 2022 - degruyter.com",1,https://www.degruyter.com/document/doi/10.1515/econ-2022-0030/html,high,"Leigh et al. (2007): ""Inequality and mortality: Long-run evidence from a panel of countries""",Method not specified in abstract,directional effect found; effect significance noted
"A Replication of “Trade Shocks and the Provision of Local Public Goods” (American Economic Journal: Economic Policy, 2017)",2022,"Z Wang, TL Spreen","Z Wang, TL Spreen, L Yang - Public Finance Review, 2022 - journals.sagepub.com",1,https://journals.sagepub.com/doi/abs/10.1177/10911421221101690,high,"F&S (2017): ""Trade Shocks and the Provision of Local Public Goods""",We report the summary statistics for our replication sample (Replicated …,Result not specified in abstract
Replication Report: How Do Beliefs About the Gender Wage Gap Affect the Demand for Public Policy?,2022,"JF Engel, C Huber, P Nüß","JF Engel, C Huber, P Nüß - 2022 - econstor.eu",1,https://www.econstor.eu/handle/10419/267007,high,"Settele & Martin (2022): ""How Do Beliefs About the Gender Wage Gap Affect the Demand for Public """,online survey/experiment,Result not specified in abstract
"Replication of"" Re-Assessing Elite-Public Gaps in Political Behavior"" by Joshua Kertzer",2022,GS Lenz,"E Guntermann, GS Lenz - 2022 - econstor.eu",1,https://www.econstor.eu/handle/10419/266385,high,"Kertzer & Joshua (2022): ""Re-Assessing Elite-Public Gaps in Political Behavior""",conceptual replication; survey data,Result not specified in abstract
Replication files for Consumption Smoothing in the Working-Class Households of interwar Japan,2022,,"K Ogasawara - (No Title), 2022 - cir.nii.ac.jp",1,https://cir.nii.ac.jp/crid/1883961342952250368,high,"Ogasawara & Kota (2022): ""Consumption Smoothing in the Working-Class Households of Interwar Japa""",Method not specified in abstract,Result not specified in abstract
Crises and the development of economic institutions: a narrow replication of Rajan and Ramcharan (2016) through a multilevel econometric approach,2022,LPL Fávero,"LPL Fávero, MFC Haddad… - SN Business & Economics, 2022 - Springer",0,https://link.springer.com/article/10.1007/s43546-022-00213-6,high,"Rajan et al. (2016): ""Crises and the development of economic institutions: some microeconomi""","… replicate the work of RR, who estimate a fixed effects model to explore how major economic disturbances impact economic … replic",Result not specified in abstract
"… Possible Unemployment Cost of Average Inflation Below a Credible Target. A Replication Study of Svensson (American Economic Journal: Macroeconomics, 2015)",2022,,"R Oraby - Journal of Comments and Replications in Economics …, 2022 - econstor.eu",0,https://www.econstor.eu/handle/10419/253653,high,"Svensson & E.O. (2015): ""The Possible Unemployment Cost of Average Inflation Below a Credible T""","This paper replicates the main analysis of Svensson (2015) with some expansion to the original analysis, mainly for the United Sta",Result not specified in abstract
"A Successful Replication of"" Dust Pollution From the Sahara and African Infant Mortality""",2022,NM Cook,NM Cook - 2022 - econstor.eu,0,https://www.econstor.eu/handle/10419/265509,high,"Heft-Neal et al. (2020): ""Dust Pollution From the Sahara and African Infant Mortality""",Method not specified in abstract,Result not specified in abstract
The Transparent Psi Project (TPP): A Consensus-Based Replication of Bem 2011 Experiment 1,2022,"Z Kekecs, B Aczel, B Palfi, B Szaszi","Z Kekecs, B Aczel, B Palfi, B Szaszi… - The Journal of …, 2022 - search.proquest.com",0,https://search.proquest.com/openview/49a2a0d9145be654acbc81a8720c5059/1?pq-origsite=gscholar&cbl=42308,high,"Bem & J. (2011): ""Feeling the Future: Experimental Evidence for Anomalous Retroactive In""",Method not specified in abstract,Result not specified in abstract
The Duality of Empowerment and Marginalization in Microtask Crowdsourcing: A Replication,2022,"Y Hadavi, E Villafranca, S Petter","Y Hadavi, E Villafranca, S Petter - AIS Transactions on Replication …, 2022 - aisel.aisnet.org",0,https://aisel.aisnet.org/trr/vol8/iss1/2/,high,"Deng et al. (2016): ""Crowd worker values on Amazon’s Mechanical Turk: A value sensitive des""",Method not specified in abstract,Result not specified in abstract
Reopening After Covid: A Replication of Chetty et al.'s “The Economic Impacts of COVID-19.”,2022,,"A Gangolf, D Goyal, SE Ross - samueleross.com",0,https://www.samueleross.com/assets/pdf/GangolfGoyalRoss_CovidReopenings.pdf,high,"Chetty et al. (2020): ""The Economic Impacts of COVID-19""",Method not specified in abstract,Result not specified in abstract
Tenancy and energy choices in Rwanda. A replication and extension study,2022,"RA Klege, F Amuakwa-Mensah, M Visser","RA Klege, F Amuakwa-Mensah, M Visser - World Development …, 2022 - Elsevier",0,https://www.sciencedirect.com/science/article/pii/S2452292922000376,high,"Martey & Emmanuel (2019): ""Title of the original study by Martey""",Method not specified in abstract,replicates and extends original; extends original findings
"Replication, Shift-Share Analysis and Instrument Validation of the TSLS setup from” The China Syndrome” by Autor, Dorn, and Hanson 2013",2022,,P Klammer - 2022 - diglib.uibk.ac.at,0,https://diglib.uibk.ac.at/download/pdf/8077568.pdf,high,"Autor et al. (2013): ""The China Syndrome: Local Labor Market Effects of Import Competition i""",instrumental variables,Result not specified in abstract
Instrumental Variables as Tools of Identification: Evidence From a Replication Study,2022,,O Hakula - 2022 - helda.helsinki.fi,0,https://helda.helsinki.fi/items/f4495b5b-67e1-4612-881d-37a498bd47e1,high,Not identifiable from abstract,instrumental variables; meta-analysis; sensitivity analysis,Result not specified in abstract
"How Economic Conditions Changed the Number of US Farms, 1960-88: A Replication and Extension of Gale (1990) to Midsize Farms in the US and Abroad",2022,"AC Sant'Anna, AL Katchova","AC Sant'Anna, AL Katchova - 2022 - ageconsearch.umn.edu",0,https://ageconsearch.umn.edu/record/321202/,high,"Gale & F. (1990): ""The Changing Structure of U.S. Agriculture""",extends original sample/period,replicates and extends original
FARMERS'RISK PREFERENCES IN ELEVEN EUROPEAN FARMING SYSTEMS: A MULTI-COUNTRY REPLICATION OF BOCQUÉHO ET AL.(2014) JENS …,2022,J ROMMEL,J ROMMEL - wne.uw.edu.pl,0,https://www.wne.uw.edu.pl/application/files/2416/6504/8497/WNE_WP400.pdf,high,"Bocquého et al. (2014): ""Farmers' risk preferences: A cross-country comparison""",new/different dataset; conceptual replication; field experiment; same design/methodology,Any mistakes and the views expressed herein are solely those of the authors Abstract: We replicate Bocquého et al
Replication Report: How Do Beliefs about the Gender Wage Gap Affect the Public Policy?,2022,"JF Engel, P Nüß","JF Engel, C Huber, P Nüß - 2022 - rwi-essen.de",0,https://www.rwi-essen.de/fileadmin/user_upload/RWI/Publikationen/I4R_Discussion_Paper_Series/012_I4R_DP_Engel_Huber_Nuess.pdf,high,"Settele & Martin (2022): ""How Do Beliefs about the Gender Wage Gap Affect the Public Policy?""",online survey/experiment,Result not specified in abstract
Understanding the (Perverse) Effects of Disclosing Conflicts of Interest: A Replication Study,2022,S Sah,S Sah - researchgate.net,0,https://www.researchgate.net/profile/Sunita-Sah/publication/328558895_Understanding_the_Perverse_Effects_of_Disclosing_Conflicts_of_Interest_A_Direct_Replication_Study/links/61d9b641e669ee0f5c93772c/Understanding-the-Perverse-Effects-of-Disclosing-Conflicts-of-Interest-A-Direct-Replication-Study.pdf,high,Not identifiable from abstract,direct replication,Result not specified in abstract
Replication package for: The Value of Political Connections: Evidence from China's Anti-Corruption Campaign,2022,M Alonso,"M Alonso, N Palma… - Replication package for …, 2022 - portalcientifico.unav.edu",0,https://portalcientifico.unav.edu/documentos/668fc48db9e7c03b01be0d0a?lang=ca,high,"Alonso et al. (2022): ""The Value of Political Connections: Evidence from China's Anti-Corrupt""",Method not specified in abstract,Result not specified in abstract
Reevaluating the evidence on seasonality in housing market match quality: Replication of Ngai and Tenreyro (2014),2022,,"D Scrimgeour - Journal of Applied Econometrics, 2022 - Wiley Online Library",0,https://onlinelibrary.wiley.com/doi/abs/10.1002/jae.2933,high,"Ngai et al. (2014): ""Hot and Cold Seasons in the Housing Market""",Method not specified in abstract,Result not specified in abstract
"Replication package for"" Since You're So Rich, You Must Be Really Smart"": Talent, Rent Sharing, and the Finance Wage Premium-V1",2022,"D Metzger, P Strömberg","MJ Böhm, D Metzger, P Strömberg - 2022 - research.hhs.se",0,https://research.hhs.se/esploro/outputs/dataset/Replication-package-for-Since-Youre-So/991001535497406056,high,"Friebel et al. (2019): ""Since You're So Rich, You Must Be Really Smart: Talent, Rent Sharing, """,Method not specified in abstract,Result not specified in abstract
STAT 230A Final Project Replication of Michalopoulos: The Origins of Ethnolinguistic Diversity,2022,,"A Leban, I Schmidt - ischmidt20.github.io",0,https://ischmidt20.github.io/assets/stat230a.pdf,high,"Michalopoulos et al. (2013): ""The Origins of Ethnolinguistic Diversity""",cross-country analysis; robustness check,"… data was sourced from the Geographically Based Economic Data database, the data on land … We replicate two of those figures, and then display our ow"
Emotional Well-Being and Unemployment: a Replication Study with the American Time-Use Survey,2022,A Knabe,"TTA Hoang, A Knabe - vwl1.ovgu.de",0,https://www.vwl1.ovgu.de/vwl1_media/Hoang+Knabe+JOEP+PrePrint+Version.pdf,high,"Kahneman et al. (2006): ""Developments in the Measurement of Subjective Well-Being""",Method not specified in abstract,opposite direction; effect significance noted
Precarity and conspiracy: a replication attempt of Adam-Troian et al. 2022,2022,"M Adamus, EB Mikuskova, M Adamkovic, P Kačmár","M Adamus, EB Mikuskova, M Adamkovic, P Kačmár… - 2022 - osf.io",0,https://osf.io/afu97/resources,high,"Adam-Troian et al. (2022): ""Title of the original paper""","… 10) dataset, we attempt to replicate the original findings using high-quality international data on the subjective appraisal of ",Result not specified in abstract
Replication of Grandin et al.(2022)-Effect of an information shock about income on environmental attitudes,2022,A Grandin,"A Grandin, A Pauron, C Chevallier - 2022 - osf.io",0,https://osf.io/tcfvx/resources,high,"Grandin et al. (2022): ""Effect of an information shock about income on environmental attitudes""",Method not specified in abstract,Result not specified in abstract
The Role of Affect and Scope in Nature versus Human-caused Hazards: A Replication Study,2022,C Kogler,"MLR Wander, C Kogler, T Erle - 2022 - arno.uvt.nl",0,http://arno.uvt.nl/show.cgi?fid=159526,high,Not identifiable from abstract,meta-analysis,Result not specified in abstract
"Replication package for"" Long Run Effects of Aid: Forecasts and Evidence from Sierra Leone""",2022,"K Casey, R Glennerster, E Miguel","K Casey, R Glennerster, E Miguel, M Voors - 2022 - library.wur.nl",0,https://library.wur.nl/WebQuery/wurpubs/614628,high,"Voors et al. (2022): ""Long Run Effects of Aid: Forecasts and Evidence from Sierra Leone""",Method not specified in abstract,Result not specified in abstract
Family Economic Strain and Behavior Problems in Adolescents: A Replication and Extension of Family Stress Model,2022,,W Zhiyou - 2022 - search.proquest.com,0,https://search.proquest.com/openview/efd54cecc7e7070c5bb15f24f7f743e1/1?pq-origsite=gscholar&cbl=2026366&diss=y,high,"Conger et al. (1994): ""Family economic stress and adjustment of early adolescent girls""; McLoyd & C. (1998): ""Socioeconomic disadvantage and child development""",Method not specified in abstract,Result not specified in abstract
Design and analysis of replication studies with ReplicationSuccess,2022,"L Held, C Micheloud","L Held, C Micheloud, S Pawel… - URL https://crsuzh …, 2022 - mirror.uned.ac.cr",0,https://mirror.uned.ac.cr/cran/web/packages/ReplicationSuccess/vignettes/ReplicationSuccess.pdf,high,Not identifiable from abstract,… • Experimental Economics Replication Project: This project attempted to replicate 18 experimental economics studies published be,Result not specified in abstract
The Perception of Dignity: A Replication of the Historic Doll Study,2022,,KF Curtis - 2022 - search.proquest.com,0,https://search.proquest.com/openview/196c4660c2b679fb32b809150f7e284c/1?pq-origsite=gscholar&cbl=18750&diss=y,high,"Clark & Clark (1947): ""Racial Identification and Preference in Negro Children""",close replication,Result not specified in abstract
Prize Decoys at Work 2.0: Does Frame Equivalence Replicate Asymmetric Dominance Effects in Risky Choices on Lotteries?,2022,,"H Müller, T Richter, H Gischer - Marketing ZFP-Journal of Research & …, 2022 - fww.ovgu.de",0,https://www.fww.ovgu.de/fww_media/Pruefungsamt/Dokumente/Andere/Mueller_et_al_ZFP_04_2022_pp13_21_Prize+decoys+at+work+2_0-p-13116.pdf,high,Not identifiable from abstract,conceptual replication,Result not specified in abstract
Economic attitudes and individual difference: replication and extension,2022,,CA Lin - 2022 - core.ac.uk,0,https://core.ac.uk/download/pdf/549003217.pdf,high,Not identifiable from abstract,Method not specified in abstract,fails to replicate; unable to replicate
Replicating a Mixed methods examination of behavior change from learning supports based on a model of helping in equity focused simulation based teacher …,2022,"J Chen, GR Marvez, C Buttimer","J Chen, GR Marvez, C Buttimer… - EdMedia+ Innovate …, 2022 - learntechlib.org",0,https://www.learntechlib.org/p/221362/,high,Not identifiable from abstract,Method not specified in abstract,Result not specified in abstract
Using large language models to simulate multiple humans and replicate human subject studies,2023,"GV Aher, RI Arriaga, AT Kalai","GV Aher, RI Arriaga, AT Kalai - International Conference on …, 2023 - proceedings.mlr.press",498,https://proceedings.mlr.press/v202/aher23a.html,high,"Güth et al. (1982): ""An experimental analysis of ultimatum bargaining""; Bever & G. (1970): ""The cognitive basis for the garden path phenomenon""; Milgram & S. (1963): ""Behavioral study of obedience""",Method not specified in abstract,Result not specified in abstract
An alternative explanation for the “fed information effect”,2023,"MD Bauer, ET Swanson","MD Bauer, ET Swanson - American Economic Review, 2023 - aeaweb.org",307,https://www.aeaweb.org/articles?id=10.1257/aer.20201220,low,"Romer et al. (2000): ""Federal Reserve Information and the Behavior of Interest Rates""; Cieslak et al. (2019): ""The Economics of the Fed Information Effect""; Nakamura et al. (2018): ""High-Frequency Identification of Monetary Non-Neutrality: The Informat""",Method not specified in abstract,Result not specified in abstract
Machine learning vs. economic restrictions: Evidence from stock return predictability,2023,"D Avramov, S Cheng","D Avramov, S Cheng, L Metzker - Management Science, 2023 - pubsonline.informs.org",225,https://pubsonline.informs.org/doi/abs/10.1287/mnsc.2022.4449,medium,Not identifiable from abstract,Method not specified in abstract,"… payoff could still extend to economic significance in the presence of … To set the stage, we replicate the results reported in the … Imposing econom"
Mobility and congestion in urban India,2023,"P Akbar, V Couture, G Duranton","P Akbar, V Couture, G Duranton… - American Economic …, 2023 - aeaweb.org",134,https://www.aeaweb.org/articles?id=10.1257/aer.20181662,high,Not identifiable from abstract,Method not specified in abstract,We find wide variation in speed across cities that is driven more by differences in uncongested speed than congestion
Gender differences in job search and the earnings gap: Evidence from the field and lab,2023,"P Cortés, J Pan, L Pilossoph","P Cortés, J Pan, L Pilossoph… - … Journal of Economics, 2023 - academic.oup.com",126,https://academic.oup.com/qje/article-abstract/138/4/2069/7146242,medium,Not identifiable from abstract,laboratory experiment,… We replicate these findings in a laboratory experiment that features sequential job search and provide direct evidence on the purported mechanisms
Multigenerational impacts of childhood access to the safety net: Early life exposure to Medicaid and the next generation's health,2023,"CN East, S Miller, M Page, LR Wherry","CN East, S Miller, M Page, LR Wherry - American Economic Review, 2023 - aeaweb.org",123,https://www.aeaweb.org/articles?id=10.1257/aer.20210937,high,Not identifiable from abstract,1 shows that we are able to replicate their results when we apply their research design to the same cohorts,We find evidence that the health benefits associated with treated generations' early life program exposure extend to later offspring
Facing change: Gender and climate change attitudes worldwide,2023,"SS Bush, A Clayton","SS Bush, A Clayton - American Political Science Review, 2023 - cambridge.org",120,https://www.cambridge.org/core/journals/american-political-science-review/article/facing-change-gender-and-climate-change-attitudes-worldwide/38688C0CA6DF889475FDB52C06DD7FF9,medium,Not identifiable from abstract,Method not specified in abstract,"… posit that because men benefit most from current economic and social hierarchies, they, on … , we replicate our earlier finding: the climate gender "
"Ordered beta regression: a parsimonious, well-fitting model for continuous data with lower and upper bounds",2023,R Kubinec,"R Kubinec - Political Analysis, 2023 - cambridge.org",117,https://www.cambridge.org/core/journals/political-analysis/article/ordered-beta-regression-a-parsimonious-wellfitting-model-for-continuous-data-with-lower-and-upper-bounds/89F4141DA16D4FC217809B5EB45EEE83,high,"Aidt et al. (2014): ""Suffrage extensions in Europe""",Method not specified in abstract,Result not specified in abstract
Are family firms doing more innovation output with less innovation input? A replication and extension,2023,"J Block, C Hansen, H Steinmetz","J Block, C Hansen, H Steinmetz - … Theory and Practice, 2023 - journals.sagepub.com",70,https://journals.sagepub.com/doi/abs/10.1177/10422587221084249,high,Not identifiable from abstract,… The results show that while we could successfully replicate the original results of DKEZ … replicate and extend DKEZ's original ,not fully replicated; successfully replicates; replicates and extends original
Indoor air quality and strategic decision making,2023,"J Palacios, N Pestel","S Künn, J Palacios, N Pestel - Management Science, 2023 - pubsonline.informs.org",63,https://pubsonline.informs.org/doi/abs/10.1287/mnsc.2022.4643,low,Not identifiable from abstract,Method not specified in abstract,Result not specified in abstract
How experiments with children inform economics,2023,"JA List, R Petrie, A Samek","JA List, R Petrie, A Samek - Journal of Economic Literature, 2023 - aeaweb.org",59,https://www.aeaweb.org/articles?id=10.1257/jel.20211535,medium,"Mischel & Walter (1972): ""Toward a cognitive social learning reconceptualization of personality""",Method not specified in abstract,"… economics allow economists to measure economic … , we replicate Mischel's marshmallow paradigm and conduct time preference experiments that are more"
Does market interaction erode moral values?,2023,"B Bartling, E Fehr, Y Özdemir","B Bartling, E Fehr, Y Özdemir - Review of Economics and Statistics, 2023 - direct.mit.edu",58,https://direct.mit.edu/rest/article-abstract/105/1/226/97758,medium,Not identifiable from abstract,Method not specified in abstract,"… Although we replicate their main treatment effect, we show that additional treatments are necessary to corroborate their conclusion"
Questioning the growth dogma: A replication study,2023,"C Ben-Hafaïedh, A Hamelin","C Ben-Hafaïedh, A Hamelin - Entrepreneurship Theory and …, 2023 - journals.sagepub.com",44,https://journals.sagepub.com/doi/abs/10.1177/10422587211059991,high,Not identifiable from abstract,… firms contribute disproportionately to job creation and economic growth and that firm growth can … We replicate and extend this ,replicates and extends original
Marijuana legalization and opioid deaths,2023,CJ Ruhm,"NK Mathur, CJ Ruhm - Journal of health economics, 2023 - Elsevier",39,https://www.sciencedirect.com/science/article/pii/S016762962300005X,high,Not identifiable from abstract,Method not specified in abstract,Result not specified in abstract
"Rising markups, rising prices?",2023,"C Conlon, NH Miller","C Conlon, NH Miller, T Otgon, Y Yao - AEA Papers and Proceedings, 2023 - aeaweb.org",30,https://www.aeaweb.org/articles?id=10.1257%2Fpandp.20231098&ref=investo.global,high,"Loecker et al. (2020): ""The Rise of Market Power and the Macroeconomic Implications""",Method not specified in abstract,Result not specified in abstract
Farmers' risk preferences in 11 European farming systems: A multi‐country replication of Bocquého et al.(2014),2023,"J Rommel, J Sagebiel, MC Baaken","J Rommel, J Sagebiel, MC Baaken… - Applied Economic …, 2023 - Wiley Online Library",30,https://onlinelibrary.wiley.com/doi/abs/10.1002/aepp.13330,high,"Bocquého et al. (2014): ""Farmers' risk preferences: A multi-country study""",conceptual replication,Result not specified in abstract
Does economic growth raise happiness in China? A comprehensive reexamination,2023,"H Cai, Z Su","H Cai, J Yuan, Z Su, X Wang, Z Huang… - Social …, 2023 - journals.sagepub.com",30,https://journals.sagepub.com/doi/abs/10.1177/19485506221089804,low,Not identifiable from abstract,Method not specified in abstract,"Beyond previous studies, we found an overall upward trend since 1990, …"
"Unequal Responsiveness and Government Partisanship in Northwest Europe""* Ruben Mathisen, Wouter Schakel, Svenja Hense",2023,"L Elsässer, M Persson","L Elsässer, M Persson… - … in an era of rising economic …, 2023 - books.google.com",29,https://books.google.com/books?hl=en&lr=&id=YLLnEAAAQBAJ&oi=fnd&pg=PA29&dq=replication+economics&ots=iKU-wgxPd4&sig=6NPRK8FL4EnjimBfR7vYnIzYezQ,high,"Lupu et al. (2011): ""Unequal Democracies: Public Policy, Responsiveness, and Redistribution""",Method not specified in abstract,"… In so doing, we replicate the results of the underlying country studies and establish the baseline for our subsequent analysis of how government par"
Enhancing stock market anomalies with machine learning,2023,"V Azevedo, C Hoegner","V Azevedo, C Hoegner - Review of Quantitative Finance and Accounting, 2023 - Springer",28,https://link.springer.com/article/10.1007/s11156-022-01099-z,high,"Jacobs et al. (2020): ""Meta-Studies on Stock Market Anomalies""; McLean et al. (2016): ""Does Academic Research Destroy Stock Return Predictability?""; Kim et al. (2014): ""The Role of Anomalies in Asset Pricing""",out-of-sample test,effect significance noted
The power of social influence: A replication and extension of the Asch experiment,2023,"A Franzen, S Mader","A Franzen, S Mader - Plos one, 2023 - journals.plos.org",26,https://journals.plos.org/plosone/article?id=10.1371/journal.pone.0294325,high,"Asch & Solomon (1951): ""Effects of group pressure upon the modification and distortion of judg""; Asch & Solomon (1955): ""Opinions and social pressure""; Asch & Solomon (1956): ""Studies of independence and conformity: I. A minority of one against a""",randomized controlled trial,"… In this paper, we pursue four goals: First, we replicate the original Asch experiment with five … Overall, we follow the economic notion that moneta"
Evaluating contradictory experimental and nonexperimental estimates of neighborhood effects on economic outcomes for adults,2023,"DJ Harding, GJ Duncan","DJ Harding, L Sanbonmatsu, GJ Duncan… - Housing policy …, 2023 - Taylor & Francis",24,https://www.tandfonline.com/doi/abs/10.1080/10511482.2021.1881985,medium,"Ludwig et al. (2013): ""Long-Term Neighborhood Effects on Low-Income Families: Evidence from M""; Chetty et al. (2016): ""The Effects of Exposure to Better Neighborhoods on Children: New Evide""",new/different dataset,Result not specified in abstract
Can aging population affect economic growth through the channel of government spending?,2023,N Temsumrit,"N Temsumrit - Heliyon, 2023 - cell.com",24,https://www.cell.com/heliyon/fulltext/S2405-8440(23)06729-4,medium,Not identifiable from abstract,Method not specified in abstract,Result not specified in abstract
MNEs' transfer of socially irresponsible practices: A replication with new extensions,2023,"M Bu, RW Tang","M Bu, L Xu, RW Tang - Journal of World Business, 2023 - Elsevier",23,https://www.sciencedirect.com/science/article/pii/S109095162200075X,high,Not identifiable from abstract,Method not specified in abstract,Result not specified in abstract
Entrepreneurial behavior of family firms in the Indian community: adoption of a technology platform as a moderator,2023,D Vrontis,"S Chatterjee, R Chaudhuri, D Vrontis - Journal of Enterprising …, 2023 - emerald.com",22,https://www.emerald.com/insight/content/doi/10.1108/jec-08-2021-0122/full/html,high,"Weismeier-Sammer & Daniela (2011): ""Entrepreneurial behavior in family firms: A replication study""",Method not specified in abstract,Result not specified in abstract
Omitted variable bias in interacted models: A cautionary tale,2023,"B Feigenberg, JA Qureshi","B Feigenberg, B Ost, JA Qureshi - Review of Economics and Statistics, 2023 - direct.mit.edu",22,https://direct.mit.edu/rest/article/doi/10.1162/rest_a_01361/116972,low,Not identifiable from abstract,Method not specified in abstract,Result not specified in abstract
New evidence on the importance of instruction time for student achievement on international assessments,2023,"J Bietenbeck, M Collins","J Bietenbeck, M Collins - Journal of Applied Econometrics, 2023 - Wiley Online Library",21,https://onlinelibrary.wiley.com/doi/abs/10.1002/jae.2957,medium,"Lavy & Victor (2015): ""Do Differences in Schooling Time Explain International Achievement Gap""",extends original sample/period,not fully replicated; successfully replicates; directional effect found
Uncertainty and monetary policy during the great recession,2023,"G Pellegrino, E Castelnuovo","G Pellegrino, E Castelnuovo… - International Economic …, 2023 - Wiley Online Library",21,https://onlinelibrary.wiley.com/doi/abs/10.1111/iere.12607,medium,Not identifiable from abstract,Method not specified in abstract,… We replicate this evidence with an estimated DSGE framework that we employ to quantify the output loss due to the large uncertainty shock that mater
When do security markets aggregate dispersed information?,2023,"B Corgnet, C Deck, M DeSantis","B Corgnet, C Deck, M DeSantis… - Management …, 2023 - pubsonline.informs.org",21,https://pubsonline.informs.org/doi/abs/10.1287/mnsc.2022.4463,high,Not identifiable from abstract,Method not specified in abstract,Result not specified in abstract
A replication of “contracting out: for what? With whom?”,2023,"LG Anguelov, BM Brunjes","LG Anguelov, BM Brunjes - Public Administration, 2023 - Wiley Online Library",21,https://onlinelibrary.wiley.com/doi/abs/10.1111/padm.12921,high,Not identifiable from abstract,Method not specified in abstract,Result not specified in abstract
Earnings information and public preferences for university tuition: Evidence from representative experiments,2023,"P Lergetporer, L Woessmann","P Lergetporer, L Woessmann - Journal of Public Economics, 2023 - Elsevier",20,https://www.sciencedirect.com/science/article/pii/S0047272723001500,medium,Not identifiable from abstract,"… Fostering research credibility, we replicate the effect of providing earnings information with the same size in three different ","… Fostering research credibility, we replicate the effect of providing earnings information with the same size in three different representative sampl"
The authors of economics journals revisited: evidence from a large-scale replication of Hodgson and Rothman (1999),2023,"M Aistleitner, J Kapeller","M Aistleitner, J Kapeller, D Kronberger - … of Institutional Economics, 2023 - cambridge.org",19,https://www.cambridge.org/core/journals/journal-of-institutional-economics/article/authors-of-economics-journals-revisited-evidence-from-a-largescale-replication-of-hodgson-and-rothman-1999/40FEEDA4F379707600B8B336041B8275,high,"Hodgson et al. (1999): ""The authors of economics journals""",Method not specified in abstract,Result not specified in abstract
"Attention and behavior problems in childhood predict adult financial status, health, and criminal activity: A conceptual replication and extension of Moffitt et al.(2011) …",2023,"AE Koepp, TW Watts, ET Gershoff","AE Koepp, TW Watts, ET Gershoff… - Developmental …, 2023 - psycnet.apa.org",19,https://psycnet.apa.org/record/2023-76804-001,high,"Moffitt et al. (2011): ""Childhood predictors of adult outcomes: A 25-year longitudinal study""",conceptual replication,"We found that associations with outcomes in education, work, and finances diminished in the presence of additional covariates for children's home envi"
Do environmental messages emphasising binding morals promote conservatives' pro-environmentalism? A pre-registered replication,2023,"I Kim, MD Hammond, TL Milfont","I Kim, MD Hammond, TL Milfont - Social Psychological Bulletin, 2023 - spb.psychopen.eu",19,https://spb.psychopen.eu/index.php/spb/article/view/8557,high,Not identifiable from abstract,Method not specified in abstract,We found that the public generally holds positive views of scientists (e
"Willingness to accept, willingness to pay, and loss aversion",2023,"J Chapman, M Dean, P Ortoleva, E Snowberg","J Chapman, M Dean, P Ortoleva, E Snowberg… - 2023 - nber.org",19,https://www.nber.org/papers/w30836,medium,"Kahneman et al. (1990): ""Experimental Tests of the Endowment Effect""; Thaler & H. (1980): ""Toward a Positive Theory of Consumer Choice""",Method not specified in abstract,… We replicate the standard finding of an endowment effect—… effect is correlated with economic behaviors outside their … are useful predictors of oth
Replication of real-world evidence in oncology using electronic health record data extracted by machine learning,2023,"CM Benedum, A Sondhi, AB Cohen, S Nemeth","CM Benedum, A Sondhi, E Fidyk, AB Cohen, S Nemeth… - Cancers, 2023 - mdpi.com",19,https://www.mdpi.com/2072-6694/15/6/1853,high,Not identifiable from abstract,Method not specified in abstract,Result not specified in abstract
Multifactorial analysis of football penalty kicks in the Portuguese First League: A replication study,2023,"CH Almeida, A Volossovitch","CH Almeida, A Volossovitch - International Journal of Sports …, 2023 - journals.sagepub.com",18,https://journals.sagepub.com/doi/abs/10.1177/17479541221075722,high,Not identifiable from abstract,Method not specified in abstract,replicates and extends original; extends original findings
The benefits of beauty–Individual differences in the pro-attractiveness bias in social decision making,2023,"M Voit, M Weiß, J Hewig","M Voit, M Weiß, J Hewig - Current Psychology, 2023 - Springer",17,https://link.springer.com/article/10.1007/s12144-021-02366-3,low,"Andreoni et al. (2008): ""Beauty, Gender and Stereotypes: Evidence from Laboratory Experiments""; Wilson et al. (2006): ""Judging a Book by Its Cover: Beauty and Expectations in Trust Games""; Hamermesh et al. (1993): ""Beauty and the Labor Market""",Method not specified in abstract,Result not specified in abstract
"Zero-sum thinking, the evolution of effort-suppressing beliefs, and economic development",2023,"JP Carvalho, A Bergeron, J Henrich, N Nunn, J Weigel","JP Carvalho, A Bergeron, J Henrich, N Nunn, J Weigel - 2023 - aeaweb.org",16,https://www.aeaweb.org/conference/2024/program/paper/63hkEHGt,low,Not identifiable from abstract,Method not specified in abstract,Result not specified in abstract
The attraction effect in crowdfunding,2023,"M Weinmann, AN Mishra","M Weinmann, AN Mishra, LF Kaiser… - Information Systems …, 2023 - pubsonline.informs.org",16,https://pubsonline.informs.org/doi/abs/10.1287/isre.2022.1152,low,Not identifiable from abstract,Method not specified in abstract,Result not specified in abstract
Corporate entrepreneurship and firm performance relationship under the moderating effect of environmental dynamism: Replication and extension analysis,2023,A Rodríguez-Peña,"A Rodríguez-Peña - Journal of International Entrepreneurship, 2023 - Springer",15,https://link.springer.com/article/10.1007/s10843-023-00338-1,high,"Anderson et al. (2013): ""The influence of a firm's entrepreneurial orientation on its performan""; Wales et al. (2021): ""The relationship between entrepreneurial orientation and firm performa""; Wiklund et al. (2003): ""Knowledge-based resources, entrepreneurial orientation, and the perfor""",Method not specified in abstract,Result not specified in abstract
Revisiting economic hardship in a national sample of adolescents with and without disabilities: A conceptual replication,2023,"AR Lombardi, R Wu, E Loken","AR Lombardi, R Wu, E Loken… - Exceptional …, 2023 - journals.sagepub.com",15,https://journals.sagepub.com/doi/abs/10.1177/00144029221141044,high,Not identifiable from abstract,Method not specified in abstract,Result not specified in abstract
‎“Less Is Better” in Separate Evaluations Versus “More Is Better” in Joint Evaluations: Mostly‎ Successful Close Replication and Extension of Hsee (1998)‎,2023,AJ Vonasch,"AJ Vonasch, WY Hung, WY Leung… - Collabra …, 2023 - online.ucpress.edu",14,https://online.ucpress.edu/collabra/article/9/1/77859/196807,high,"Hsee & K. (1998): ""Less is better: When low-value options are valued more highly""",Method not specified in abstract,Result not specified in abstract
Household debt and economic growth: Debt service matters,2023,"C Tunc, M Kilinc","C Tunc, M Kilinc - Open economies review, 2023 - Springer",13,https://link.springer.com/article/10.1007/s11079-021-09659-x,high,"Mian et al. (2017): ""Household Debt and Business Cycles Worldwide""",new/different dataset,Result not specified in abstract
Impacts of the Brexit referendum on UK employment: a synthetic control method approach,2023,"E Papyrakis, L Pellegrini, L Tasciotti","E Papyrakis, L Pellegrini, L Tasciotti - Applied Economics Letters, 2023 - Taylor & Francis",13,https://www.tandfonline.com/doi/abs/10.1080/13504851.2022.2056567,low,Not identifiable from abstract,Method not specified in abstract,Result not specified in abstract
The effect of cognitive load on economic decision-making: a replication attempt,2023,"S Ball, B Katz, F Li, A Smith","S Ball, B Katz, F Li, A Smith - Journal of Economic Behavior & Organization, 2023 - Elsevier",12,https://www.sciencedirect.com/science/article/pii/S0167268123000938,high,Not identifiable from abstract,Method not specified in abstract,Result not specified in abstract
"Ownership, governance, and internationalization in family firms: a replication and extension",2023,"F Debellis, M Pinelli, M Hülsbeck","F Debellis, M Pinelli, M Hülsbeck, A Heider - Small Business Economics, 2023 - Springer",12,https://link.springer.com/article/10.1007/s11187-023-00736-8,high,"Sciascia et al. (2012): ""The role of family ownership in international entrepreneurship: Explor""","… To this end, we attempt to replicate the results of one of the most cited FF internationalization studies and improve knowledge ",Result not specified in abstract
Natural disasters and preferences for the environment: Evidence from the impressionable years,2023,"C Falco, R Corbi","C Falco, R Corbi - Economics Letters, 2023 - Elsevier",12,https://www.sciencedirect.com/science/article/pii/S0165176522004207,medium,"Giuliano et al. (2009): ""Growing Up in a Recession""",Method not specified in abstract,"… Finally, we replicate the analysis using dependent variables that should not be directly affected by natural disasters"
Gender and job satisfaction in OECD countries,2023,T Kose,"T Kose, K Avcioglu - Economics and Business Letters, 2023 - zbw.eu",11,https://www.zbw.eu/econis-archiv/bitstream/11159/631060/1/1860629644_0.pdf,high,"Pita et al. (2021): ""Gender differences in job satisfaction""",Method not specified in abstract,replicates and extends original
The costs of occupational gender segregation in high-tech growth and productivity across US local labor markets,2023,"WJ Scarborough, K Sobering","WJ Scarborough, K Sobering, R Kwon… - Socio-Economic …, 2023 - academic.oup.com",11,https://academic.oup.com/ser/article-abstract/21/1/643/6318727,low,"Goldschlag et al. (2020): ""Title of the replicated paper""",… We replicated all analyses predicting tech sector growth using the four-digit NAICS codes outlined by Goldschlag and Miranda (20,Result not specified in abstract
Long‐run intergenerational health benefits of women empowerment: Evidence from suffrage movements in the US,2023,"H Noghanibehambari, F Noghani","H Noghanibehambari, F Noghani - Health economics, 2023 - Wiley Online Library",10,https://onlinelibrary.wiley.com/doi/abs/10.1002/hec.4744,medium,Not identifiable from abstract,"… In so doing, we replicate the main results for the NLMS sample and replace the outcome with a dummy variable indicating whether ","… In so doing, we replicate the main results for the NLMS sample and replace the outcome with a dummy variable indicating whether or not a person was "
Unraveling controversies over civic honesty measurement: An extended field replication in China,2023,"Q Yang, W Zhang, S Liu","Q Yang, W Zhang, S Liu, W Gong, Y Han, J Lu… - Proceedings of the …, 2023 - pnas.org",10,https://www.pnas.org/doi/abs/10.1073/pnas.2213824120,high,Not identifiable from abstract,Method not specified in abstract,Result not specified in abstract
Rule of law and economic growth: Evidences from South East Europe,2023,,"P Nedanovski, K Shapkova Kocevska - … for economic theory and policy, 2023 - ekof.bg.ac.rs",10,http://www.ekof.bg.ac.rs/wp-content/uploads/2023/01/Shaping-Post-COVID-World.pdf#page=75,medium,"Barro & J. (1996): ""Determinants of Economic Growth: A Cross-Country Empirical Study""",Method not specified in abstract,… We replicate Barro's model and construct an ordinary least squares regression models with fixed effects
The dynamics of poverty targeting,2023,S Klonner,"M Hillebrecht, S Klonner, NA Pacere - Journal of Development Economics, 2023 - Elsevier",10,https://www.sciencedirect.com/science/article/pii/S0304387822001754,medium,Not identifiable from abstract,uses original data/code,"… With original data from Burkina Faso, we replicate the finding that PMT outperforms CBT at baseline"
Improving continuity by simplifying the structure of family firms: a replication study,2023,"A Dettori, M Floris","A Dettori, M Floris - Management Review Quarterly, 2023 - Springer",10,https://link.springer.com/article/10.1007/s11301-021-00255-4,high,"Lambrecht et al. (2008): ""Pruning the Family Tree: An Unexplored Path to Family Business Continu""",Method not specified in abstract,Result not specified in abstract
Ellsberg meets Keynes at an urn,2023,"SH Chew, S Zhong","SH Chew, B Miao, S Zhong - Quantitative Economics, 2023 - Wiley Online Library",10,https://onlinelibrary.wiley.com/doi/abs/10.3982/QE2253,medium,"Ellsberg & Daniel (1961): ""Risk, Ambiguity, and the Savage Axioms""; Keynes & Maynard (1921): ""A Treatise on Probability""",Method not specified in abstract,directional effect found; effect significance noted
"Estimating the value of democracy relative to other institutional and economic outcomes among citizens in Brazil, France, and the United States",2023,"A Adserà, A Arenas, C Boix","A Adserà, A Arenas, C Boix - Proceedings of the National Academy of …, 2023 - pnas.org",10,https://www.pnas.org/doi/abs/10.1073/pnas.2306168120,medium,Not identifiable from abstract,"… Using the same data, we replicate those findings and estimate alternative models that include controls for very","… Using the same data, we replicate those findings and estimate alternative models that include controls for very"
Revisiting the impact of per‐unit duties on agricultural export prices,2023,"DD Fiankor, FG Santeramo","DD Fiankor, FG Santeramo - Applied Economic Perspectives …, 2023 - Wiley Online Library",10,https://onlinelibrary.wiley.com/doi/abs/10.1002/aepp.13368,medium,Not identifiable from abstract,Method not specified in abstract,replicates and extends original
"Childhood use of coin pusher and crane grab machines, and adult gambling: A conceptual replication of Newall et al.(2021)",2023,"A Parrado-González, PWS Newall","A Parrado-González, PWS Newall - Journal of Behavioral …, 2023 - akjournals.com",10,https://akjournals.com/view/journals/2006/12/1/article-p194.xml,high,"Newall et al. (2021): ""Childhood gambling experiences and adult gambling behavior: A cohort s""",Method not specified in abstract,Result not specified in abstract
Kernel-based time-varying IV estimation: handle with care,2023,"R Lucchetti, F Valentini","R Lucchetti, F Valentini - Empirical Economics, 2023 - Springer",9,https://link.springer.com/article/10.1007/s00181-023-02450-6,high,"Giraitis et al. (2021): ""Kernel-based time-varying coefficients IV estimator""",new/different dataset; instrumental variables,largely replicates; replicates and extends original; extends original findings; broadly replicates
Origins of Latin American Inequality,2023,FV Caicedo,"F Eslava, FV Caicedo - 2023 - econstor.eu",9,https://www.econstor.eu/handle/10419/299434,medium,"Engerman et al. (2000): ""Colonialism, Inequality, and Long-Run Paths of Development""; Engerman et al. (2002): ""Factor Proportions, Institutions, and Differential Paths of Growth Amo""; Engerman et al. (2005): ""The Reversal of Fortune: Geography and Institutions in the Making of t""",Method not specified in abstract,effect significance noted
On the interpretation of giving in dictator games when the recipient is a charity,2023,JA Livingston,"JA Livingston, R Rasulmukhamedov - … Economic Behavior & Organization, 2023 - Elsevier",9,https://www.sciencedirect.com/science/article/pii/S0167268123000252,medium,Not identifiable from abstract,Method not specified in abstract,… While we replicate the result that subjects are substantially less generous when the option to take money away from an anonymous partner is added to
"Price promotions, beneficiary framing, and mental accounting",2023,"G Fisher, J Liaukonyte","G Fisher, M McGranaghan, J Liaukonyte… - … and Economics, 2023 - Springer",9,https://link.springer.com/article/10.1007/s11129-023-09261-0,high,"Thaler & H. (1999): ""Mental Accounting Matters""; Zhang et al. (2018): ""The Role of Mental Accounting in Consumer Behavior""; MacKenzie et al. (1986): ""The Structural Influence of Attitude toward the Ad on Attitude toward """,conceptual replication,Result not specified in abstract
Knowledge risk management in banks-An area for improving organizational performance,2023,"S Durst, S Foli","S Durst, S Foli, M La Torre, M Borgia - Heliyon, 2023 - cell.com",9,https://www.cell.com/heliyon/fulltext/S2405-8440(23)09272-1?uuid=uuid%3A711f3cdd-58f8-4bda-8f98-e548f55923e4,low,Not identifiable from abstract,Method not specified in abstract,Result not specified in abstract
No SNARC effect among left-to-right readers: Evidence from a Turkish sample,2023,"M Bulut, H Çetinkaya","M Bulut, I Hepdarcan, E Palaz, H Çetinkaya… - Advances in Cognitive …, 2023 - gcris.ieu.edu.tr",8,https://gcris.ieu.edu.tr/handle/20.500.14365/4792,low,"Dehaene et al. (1993): ""The number form: A cognitive perspective""; Fischer et al. (2012): ""The SNARC effect in a parity judgment task: Evidence from a large samp""",Method not specified in abstract,Result not specified in abstract
Temperature and economic growth: comment on Kiley,2023,,"D Barker - Econ Journal Watch, 2023 - econjwatch.org",8,https://econjwatch.org/File+download/1259/BarkerMar2023.pdf,high,"Kiley & T. (2019): ""Temperature and Economic Growth""",new/different dataset,effect significance noted
The impact of perceived partisanship on climate policy support: A conceptual replication and extension of the temporal framing effect,2023,"M Herberz, T Brosch, UJJ Hahnel","M Herberz, T Brosch, UJJ Hahnel - Journal of Environmental Psychology, 2023 - Elsevier",8,https://www.sciencedirect.com/science/article/pii/S0272494423000208,high,Not identifiable from abstract,Method not specified in abstract,Result not specified in abstract
Components of agricultural productivity change: Replication of US evidence and extension to the EU,2023,"S Wimmer, KH Dakpo","S Wimmer, KH Dakpo - … Economic Perspectives and Policy, 2023 - Wiley Online Library",7,https://onlinelibrary.wiley.com/doi/abs/10.1002/aepp.13377,high,"O'Donnell & J. (2012): ""Estimating the Sources of Productivity Change in Agriculture: A Nonpar""",… Our replication study contributes to the understanding of agricultural … the replication of the original study: We shortly descr,Result not specified in abstract
Incorporating dynamic pricing in cost-effectiveness analysis: are known unknowns valuable?,2023,"RB McQueen, KE Anderson, JF Levy, JJ Carlson","RB McQueen, KE Anderson, JF Levy, JJ Carlson - PharmacoEconomics, 2023 - Springer",7,https://link.springer.com/article/10.1007/s40273-022-01230-x,low,"Institute for Clinical and Economic Review (2018): ""Biologic therapies for treatment of asthma associated with type 2 infl""; Institute for Clinical and Economic Review (2018): ""Elagolix for Treating Endometriosis""; Institute for Clinical and Economic Review (2017): ""Disease-Modifying Therapies for Relapsing-Remitting and Primary-Progre""",Method not specified in abstract,Result not specified in abstract
Detecting economic growth pathways in the EU's lagging regions,2023,R Ganau,"R Ganau, A Kilroy - Regional Studies, 2023 - Taylor & Francis",7,https://www.tandfonline.com/doi/abs/10.1080/00343404.2022.2050200,low,Not identifiable from abstract,Method not specified in abstract,"We find that lagging areas can sometimes be found within larger and more prosperous regions, especially in Western Europe"
The competitive advantage of sanctioning institutions revisited: A multilab replication,2023,"S Lo Iacono, W Przepiorka, V Buskens, R Corten","S Lo Iacono, W Przepiorka, V Buskens, R Corten… - PNAS …, 2023 - academic.oup.com",7,https://academic.oup.com/pnasnexus/article-abstract/2/5/pgad091/7147348,high,"GIR (2006): ""Title of the original paper""",pre-registered replication,7 labs × 12 groups × 12 participants) … We find GIR2006 replicated in accordance with all preregistered replication criteria in five of …
Sunk cost effects for time versus money: Replication and extensions Registered Report of Soman (2001),2023,NB Petrov,"NB Petrov, YKM Chan, CN Lau, TH Kwok… - International Review of …, 2023 - rips-irsp.com",7,https://rips-irsp.com/articles/10.5334/irsp.883?_rsc=y3vvi,high,"Soman & Dilip (2001): ""The Effect of Time on the Sunk Cost Effect""",conceptual replication; online survey/experiment,We found support for differences between sunk money costs and sunk time costs in Study 1 (original: φc =
Corporate political ties and firm performance in a transition economy: A replication and extension of Peng and Luo (2000),2023,H Guo,"H Guo, C Wang, Z Wang, X Li - Management and Organization …, 2023 - cambridge.org",7,https://www.cambridge.org/core/journals/management-and-organization-review/article/corporate-political-ties-and-firm-performance-in-a-transition-economy-a-replication-and-extension-of-peng-and-luo-2000/B4DF32501D8B663280A860B6FA986BFA,high,"Peng et al. (2000): ""Managerial ties and firm performance in a transition economy: The natu""",Method not specified in abstract,effect significance noted
Psychological well-being of hybrid entrepreneurs: A replication and extension study using German panel data,2023,"F Lasch, A Vossen","M Stephan, C Demir, F Lasch, A Vossen… - Journal of Business …, 2023 - Elsevier",7,https://www.sciencedirect.com/science/article/pii/S2352673423000483,high,Not identifiable from abstract,… The main objective of this article is to replicate and extend the UK-based results with data from the German Socio-Economic Pane,replicates and extends original
Expanding economic activity in space may offer a solution to secular stagnation,2023,M Weinzierl,"M Weinzierl - Proceedings of the National Academy of Sciences, 2023 - pnas.org",7,https://www.pnas.org/doi/abs/10.1073/pnas.2221347120,medium,Not identifiable from abstract,"… Using the same data, we replicate those findings and estimate alternative models that include controls for very","… Using the same data, we replicate those findings and estimate alternative models that include controls for very"
Bringing the market in: an expanded framework for understanding popular responses to economic inequality,2023,A Lindh,"A Lindh, L McCall - Socio-Economic Review, 2023 - academic.oup.com",7,https://academic.oup.com/ser/article-abstract/21/2/1035/6573249,low,Not identifiable from abstract,"… To examine this possibility, we replicated our analyses using comparable questions and data in Sweden and Denmark",Result not specified in abstract
Replicating the effects of Facebook deactivation in an ethnically polarized setting,2023,"J Nagler, JA Tucker","N Asimovic, J Nagler, JA Tucker - Research & Politics, 2023 - journals.sagepub.com",7,https://journals.sagepub.com/doi/abs/10.1177/20531680231205157,high,Not identifiable from abstract,Method not specified in abstract,Result not specified in abstract
The intrinsic value of decision rights: A replication and an extension to team decision making,2023,M Sutter,"J Buffat, M Praxmarer, M Sutter - … of Economic Behavior & Organization, 2023 - Elsevier",6,https://www.sciencedirect.com/science/article/pii/S0167268123000926,high,"Bartling et al. (2014): ""The intrinsic value of decision rights""",Method not specified in abstract,Result not specified in abstract
"New data, new results? How data sources and vintages affect the replicability of research",2023,I Goes,"I Goes - Research & Politics, 2023 - journals.sagepub.com",6,https://journals.sagepub.com/doi/abs/10.1177/20531680231170502,medium,Not identifiable from abstract,Method not specified in abstract,Result not specified in abstract
Human capital and the diffusion of technology,2023,"M Cervellati, G Meyerheim, U Sunde","M Cervellati, G Meyerheim, U Sunde - Economics Letters, 2023 - Elsevier",6,https://www.sciencedirect.com/science/article/pii/S0165176523001337,medium,Not identifiable from abstract,Method not specified in abstract,"… To investigate this issue, we replicate the analysis for different measures of human capital that capture more basic or more advanced education"
Optimal interventions in networks during a pandemic,2023,"R Pongou, G Tchuente, JB Tondji","R Pongou, G Tchuente, JB Tondji - Journal of Population Economics, 2023 - Springer",6,https://link.springer.com/article/10.1007/s00148-022-00916-y,medium,Not identifiable from abstract,Method not specified in abstract,Result not specified in abstract
Determinants of downside risk exposure: An analysis of Korean rice farms using partial and quantile moments,2023,K Kulkarni,"K Kulkarni, D Rossi - … Economic Perspectives and Policy, 2023 - Wiley Online Library",6,https://onlinelibrary.wiley.com/doi/abs/10.1002/aepp.13320,high,Not identifiable from abstract,Method not specified in abstract,Result not specified in abstract
Rearticulating supply chain design and operation principles to mitigate uncertainty in the Norwegian engineer-to-order shipbuilding sector,2023,"E Alfnes, J Gosling, M Naim, HC Dreyer","E Alfnes, J Gosling, M Naim, HC Dreyer - … Journal of Production Economics, 2023 - Elsevier",6,https://www.sciencedirect.com/science/article/pii/S0925527323001354,high,Not identifiable from abstract,conceptual replication,Result not specified in abstract
Who punishes leaders for lying about the use of force? Evaluating the microfoundations of domestic deception costs,2023,,"K Yarhi-Milo, DT Ribar - Journal of Conflict Resolution, 2023 - journals.sagepub.com",6,https://journals.sagepub.com/doi/abs/10.1177/00220027221118808,high,Not identifiable from abstract,Method not specified in abstract,Result not specified in abstract
Improving models of coordination incentives for biodiversity conservation by fitting a multi-agent simulation model to a lab experiment,2023,M Drechsler,"M Drechsler - Journal of Behavioral and Experimental Economics, 2023 - Elsevier",6,https://www.sciencedirect.com/science/article/pii/S2214804322001379,high,Not identifiable from abstract,"… two basic approaches for the decision making of the model agents, reinforcement learning and using expectations about the future",Result not specified in abstract
Revisiting the effect of growing up in a recession on attitudes towards redistribution,2023,"J Bietenbeck, P Thiemann","J Bietenbeck, P Thiemann - Journal of Applied Econometrics, 2023 - Wiley Online Library",5,https://onlinelibrary.wiley.com/doi/abs/10.1002/jae.2970,high,Not identifiable from abstract,"… In contrast, we fail to replicate the mean of the economic … Figure A1 in GS plots the economic shock variable by year of … plot",fails to replicate
Cognitive reflection and 2D: 4D: Evidence from a large population sample,2023,"L Neyse, FM Fossen, M Johannesson","L Neyse, FM Fossen, M Johannesson… - Journal of Economic …, 2023 - Elsevier",5,https://www.sciencedirect.com/science/article/pii/S0167268123000914,high,Not identifiable from abstract,pre-registered replication,significance noted; effect significance noted
Reassessing the dependence between economic growth and financial conditions since 1973,2023,"T Chernis, SP Vahey","T Chernis, PJ Coe, SP Vahey - Journal of Applied …, 2023 - Wiley Online Library",5,https://onlinelibrary.wiley.com/doi/abs/10.1002/jae.2937,medium,Not identifiable from abstract,Method not specified in abstract,We replicate their main economic findings in terms of …
Journey effects? Waiting periods in european transit countries and subsequent economic integration of refugees in switzerland,2023,,"E Kuhn - International Migration Review, 2023 - journals.sagepub.com",5,https://journals.sagepub.com/doi/abs/10.1177/01979183221118325,medium,Not identifiable from abstract,Method not specified in abstract,Result not specified in abstract
New insights on regional differences of the farmland price structure: an extended replication study on the parcel size–price relationship,2023,"H Schaak, L Meissner","H Schaak, L Meissner… - Applied Economic …, 2023 - Wiley Online Library",5,https://onlinelibrary.wiley.com/doi/abs/10.1002/aepp.13366,high,Not identifiable from abstract,direct replication,Result not specified in abstract
The rise and spread of female labour force participation at the US county level,2023,,"I Tziolas, JP Elhorst - Spatial Economic Analysis, 2023 - Taylor & Francis",5,https://www.tandfonline.com/doi/abs/10.1080/17421772.2022.2123111,high,Not identifiable from abstract,Method not specified in abstract,Result not specified in abstract
Are long waves 50 years? Reexamining economic and financial long wave periodicities in Kondratieff and Schumpeter,2023,J Hecht,"J Hecht - Review of Political Economy, 2023 - Taylor & Francis",5,https://www.tandfonline.com/doi/abs/10.1080/09538259.2023.2280803,high,Not identifiable from abstract,Method not specified in abstract,Result not specified in abstract
Ad expenditures and perceived quality: a replication and extension,2023,"K Rajavi, KL Keller, A Golmohammadi","K Rajavi, DR Lehmann, KL Keller, A Golmohammadi - Marketing Letters, 2023 - Springer",4,https://link.springer.com/article/10.1007/s11002-022-09646-3,high,"Tsai et al. (2021): ""Informational and noninformational advertising content""; Du et al. (2019): ""Advertising and brand attitudes: Evidence from 575 brands over five ye""",Method not specified in abstract,replicates and extends original
Dictator giving and taking: Evidence from Africa,2023,M Drouvelis,"M Drouvelis - Journal of Economic Behavior & Organization, 2023 - Elsevier",4,https://www.sciencedirect.com/science/article/pii/S016726812300094X,low,"List & A. (2007): ""On the Interpretation of Giving in Dictator Games""",Method not specified in abstract,Result not specified in abstract
Difference-in-differences with Economic Factors and the Case of Housing Returns,2023,P Östberg,"J Huang, P Östberg - Swiss Finance Institute Research Paper, 2023 - zora.uzh.ch",4,https://www.zora.uzh.ch/id/eprint/254163/,medium,Not identifiable from abstract,difference-in-differences,"Without factor controls the … Finally, in Panel C we replicate the results for border counties"
Challenges in studying the interplay of genes and environment. A study of childhood financial distress moderating genetic predisposition for peak smoking,2023,"L Bierut, P Biroli, TJ Galama, K Thom","L Bierut, P Biroli, TJ Galama, K Thom - Journal of Economic Psychology, 2023 - Elsevier",4,https://www.sciencedirect.com/science/article/pii/S0167487023000375,high,Not identifiable from abstract,… The availability of genomic data in several major social science data sets provides an opportunity to replicate our analyses,null result; results hold/are robust
"Targeting High Ability Entrepreneurs: Replication and Heterogeneity by Gender of Hussam, Rigol and Roth (2022)",2023,D Ubfal,"I Masetto, D Ubfal - 2023 - econstor.eu",3,https://www.econstor.eu/handle/10419/274139,high,"Hussam et al. (2022): ""Targeting High Ability Entrepreneurs: Evidence from a Cash Grant Exper""",robustness check,original coding error found; results hold/are robust
No evidence of biased updating in beliefs about absolute performance: A replication and generalization of Grossman and Owens (2012),2023,"Q Cavalan, V de Gardelle, JC Vergnaud","Q Cavalan, V de Gardelle, JC Vergnaud - Journal of Economic Behavior & …, 2023 - Elsevier",3,https://www.sciencedirect.com/science/article/pii/S0167268123001543,high,"Grossman et al. (2012): ""Belief Updating in the Face of Uncertainty: Evidence from a Laboratory""",Method not specified in abstract,Result not specified in abstract
News or animal spirits? Consumer confidence and economic activity: Redux,2023,D Yoo,"S Choi, J Jeong, D Park, D Yoo - 2023 - econstor.eu",3,https://www.econstor.eu/handle/10419/271051,high,"Barsky et al. (2012): ""Information, Animal Spirits, and the Meaning of Innovations in Consume""","… In this section, we first replicate the main empirical findings of BS2012 using the original (but revised) data",effect significance noted
Health Insurance Mandates and the Marriage of Young Adults: A Comment on Barkowski and McLaughlin,2023,,"AM Gamino - Econ Journal Watch, 2023 - econjwatch.org",3,https://econjwatch.org/File+download/1262/GaminoMar2023.pdf,high,"Barkowski et al. (2018): ""Health Insurance Mandates and the Marriage of Young Adults""",difference-in-differences,significance noted; effect significance noted
A new look at agricultural fires and health: A replication of Rangel and Vogl (2019),2023,"M Gammans, A Ortiz‐Bobea","M Gammans, A Ortiz‐Bobea - Applied Economic Perspectives …, 2023 - Wiley Online Library",3,https://onlinelibrary.wiley.com/doi/abs/10.1002/aepp.13393,high,"Rangel et al. (2019): ""The Impact of Agricultural Fires on Health: Evidence from the Brazilia""",… We replicate this analysis and evaluate the sensitivity of their results to changes in the dataset and alternative modeling choi,… We replicate this analysis and evaluate the sensitivity of their results to changes in the dataset and alternative modeling choices
"Giving and taking in dictator games–differences by gender? A replication study of Chowdhury et al.(Southern Economic Journal, 2017)",2023,"K von Blanckenburg, A Iseke","K von Blanckenburg, E Tebbe, A Iseke - … and Replications in Economics …, 2023 - econstor.eu",3,https://www.econstor.eu/handle/10419/271198,high,"Chowdhury et al. (2017): ""Giving and taking in dictator games: differences by gender""",Method not specified in abstract,effect significance noted
Anodal transcranial direct current stimulation over the right dorsolateral prefrontal cortex: Less risk taking or more reflective? A tDCS study based on a Bayesian …,2023,,"D Huang, Y Li, J Li - Journal of Economic Psychology, 2023 - Elsevier",3,https://www.sciencedirect.com/science/article/pii/S0167487023000818,high,Not identifiable from abstract,Method not specified in abstract,Result not specified in abstract
Terrorism and land use in agriculture: The case of Boko Haram in Nigeria-a replication attempt of the paper by Adelaja & George (2019),2023,"E Kirchner, O Mußhoff","T Ölkers, E Kirchner, O Mußhoff - Land Use Policy, 2023 - Elsevier",3,https://www.sciencedirect.com/science/article/pii/S026483772300399X,high,"Adelaja et al. (2019): ""Terrorism and land use in agriculture: The case of Boko Haram in Niger""",Method not specified in abstract,Result not specified in abstract
"How economic conditions changed the number of US Farms, 1960–1988: A replication and extension of Gale (1990) to midsize farms in the United States and abroad",2023,"AC Sant'Anna, AL Katchova","AC Sant'Anna, AL Katchova - Applied Economic Perspectives …, 2023 - Wiley Online Library",3,https://onlinelibrary.wiley.com/doi/abs/10.1002/aepp.13306,high,"Gale & F. (1990): ""The Changing Structure of U.S. Agriculture""",Method not specified in abstract,"… , yet we find different effects of the economic factors on farm numbers using recent US data"
The role of incentive structure in eliciting willingness to donate,2023,"C Chisadza, N Nicholls, E Yitbarek","C Chisadza, N Nicholls, E Yitbarek - Economics Letters, 2023 - Elsevier",3,https://www.sciencedirect.com/science/article/pii/S0165176523000307,medium,Not identifiable from abstract,Method not specified in abstract,… With paid questionnaire framing we replicate reduced donations with earned endowments
Assessing Utility of Differential Privacy for RCTs,2023,"S Mukherjee, A Mustafi, A Slavković","S Mukherjee, A Mustafi, A Slavković… - arXiv preprint arXiv …, 2023 - arxiv.org",3,https://arxiv.org/abs/2309.14581,low,"Unknown & Unknown (Unkn): ""Unknown""",randomized controlled trial,We find that relatively straightforward (at a high-level) privacy-preserving methods influenced by DP techniques allow for inference-valid protection 
Elasticities of substitution between marketing and farm inputs in a complete system of food commodities,2023,"Y Lee, Q Li, M Çakır","Y Lee, Q Li, M Çakır - … Economic Perspectives and Policy, 2023 - Wiley Online Library",3,https://onlinelibrary.wiley.com/doi/abs/10.1002/aepp.13322,high,Not identifiable from abstract,Method not specified in abstract,"… used in economic studies on the US food market, and in this paper, we replicate the results, … Despite minor discrepancies, we are able to replicate"
Reproduction and replication analyses of Andersson (2019): A replication report from the Toronto Replication Games,2023,"C Bonander, N Jakobsson, N Johansson","C Bonander, N Jakobsson, N Johansson - 2023 - econstor.eu",2,https://www.econstor.eu/handle/10419/270606,high,"Andersson & Henrik (2019): ""Carbon taxes on CO2 emissions in Sweden: A synthetic control approach""",Method not specified in abstract,Result not specified in abstract
Replicating Backfire Effects in AntiCorruption Messaging: A Comment on Cheeseman and Peiffer (2022),2023,"O Bergeron-Boutin, C Ciobanu, A Erlich","O Bergeron-Boutin, C Ciobanu, G Cohen, A Erlich - 2023 - econstor.eu",2,https://www.econstor.eu/handle/10419/280691,high,"Cheeseman et al. (2022): ""The Backfire Effects of Anti-Corruption Messaging: Evidence from a Sur""",survey data,results hold/are robust
Replication of the “money illusion” effect in a Brazilian sample,2023,,"M de Moraes Ferreira… - … , Marcelo, Replication …, 2023 - papers.ssrn.com",2,https://papers.ssrn.com/sol3/papers.cfm?abstract_id=4661910,high,"Shafir et al. (1997): ""Money Illusion""",Method not specified in abstract,effect significance noted
Replication of the morning after: Report from the nottingham replication games,2023,"C Oswald, J Walterskirchen, M Binetti","C Oswald, J Walterskirchen, S Häffner, M Binetti… - 2023 - econstor.eu",2,https://www.econstor.eu/handle/10419/273308,high,Bokobza et al. (2022),"In addition to reproducing the original results using Stata and R, we replicate analyses using random effects panel models and ord","In addition, we replicate … EconStor The Institute for Replication (I4R) I4R Discussion Paper Series, The Institute for Replication (I4R) Please use t"
Estimating the effect of US concealed carry laws on homicide: A replication and sensitivity analysis,2023,"MV Bondy, SV Cai, JJ Donohue","MV Bondy, SV Cai, JJ Donohue - … Review of Law and Economics, 2023 - Elsevier",2,https://www.sciencedirect.com/science/article/pii/S0144818823000194,high,Not identifiable from abstract,Method not specified in abstract,Result not specified in abstract
The Poisson Method of Poverty Measurement Using Non-monetary Indicators: A Replication Study Based on Australian Data,2023,,"K Yoo - Social Indicators Research, 2023 - Springer",2,https://link.springer.com/article/10.1007/s11205-023-03067-z,high,"Babones et al. (2016): ""The Poisson Method of Poverty Measurement Using Non-monetary Indicator""",Method not specified in abstract,Result not specified in abstract
Do Public Housing Agencies Discriminate Against Latinos? A Large-Scale Replication Study to Assess Discrimination,2023,"M Landgrave, N Weller","M Landgrave, N Weller, J Authement - Journal of Behavioral Public …, 2023 - journal-bpa.org",2,https://www.journal-bpa.org/index.php/jbpa/article/view/325,high,"Einstein et al. (2017): ""Audit Study of Discrimination in Public Housing""",new/different dataset; larger sample/higher power,mixed results; significance noted; effect significance noted
Experimental economics for machine learning-a methodological contribution,2023,D Bershadskyy,"D Bershadskyy, L Dinges, MA Fiedler… - Working Paper …, 2023 - journals.ub.ovgu.de",2,https://journals.ub.ovgu.de/index.php/FEMM-WPS/article/view/2178,high,"Fischbacher et al. (2013): ""Lies in Disguise: An Experimental Study on Cheating""","To illustrate this, we replicate the “lies in disguise-… Experimental economics for machine learning - a methodological contributi","To illustrate this, we replicate the “lies in disguise-… Experimental economics for machine learning - a methodological contribution Autor/innen Dmitr"
Social License for Wyoming's Energy Future: A Replication Study,2023,J Western,"J Western, S Gerace, W Benkelman - 2023 - wyoscholar.uwyo.edu",2,https://wyoscholar.uwyo.edu/items/a1c86977-b40d-4d6c-91dc-0990a33b2b4e,high,Not identifiable from abstract,Method not specified in abstract,Result not specified in abstract
"Natural Resources, State Ownership, and Economic Development",2023,M Brückner,"M Brückner, CB Habib, M Lokanc - 2023 - cbe.anu.edu.au",2,https://cbe.anu.edu.au/researchpapers/econ/wp694.pdf,low,Not identifiable from abstract,Method not specified in abstract,Result not specified in abstract
Exploring the use of price indices to adjust angler expenditure profiles over time,2023,,"CR Parker, KM Hunt, SC Grado… - … American Journal of …, 2023 - academic.oup.com",2,https://academic.oup.com/najfm/article-abstract/43/2/417/7811723,high,Not identifiable from abstract,Method not specified in abstract,Result not specified in abstract
Simulating economic experiments using large language models: design and development of a computational tool,2023,,S Kar - 2023 - dspace.mit.edu,2,https://dspace.mit.edu/handle/1721.1/151473,medium,Not identifiable from abstract,Method not specified in abstract,"This research presents the development of homo silicus, a Python-based library for simulating economic … We replicate various classical economic resea"
Direct replication and additional sensitivity analyses for Altindag et al.(2022): A replication report from the Oslo Replication Games,2023,"C Bonander, G Chauca Strand, N Jakobsson","C Bonander, G Chauca Strand, N Jakobsson - 2023 - econstor.eu",1,https://www.econstor.eu/handle/10419/268496,high,"Altindag et al. (2022): ""The Effects of Age-Specific Lockdowns on Mental Health and Mobility: E""",direct replication; regression discontinuity,significance noted; effect significance noted
"Does Education Improve Cognitive Performance Four Decades After School Completion? A Replication Study of Nicole Schneeweis, Vegard Skirbekk and Rudolf …",2023,,"BB Tawiah, V Schiele - 2023 - ideas.repec.org",1,https://ideas.repec.org/p/pdn/dispap/102.html,high,"Schneeweis et al. (2014): ""Does Education Improve Cognitive Performance Four Decades After School""",new/different dataset; extends original sample/period,directional effect found
Replication study of Baron (2022): school spending and student outcomes,2023,LP Beland,"T Zahra, LP Beland - 2023 - econstor.eu",1,https://www.econstor.eu/handle/10419/279961,high,"Baron & David (2022): ""School Spending and Student Outcomes""",regression discontinuity,significance noted; effect significance noted
"Replication of Dickens (2022)"" Understanding Ethnolinguistic Differences: The Roles of Geography and Trade""",2023,"J Gonzalez, Ö Özak","J Gonzalez, Ö Özak - 2023 - econstor.eu",1,https://www.econstor.eu/handle/10419/276250,high,"Dickens & William (2022): ""Understanding Ethnolinguistic Differences: The Roles of Geography and """,direct replication,Result not specified in abstract
"Knowledge Transfers from Multinational to Domestic Firms: Evidence from Worker Mobility. A Replication Study of Poole (Review of Economics and Statistics, 2013)",2023,"ET Flaherty, R Balsvik","S Haller, ET Flaherty, R Balsvik - … and Replications in Economics (JCRE …, 2023 - econstor.eu",1,https://www.econstor.eu/handle/10419/281075,high,"Poole & J. (2013): ""Knowledge Transfers from Multinational to Domestic Firms: Evidence fro""",":] 2023-3 [Year:] 2023 [Pages:] 1-30 Publisher: ZBW - Leibniz Information Centre for Economics, Kiel, Hamburg Abstract: This paper",largely replicates; significance noted; effect significance noted
The Origin of the State: Land Productivity or Appropriability?: Replication,2023,"N Cook, T Duprey, A Heyes, M Pelli","N Cook, T Duprey, A Heyes, M Pelli - 2023 - econstor.eu",1,https://www.econstor.eu/handle/10419/280434,high,"Mayshar et al. (2022): ""The Origins of the State: Land Productivity or Appropriability?""",Method not specified in abstract,Result not specified in abstract
Coordination and cooperation in asymmetric commons dilemmas: a replication study,2023,,"J Jarke-Neuert - Journal of the Economic Science Association, 2023 - cambridge.org",1,https://www.cambridge.org/core/journals/journal-of-the-economic-science-association/article/coordination-and-cooperation-in-asymmetric-commons-dilemmas-a-replication-study/F3039A3A3BE7ED4F4D33A0E583BEB828,high,Not identifiable from abstract,different context/setting; different laboratory; pre-registered replication; double-blind design,Result not specified in abstract
"A replication of “Women Representation in Parliaments: A Qualitative Comparative Analysis”(Political Studies, 2010)",2023,,"DM Bekana - International Journal of Public Administration, 2023 - Taylor & Francis",1,https://www.tandfonline.com/doi/abs/10.1080/01900692.2021.1993903,high,"Krook & Lena (2010): ""Women Representation in Parliaments: A Qualitative Comparative Analysi""",extends original sample/period,Result not specified in abstract
Knowledge transfers from multinational to domestic firms: Evidence from worker mobility-A replication-robustness study,2023,"E Flaherty, R Balsvik","S Haller, E Flaherty, R Balsvik - … and Replications in Economics, 2023 - ojs.jcr-econ.org",1,https://www.ojs.jcr-econ.org/index.php/jcre/article/view/15,high,Poole (2013),10654 Knowledge Transfers from Multinational to Domestic Firms: Evidence from Worker Mobility – A Replication-Robustness Study of ,largely replicates; significance noted; effect significance noted
"A Comment on"" Vulnerability and Clientelism""(2022)",2023,"S Montpetit, A Nordstrom","H Ma, S Montpetit, A Nordstrom - 2023 - econstor.eu",1,https://www.econstor.eu/handle/10419/279522,high,"Original Authors Not Specified (2022): ""Vulnerability and Clientelism""",new/different dataset,original coding error found; significance noted; results hold/are robust; effect significance noted
Integrated student support and student achievement: A replication study,2023,N Khanani,"N Khanani, AE Raczek, YR Leigh, C Foley, ME Walsh… - 2023 - edworkingpapers.com",1,https://edworkingpapers.com/sites/default/files/ai23-706.pdf,high,Not identifiable from abstract,Method not specified in abstract,effect significance noted
Replication Data for: Aspiration versus Apprehension: Economic Opportunities and Electoral Preferences,2023,"S Häusermann, T Kurer, D Zollinger","S Häusermann, T Kurer, D Zollinger - 2023 - kops.uni-konstanz.de",1,https://kops.uni-konstanz.de/entities/dataset/17eb2da1-d173-4f36-bbf2-d618368f50a0,high,"Häusermann et al. (2023): ""Aspiration Versus Apprehension: Economic Opportunities and Electoral P""",0 Universal Angaben zur Forschungsförderung Deutsche Forschungsgemeinschaft (DFG): 390681379 European Union (EU): 716075 Projekt S,Result not specified in abstract
Reproducibility and Robustness Replicability of Gsottbauer et al.(2022),2023,H Ye,"A Akhtar, H Ye - 2023 - econstor.eu",1,https://www.econstor.eu/handle/10419/270890,high,Not identifiable from abstract,field experiment; survey data,"In testing the robustness replicability, we find consistent results for our extensions"
Inaction Inertia Effect: Foregoing Opportunities as a Consequence of an Initial Failure to Act-a Replication-Extension Study in the Brazilian Population,2023,,"RS Borborema, M de Moraes Ferreira, ALM da Silva… - 2023 - osf.io",1,https://osf.io/preprints/psyarxiv/4u98x/,high,Not identifiable from abstract,Method not specified in abstract,Result not specified in abstract
"A comment on Herzog, Baron, and Gibbons (2022)",2023,"RG Park, T Balogh","H Daarstad, RG Park, T Balogh - 2023 - econstor.eu",1,https://www.econstor.eu/handle/10419/280748,medium,"Herzog et al. (2022): ""Effects of Exposure to Official Elite Rhetoric and Group Cues on Publi""",uses original data/code,original coding error found; effect significance noted
Managerial motivation in China: replication and extension of miner's hierarchical role motivation theory,2023,BP Ebrahimi,"BP Ebrahimi, SA Young - Management Review Quarterly, 2023 - Springer",1,https://link.springer.com/article/10.1007/s11301-021-00232-x,high,"Chen et al. (1997): ""Motivation to manage: a study of women in Chinese state-owned enterpri""; Ebrahimi & B.P. (1999): ""Motivation to manage in China: implications for strategic HRM""; Miner et al. (1991): ""The cultural dynamics of managerial motivation among students from pan""",Method not specified in abstract,Result not specified in abstract
"“The empirical relevance of the competitive storage model” by Cafiero et al.(2011): Replication, robustness, and extension",2023,N Legrand,"N Legrand - Applied Economic Perspectives and Policy, 2023 - Wiley Online Library",1,https://onlinelibrary.wiley.com/doi/abs/10.1002/aepp.13282,high,Not identifiable from abstract,Method not specified in abstract,Result not specified in abstract
Political turnover negatively affects the quality of public services: a replication,2023,S Gallegos,"S Gallegos - Journal of Economic Behavior & Organization, 2023 - Elsevier",1,https://www.sciencedirect.com/science/article/pii/S0167268123001993,high,Not identifiable from abstract,Method not specified in abstract,Result not specified in abstract
The impact of exogenous shocks on the innovation performance of firms in the Caribbean small island economies: Quasi-replication of Paunov (2012),2023,"P Piperopoulos, E Jimenez-Moro, M Yeung","P Piperopoulos, E Jimenez-Moro, M Yeung… - … Forecasting and Social …, 2023 - Elsevier",1,https://www.sciencedirect.com/science/article/pii/S0040162523005280,high,"Paunov & C. (2012): ""The impact of innovation on firm performance in developing countries: """,Method not specified in abstract,Result not specified in abstract
A replication and extension of wine retail consumer purchase patterns: double jeopardy and duplication of purchase laws,2023,"D Wilson, M Winchester","D Wilson, M Winchester, MS Visser - International Journal of Wine …, 2023 - emerald.com",1,https://www.emerald.com/insight/content/doi/10.1108/IJWBR-12-2022-0049/full/html,high,Not identifiable from abstract,Method not specified in abstract,replicates and extends original
Integrating Behavioral Economics into System Dynamics,2023,,"S Bah - … Ph. D. Dissertation. Worcester Polytechnic Institute …, 2023 - digital.wpi.edu",1,https://digital.wpi.edu/downloads/dn39x4827,low,Not identifiable from abstract,Method not specified in abstract,effect significance noted
"Replication of Atwood's (2022)"" The Long-Term Effects of Measles Vaccination on Earnings and Employment""",2023,"M Barschkett, M Huebener, A Leibing, J Marcus","M Barschkett, M Huebener, A Leibing, J Marcus… - 2023 - econstor.eu",0,https://www.econstor.eu/handle/10419/271673,high,"Atwood & James (2022): ""The Long-Term Effects of Measles Vaccination on Earnings and Employmen""",difference-in-differences; robustness check,directional effect found
A replication analysis of Laffitte and Toubal (2022),2023,,"I Tastan, K Qiu, T Khushboo, L Goff - 2023 - econstor.eu",0,https://www.econstor.eu/handle/10419/271677,high,"Laffitte et al. (2022): ""How Multinational Corporations Shift Profit to Tax Havens""",Method not specified in abstract,"We find that the main results of Laffitte and Toubal (2022), are fairly robust to alternative versions of three important researcher choices: i) the d"
"What we measure when we measure the effects of user fees: a replication, reanalysis, and extension of Tanaka, 2014",2023,JS Goldberg,"JS Goldberg - Empirical Economics, 2023 - Springer",0,https://link.springer.com/article/10.1007/s00181-023-02400-2,high,"Tanaka & Shinsuke (2014): ""Does Abolishing User Fees Lead to Improved Health Status? Evidence fro""",Method not specified in abstract,Result not specified in abstract
"The Long-Term Effects of Measles Vaccination on Earnings and Employment. A Replication Study of Atwood (American Economic Journal: Economic Policy, 2022)",2023,"M Barschkett, M Huebener, A Leibing","M Barschkett, M Huebener, A Leibing… - … in Economics (JCRE), 2023 - econstor.eu",0,https://www.econstor.eu/handle/10419/281076,high,"Atwood & Jesse (2022): ""The Long-Term Effects of Measles Vaccination on Earnings and Employmen""",difference-in-differences; robustness check,directional effect found
A (partial) replication study of Hjort and Poulsen (2019),2023,M Sangnier,M Sangnier - 2023 - econstor.eu,0,https://www.econstor.eu/handle/10419/270965,high,"Hjort et al. (2019): ""The Arrival of Fast Internet and Employment in Africa""",difference-in-differences; sensitivity analysis,Result not specified in abstract
"Replication Report: A Comment on Peter T. Leeson, R. August Hardy and Paola A. Suarez (2022)",2023,"GG Cantone, J Gabani","L Braga de Melo, GG Cantone, J Gabani, X Gao - 2023 - econstor.eu",0,https://www.econstor.eu/handle/10419/274554,high,"Leeson et al. (2022): ""Maximizing Behaviour of Panhandlers at Metrorail Stations in Washingto""",robustness check,unable to replicate
Replication Report: Checking and Sharing Alt-Facts,2023,"M Beeder, EØ Sørensen","M Beeder, EØ Sørensen - 2023 - econstor.eu",0,https://www.econstor.eu/handle/10419/271674,high,"Henry et al. (2022): ""The Effect of Fact-Checking on the Sharing of Alternative Facts""",Method not specified in abstract,similar effect size
A replication of Jones & Marinescu (2022),2023,,"E Bacher, M Herrera-Rodriguez, D Marino Fages… - 2023 - econstor.eu",0,https://www.econstor.eu/handle/10419/278842,high,"Jones et al. (2022): ""The Employment Effects of a Universal Cash Transfer: Evidence from Ala""",Method not specified in abstract,smaller effect than original; directional effect found; results hold/are robust
"Successful Replication of"" The Long-Run Effects of Sports Club Vouchers for Primary School Children (2022)""",2023,"AH Bello, T Morris, L Renée","F Bacon, AH Bello, M Brown, T Morris, L Renée - 2023 - econstor.eu",0,https://www.econstor.eu/handle/10419/273431,high,"Marcus et al. (2022): ""The Long-Run Effects of Sports Club Vouchers for Primary School Childr""",new/different dataset; direct replication,effect significance noted
Replication Report: Concentration Bias in Intertemporal Choice,2023,"L Deer, F Heuer","L Deer, S Ellingsrud, AH Kordt, F Heuer - 2023 - econstor.eu",0,https://www.econstor.eu/handle/10419/272844,high,"Dertwinkel-Kalt et al. (2022): ""Concentration Bias in Intertemporal Choice""",uses original data/code; laboratory experiment; same design/methodology,Result not specified in abstract
The Conditional Associations of Authoritarianism with Americans' Responses to COVID-19: An Out-of-Sample Replication,2023,,T Ollerenshaw - 2023 - preprints.apsanet.org,0,https://preprints.apsanet.org/engage/apsa/article-details/64a317686e1c4c986bc0e762,high,"Ollerenshaw & T. (2022): ""Dispositional Authoritarianism and Americans' Responses to COVID-19""",out-of-sample test,larger effect than original
Is the supermultiplier nil? A replication study of Deleidi and Mazzucato (2021),2023,J Boysen-Hogrefe,J Boysen-Hogrefe - 2023 - econstor.eu,0,https://www.econstor.eu/handle/10419/273079,high,"Deleidi et al. (2021): ""Mission-oriented innovation policies: Challenges and opportunities""",Method not specified in abstract,Result not specified in abstract
"A Replication of"" When a Doctor Falls from the Sky: The Impact of Easing Doctor Supply Constraints on Mortality"", Okeke EN (2023)",2023,"E McManus, J Richardson","E McManus, J Richardson, V Wattal, R Woodard - 2023 - econstor.eu",0,https://www.econstor.eu/handle/10419/274552,high,"Okeke & E.N. (2023): ""When a Doctor Falls from the Sky: The Impact of Easing Doctor Supply C""",uses original data/code,"These changes cause little change to the point estimates, although we find that the original paper's standard errors were overly conservative, and thu"
A replication of Ideological asymmetries and the determinants of politically motivated reasoning (2022),2023,"R Briggs, MJ Donnelly, T Galipeau","R Briggs, MJ Donnelly, T Bergeron, T Galipeau - 2023 - econstor.eu",0,https://www.econstor.eu/handle/10419/278117,high,"Guay et al. (2022): ""Ideological asymmetries and the determinants of politically motivated """,Method not specified in abstract,"We found only one minor issue with the codebook, which does not affect the results"
"Replicating"" State Action to Prevent Violence against Women"". A Comment on Córdova & Kras (2022)",2023,"SN Andersen, NT Borgen, ST Borgen, E Brini, MJ Frith","SN Andersen, NT Borgen, ST Borgen, E Brini, MJ Frith… - 2023 - econstor.eu",0,https://www.econstor.eu/handle/10419/276961,high,"Córdova et al. (2022): ""State Action to Prevent Violence against Women""",robustness check,original coding error found; results hold/are robust; effect significance noted
Replication Report: The Welfare Effects of Pride and Shame,2023,T Fries,T Fries - 2023 - econstor.eu,0,https://www.econstor.eu/handle/10419/276252,high,"Butera et al. (2022): ""The Welfare Effects of Pride and Shame""",online survey/experiment,original coding error found; effect significance noted
Direct Replication and Additional Sensitivity and Robustness Analyses for Frederiksen (2022): A Replication Report from the Nottingham Replication Games,2023,"T Brailey, S Moser","T Brailey, M Hepplewhite, S Moser - 2023 - econstor.eu",0,https://www.econstor.eu/handle/10419/270858,high,Not identifiable from abstract,direct replication; robustness check,"Abstract: We replicate the analysis conducted by Frederiksen, 2022a"
"Replicating:"" Playing Politics with Environmental Protection: The Political Economy of Designating Protected Areas""",2023,"L Villalobos, J Caviglia-Harris","L Villalobos, J Caviglia-Harris, T Jayalath - 2023 - econstor.eu",0,https://www.econstor.eu/handle/10419/278026,high,"Mangonnet et al. (2022): ""Playing Politics with Environmental Protection: The Political Economy """,Method not specified in abstract,"Finally, we find no evidence of fabrication of data"
"Upset but (almost) correct: a conceptual replication of Di Tella, Perez-Truglia, Babino and Sigman (2015)",2023,E Verrina,"E Verrina - Journal of the Economic Science Association, 2023 - cambridge.org",0,https://www.cambridge.org/core/journals/journal-of-the-economic-science-association/article/upset-but-almost-correct-a-conceptual-replication-of-di-tella-pereztruglia-babino-and-sigman-2015/9BEB1C46C50E79700FD54414D4DE28BA,high,"Tella et al. (2015): ""Self-Serving Beliefs: Evidence from a Randomized Experiment""",conceptual replication,not replicated
Replication Report: Concentration Bias in Intertemporal,2023,L Deer,"L Deer, S Ellingsrud, AH Kordt, F Heuer - 2023 - rwi-essen.de",0,https://www.rwi-essen.de/fileadmin/user_upload/RWI/Publikationen/I4R_Discussion_Paper_Series/042_I4R_Deer_Ellingsrud_Kordt_Heuer.pdf,high,Not identifiable from abstract,uses original data/code; laboratory experiment; same design/methodology,Result not specified in abstract
"Replication and Sensitivity Analysis of"" Market Access and Quality Up-grading: Evidence from Four Field Experiments"": A Comment on Bold et al.(2022b)",2023,"R McWay, K Nchare","R McWay, K Nchare, P Sun - 2023 - econstor.eu",0,https://www.econstor.eu/handle/10419/277561,high,"Bold et al. (2022): ""Market Access and Quality Up-grading: Evidence from Four Field Experim""",field experiment; difference-in-differences; sensitivity analysis,Our results show that the findings in Bold et al
"Replication Report: A Comment on Gethin, Martínez-Toledano & Piketty (2022)",2023,"D Gong, O Hammar","D Gong, O Hammar - 2023 - econstor.eu",0,https://www.econstor.eu/handle/10419/268753,high,"Gethin et al. (2022): ""The long-run evolution of political cleavages: Evidence from a new dat""",new/different dataset,results hold/are robust
Components of agricultural productivity change: Replication of US evidence and extension to the EU [Composantes de l'évolution de la productivité agricole …,2023,KH Dakpo,"S Wimmer, KH Dakpo - 2023 - ideas.repec.org",0,https://ideas.repec.org/p/hal/journl/hal-04125659.html,high,"O'Donnell & J. (2012): ""Decomposing productivity change in US agriculture""",extends original sample/period,"… We replicate the original study, assess its robustness to alternative TFP indices, and extend the analysis to EU agriculture"
Teacher Influence in Music Composition since 1450: A Replication of Borowiecki (2022),2023,M Musumeci,"J Korpershoek, M Musumeci, RA Stans, M Totarelli - 2023 - econstor.eu",0,https://www.econstor.eu/handle/10419/270744,high,"Borowiecki & Marek (2022): ""The Influence of Teachers on the Style of Their Students in Musical Co""","We can replicate most of the outcome variables, but not all of them, due to incomplete raw data",effect significance noted
"Replication Report: A Comment on Peter T. Leeson, R. August Hardy and Paola A. Suarez",2023,"GG Cantone, J Gabani","LB de Melo, GG Cantone, J Gabani, X Gao - 2023 - rwi-essen.de",0,https://www.rwi-essen.de/fileadmin/user_upload/RWI/Publikationen/I4R_Discussion_Paper_Series/055_I4R_BragaDeMelo_Cantone_Gabani_Gao.pdf,high,Suarez (2022),robustness check,unable to replicate
The Big Robber Game-A conceptual replication and extension,2023,"M Kirchler, J Huber","A Holzknecht, S Bachler, M Kirchler, J Huber - 2023 - osf.io",0,https://osf.io/5t7mz/resources,high,"Alós-Ferrer et al. (2021): ""The Big Robber Game: An Experimental Study""",Method not specified in abstract,Result not specified in abstract
Economic Insecurity Increases Physical Pain Replication,2023,,J Troutman - 2023 - osf.io,0,https://osf.io/vmfue/resources,high,"Chou et al. (2016): ""Economic Insecurity Increases Physical Pain""",Method not specified in abstract,Result not specified in abstract
Replication: Reshaping Adolescents' Gender Attitudes: Evidence from a School-Based Experiment in India,2023,L Fiala,"L Fiala, EM Fleisje, TA Reiremo - 2023 - econstor.eu",0,https://www.econstor.eu/handle/10419/270604,high,Not identifiable from abstract,Method not specified in abstract,results hold/are robust; effect significance noted
"Computational Reproduction and Robustness Replication for Hollyer, Klašnja and Titiunik (2022): A Replication Report from the Nottingham Replication Games",2023,"E Kelly, L Metson","E Kelly, A Odermatt, L Metson - 2023 - econstor.eu",0,https://www.econstor.eu/handle/10419/274553,high,"Hollyer et al. (2022): ""The Trade-off Between Programmatic Campaigns and Charismatic Candidate""",regression discontinuity; robustness check,"We find that their cross-national analysis is reproducible, albeit with some minor discrepancies"
"Targeting High Ability Entrepreneurs: Replication and Heterogeneity by Gender of Hussam, Rigol and Roth",2023,D Ubfal,"I Masetto, D Ubfal - 2023 - rwi-essen.de",0,https://www.rwi-essen.de/fileadmin/user_upload/RWI/Publikationen/I4R_Discussion_Paper_Series/049_I4R_Masetto_Ubfal.pdf,high,"Hussam et al. (2021): ""Targeting High Ability Entrepreneurs""",robustness check,original coding error found; results hold/are robust; effect significance noted
Knowledge Transfers from Multinational to Domestic Firms: Evidence from Worker Mobility–A Replication-Robustness Study of Poole (2013),2023,"ET Flaherty, R Balsvik","SA Haller, ET Flaherty, R Balsvik, S Haller - 2023 - econstor.eu",0,https://www.econstor.eu/handle/10419/282342,high,"Poole & J. (2013): ""Knowledge Transfers from Multinational to Domestic Firms: Evidence fro""","10654 Publisher: Center for Economic Studies and ifo Institute (CESifo), Munich Abstract: This paper replicates Poole (2013) using",largely replicates; significance noted; effect significance noted
"Citizens' Trade-offs between Life, Liberty, and Money during a Public Health Crisis: A Comparative Replication in Shanghai, Singapore, and Taipei",2023,"D Binzizi, CW HSIEH, KIM Soojin","D Binzizi, CW HSIEH, KIM Soojin… - … 2023: United or …, 2023 - scholars.cityu.edu.hk",0,https://scholars.cityu.edu.hk/en/publications/publication(2fe3fdf7-330c-41d7-bf16-65edc9bdd7ee).html,high,Belle and Cantarelli (2021); Cantarelli (2021),different context/setting,Result not specified in abstract
Revisiting Gino Et Al.'s (2009) Contagion and Differentiation in Unethical Behavior: A Registered Replication and Extension,2023,E Aslan,"J Martuza, E Aslan - Available at SSRN 4616321 - papers.ssrn.com",0,https://papers.ssrn.com/sol3/papers.cfm?abstract_id=4616321,high,"Gino et al. (2009): ""Contagion and Differentiation in Unethical Behavior""",Method not specified in abstract,Result not specified in abstract
The Influence of Visuo-spatial Perspective-taking on Coalition Formation-A replication study,2023,,F van Leeuwen - arno.uvt.nl,0,http://arno.uvt.nl/show.cgi?fid=162328,high,Not identifiable from abstract,different context/setting; laboratory experiment,"Results show no difference between the two presented avatars in the coalition partner choice, nor did the perspective- taking avatar receive higher sy"
"ORD_33_103_R_Data: R notebook and data to replicate the results presented in Nitka and Weron (2023) Operations Research and Decisions 33 (3), 105-118",2023,"W Nitka, R Weron","W Nitka, R Weron - WORMS Software (WORking papers in …, 2023 - ideas.repec.org",0,https://ideas.repec.org/c/ahh/wcodes/wormsc2301.html,high,"Nitka et al. (2023): ""Probabilistic electricity price forecasting: A comparison of naive and""; Marcjasz et al. (2023): ""Probabilistic electricity price forecasting using distributional neura""",html ORD_33_103_R_Data: R notebook and data to replicate the results presented in Nitka and Weron (2023) Operations Research and D,Result not specified in abstract
Estimating Cross-Model Variability in Estimates of Cost-Effectiveness for Eleven Diabetes Health Economic Models: A Mass Replication Exercise,2023,MJ Keng,"J Altunkaya, X Li, T Feenstra, MJ Keng… - … Economics (08/07/2023 …, 2023 - hub.hku.hk",0,https://hub.hku.hk/handle/10722/337609,low,Not identifiable from abstract,Method not specified in abstract,Result not specified in abstract
Review and Replication of: The Career Decisions of Young Men,2023,J Holbrook,J Holbrook - 2023 - jordanholbrook.github.io,0,https://jordanholbrook.github.io/files/Jordan_Holbrook_Human_Cap_Final_Project.pdf,high,Wolpin (1997); Keane and Wolpin (1997),… The authors' work is a testament that even in the age of 'big data' economic models are still … This model was built to replicat,effect significance noted
Replication Report: Market-Based Monetary Policy Uncertainty,2023,,"C Griffa, M Oliver i Vert, B Tatlow, Y Zhong - 2023 - econstor.eu",0,https://www.econstor.eu/handle/10419/278110,high,"Bauer et al. (2021): ""Market-Based Monetary Policy Uncertainty""",Method not specified in abstract,Result not specified in abstract
A Replication Study on Prosocial Choice,2023,M Pereda,"J Portolés, M Pereda - … and Industrial Management (ICIEIM)–Congreso de …, 2023 - Springer",0,https://link.springer.com/chapter/10.1007/978-3-031-57996-7_77,high,"Tappin et al. (2018): ""Doing good vs. Avoiding bad in prosocial choice: a refined test and ex""",Method not specified in abstract,Result not specified in abstract
Integrated Student Support and Student Achievement: A Replication Study. EdWorkingPaper No. 23-706.,2023,N Khanani,"N Khanani, AE Raczek, YR Leigh, C Foley… - Annenberg Institute for …, 2023 - ERIC",0,https://eric.ed.gov/?id=ED672228,high,"Walsh et al. (2014): ""City Connects: A Comprehensive, Integrated Student Support Model""; Duncan et al. (2016): ""Whither Opportunity? Rising Inequality, Schools, and Children's Life C""",Method not specified in abstract,effect significance noted
Comparing Discounting of Climate Change to Catastrophic Financial Loss: A Replication and Extension Study,2023,"J Belisle, M Matthews","J Belisle, M Matthews, S Blecha, R Snavely - The Psychological Record, 2023 - Springer",0,https://link.springer.com/article/10.1007/s40732-023-00539-z,high,"Belisle et al. (2020): ""Delaying the point of no return: Discounting evident in climate change""",Method not specified in abstract,Result not specified in abstract
"FARMIND InnoFarm: Replication Package for the Application of the Agent-Based"" Farm Interaction and Decision Model"" in the context of the adoption of precision …",2023,R Huber,"R Huber, K Späti - 2023 - research-collection.ethz.ch",0,https://www.research-collection.ethz.ch/handle/20.500.11850/619462,high,Not identifiable from abstract,Method not specified in abstract,Result not specified in abstract
"Replication Package for"" Discontinuities in the Age-Victimization Profile and the Determinants of Victimization""",2023,"R Hjalmarsson, N Ketel, A Mitrut","A Bindler, R Hjalmarsson, N Ketel, A Mitrut - 2023 - research.hhs.se",0,https://research.hhs.se/esploro/outputs/dataset/Replication-Package-for-Discontinuities-in-the/991001546899606056,high,Not identifiable from abstract,Method not specified in abstract,Result not specified in abstract
Replicating the literature on meritocratic promotion of prefecture leaders in China,2023,,M Wiebe - 2023 - michaelwiebe.com,0,https://michaelwiebe.com/assets/promotion.pdf,high,Jia et al. (2015); Su et al. (2012); Li and Zhou (2005),uses original data/code; different context/setting,does not replicate; original data issue found; results not robust
The impact of war in Ukraine on the inbound tourism in Lithuania: replication of studies,2023,,"J Variakojienë, I Achonen… - Turystyka i Rozwój …, 2023 - tirr.sggw.edu.pl",0,https://tirr.sggw.edu.pl/article/view/6074,high,"Neumayer & E. (2004): ""The impact of political violence on tourism: dynamic econometric estim""; Tomczewska-Popowycz et al. (2021): ""Political Instability Equals the Collapse of Tourism in Ukraine?""",online survey/experiment,Result not specified in abstract
"Replication material for"" Nudging farmers towards low-pesticide practices: Evidence from a randomized experiment in viticulture""",2023,L Zachmann,L Zachmann - 2023 - research-collection.ethz.ch,0,https://www.research-collection.ethz.ch/bitstream/handle/20.500.11850/624982/8/ReplicationDocument.pdf,high,Not identifiable from abstract,… Code and Replication for 'Nudging farmers towards low-pesticide … Figure 1 is not replicated here due to data privacy (ie farm …,not replicated
Negative News & Ambiguity & Risk: Replication study,2023,K Lempert,"K Lempert, LSG Campos - 2023 - osf.io",0,https://osf.io/dsnua/resources,high,Not identifiable from abstract,Method not specified in abstract,Result not specified in abstract
"Bad Beta, Good Beta: A Replication",2023,PF Maio,"PF Maio - Good Beta: A Replication (December 29, 2023), 2023 - papers.ssrn.com",0,https://papers.ssrn.com/sol3/papers.cfm?abstract_id=5024809,high,Not identifiable from abstract,Method not specified in abstract,Result not specified in abstract
Giving according to GARP: A replication exercise,2023,,E Degetau - 2023 - estebandegetau.com,0,https://estebandegetau.com/garp.pdf,high,Not identifiable from abstract,Method not specified in abstract,Result not specified in abstract
"EE468 The Full Circle: Systematic Evaluation, Replication and Validation of Structural Health Economic Modelling Approaches: Lessons Learned in the Field of …",2023,S Evers,"B Schwander, M Nuijten, S Evers… - Value in …, 2023 - valueinhealthjournal.com",0,https://www.valueinhealthjournal.com/article/S1098-3015(23)03864-0/fulltext,high,Not identifiable from abstract,Method not specified in abstract,not fully replicated; successfully replicates
Drug Cartels and Government in Mexico: A Replication and Extension,2023,,LA Beckstead - 2023 - digitalcommons.usu.edu,0,https://digitalcommons.usu.edu/etd/8818/,high,Not identifiable from abstract,Method not specified in abstract,Result not specified in abstract
Logs with zeros? Some problems and solutions,2024,"J Chen, J Roth","J Chen, J Roth - The Quarterly Journal of Economics, 2024 - academic.oup.com",632,https://academic.oup.com/qje/article-abstract/139/2/891/7473710,low,Not identifiable from abstract,… by systematically replicating recent articles published in the American Economic Review that … In half of the articles that we r,Result not specified in abstract
Economic costs of diabetes in the US in 2022,2024,ED Parker,"ED Parker, J Lin, T Mahoney, N Ume, G Yang… - Diabetes …, 2024 - diabetesjournals.org",425,https://diabetesjournals.org/care/article/47/1/26/153797,medium,Not identifiable from abstract,"… In most cases, we replicate our methods from prior reports using the most recent data available from a given survey","… In most cases, we replicate our methods from prior reports using the most recent data available from a given survey"
Changes in social network structure in response to exposure to formal credit markets,2024,,"A Banerjee, E Breza, AG Chandrasekhar… - Review of Economic …, 2024 - academic.oup.com",172,https://academic.oup.com/restud/article-abstract/91/3/1331/7208633,medium,Not identifiable from abstract,Method not specified in abstract,"… We replicate these surprising findings in the context of a randomised controlled trial (RCT) in Hyderabad, where a microfinance institution randomly"
Measuring employer-to-employer reallocation,2024,"S Fujita, G Moscarini, F Postel-Vinay","S Fujita, G Moscarini, F Postel-Vinay - American Economic Journal …, 2024 - aeaweb.org",108,https://www.aeaweb.org/articles?id=10.1257/mac.20210076,high,"Fujita et al. (2024): ""Measuring Employer-to-Employer Reallocation""",Method not specified in abstract,Result not specified in abstract
The fake news effect: Experimentally identifying motivated reasoning using trust in news,2024,,"M Thaler - American Economic Journal: Microeconomics, 2024 - aeaweb.org",92,https://www.aeaweb.org/articles?id=10.1257/mic.20220146,high,Not identifiable from abstract,new/different dataset; pre-registered replication,not fully replicated; successfully replicates
Entrepreneurship and economic growth,2024,I Munyo,"I Munyo, L Veiga - Journal of the Knowledge Economy, 2024 - Springer",58,https://link.springer.com/article/10.1007/s13132-022-01032-8,medium,"Carree et al. (2003): ""The impact of entrepreneurship on economic growth""; Audretsch et al. (2001): ""What is new about the new economy: Sources of growth in the managed an""",In the first step we replicate the usual approach …,In the first step we replicate the usual approach …
Is “real” effort more real?,2024,"EG Dutcher, TC Salmon, KJ Saral","EG Dutcher, TC Salmon, KJ Saral - Experimental Economics, 2024 - Springer",56,https://link.springer.com/article/10.1007/s10683-024-09844-y,high,Not identifiable from abstract,Method not specified in abstract,… We replicate their results and then show that the module works as expected
Decisions under risk are decisions under complexity,2024,R Oprea,"R Oprea - American Economic Review, 2024 - aeaweb.org",52,https://www.aeaweb.org/articles?id=10.1257%2Faer.20221227&from=f&utm_source=substack&utm_medium=email,medium,"Tversky et al. (1992): ""Advances in Prospect Theory: Cumulative Representation of Uncertainty""; Kahneman et al. (1979): ""Prospect Theory: An Analysis of Decision under Risk""",Method not specified in abstract,"… (and related measures) for a standard set of such lotteries, we replicate the fourfold … We provide evidence that some of the central lottery anomal"
A scientific approach to entrepreneurial decision‐making: Large‐scale replication and extension,2024,"A Camuffo, A Gambardella","A Camuffo, A Gambardella… - Strategic …, 2024 - Wiley Online Library",42,https://onlinelibrary.wiley.com/doi/abs/10.1002/smj.3580,high,"Camuffo et al. (2020): ""The role of entrepreneurial decision-making in the success of new vent""",new/different dataset; larger sample/higher power,Result not specified in abstract
The effects of education on mortality: Evidence using college expansions,2024,"J Fletcher, H Noghanibehambari","J Fletcher, H Noghanibehambari - Health Economics, 2024 - Wiley Online Library",40,https://onlinelibrary.wiley.com/doi/abs/10.1002/hec.4787,medium,Not identifiable from abstract,"… In another attempt to explore possible issues with the window selection of Numident, we replicate the main results using Censoc-","… In another attempt to explore possible issues with the window selection of Numident, we replicate the main results using Censoc-DMF data which links"
Replicating and digesting anomalies in the Chinese A-share market,2024,KC John Wei,"Z Li, LX Liu, X Liu, KC John Wei - Management Science, 2024 - pubsonline.informs.org",29,https://pubsonline.informs.org/doi/abs/10.1287/mnsc.2023.4904,high,"HXZ (2020): ""Summary of anomalies in the US market""",Method not specified in abstract,"In this paper, we replicate 469 anomalies similar to those studied by HXZ, using …"
Retirement consumption and pension design,2024,,"J Kolsrud, C Landais, D Reck… - American Economic …, 2024 - aeaweb.org",29,https://www.aeaweb.org/articles?id=10.1257/aer.20221426,medium,Not identifiable from abstract,… The first simple way to address this question is to replicate the type of analysis of Figure 3 … in determining retirement consu,"… The first simple way to address this question is to replicate the type of analysis of Figure 3 … in determining retirement consumption, we replicate"
Unpacking social capital,2024,,"R Durante, N Mastrorocco, L Minale… - The Economic …, 2024 - academic.oup.com",26,https://academic.oup.com/ej/advance-article-abstract/doi/10.1093/ej/ueae074/7720537,medium,Not identifiable from abstract,"… To assess the external validity of our results, we also replicate the analysis for the same sample of countries for which we hav",Result not specified in abstract
Artificial intelligence to automate health economic modelling: a case study to evaluate the potential application of large language models,2024,,"T Reason, W Rawlinson, J Langham, A Gimblett… - PharmacoEconomics …, 2024 - Springer",23,https://link.springer.com/article/10.1007/s41669-024-00477-8,low,Not identifiable from abstract,Method not specified in abstract,Result not specified in abstract
Evaluating the impact of supplemental computer-assisted math instruction in elementary school: A conceptual replication,2024,ME Foster,"ME Foster - Journal of Research on Educational Effectiveness, 2024 - Taylor & Francis",22,https://www.tandfonline.com/doi/abs/10.1080/19345747.2023.2174919,high,"Wang et al. (2011): ""The impact of supplemental computer-assisted math instruction on stude""","… Therefore, the present study was designed to replicate Wang and Woodworth (Citation2011), determine if their findings hold up to",Result not specified in abstract
Panel data in environmental economics: Econometric issues and applications to IPAT models,2024,"T Eibinger, B Deixelberger, H Manner","T Eibinger, B Deixelberger, H Manner - … of Environmental Economics and …, 2024 - Elsevier",21,https://www.sciencedirect.com/science/article/pii/S0095069624000159,high,Not identifiable from abstract,Method not specified in abstract,unable to replicate; effect significance noted
Public discourse and socially responsible market behavior,2024,,"B Bartling, V Valero, RA Weber… - American Economic …, 2024 - pubs.aeaweb.org",18,https://pubs.aeaweb.org/doi/pdf/10.1257/aer.20201361,low,Not identifiable from abstract,Method not specified in abstract,Result not specified in abstract
The misuse of regression-based x-scores as dependent variables,2024,,"D Byzalov, S Basu - Journal of Accounting and Economics, 2024 - Elsevier",16,https://www.sciencedirect.com/science/article/pii/S0165410123000678,low,"Unknown & Unknown (Unkn): ""C-Score""",Method not specified in abstract,not fully replicated; successfully replicates
Non-binary gender economics,2024,"LC Coffman, KM Ericson","KB Coffman, LC Coffman, KM Ericson - 2024 - nber.org",16,https://www.nber.org/papers/w32222,medium,Not identifiable from abstract,Method not specified in abstract,"… Beginning with our index measure, we replicate past evidence that has found men to self-assert more than women"
Leading-by-example: a meta-analysis,2024,,"G Eisenkopf, T Kölpin - Journal of Business Economics, 2024 - Springer",15,https://link.springer.com/article/10.1007/s11573-023-01176-2,low,"Güth et al. (2007): ""Public goods: The role of leadership""",robustness check,Result not specified in abstract
"Rural roads, farm labor exits, and crop fires",2024,"T Garg, M Jagnani","T Garg, M Jagnani, HK Pullabhotla - … Economic Journal: Economic …, 2024 - aeaweb.org",14,https://www.aeaweb.org/articles?id=10.1257/pol.20220422,high,Not identifiable from abstract,… We replicate their results in our sample,… We replicate their results in our sample
Using middle‐range theorizing to advance supply chain management research: a how‐to primer and demonstration,2024,,"CW Craighead, L Cheng… - Journal of Business …, 2024 - Wiley Online Library",14,https://onlinelibrary.wiley.com/doi/abs/10.1111/jbl.12381,high,Not identifiable from abstract,Method not specified in abstract,Result not specified in abstract
Economic outcomes of strikers in an era of weak unions,2024,,"M Massenkoff, N Wilmers - Journal of Labor Economics, 2024 - journals.uchicago.edu",14,https://www.journals.uchicago.edu/doi/abs/10.1086/722743,medium,Not identifiable from abstract,"… In labor economics, several studies have modeled wage effects … While we replicate this approach in our study, we also … Third, ","… In labor economics, several studies have modeled wage effects … While we replicate this approach in our study, we also … Third, we contribute to the"
Financial development and economic complexity: The role of country stability,2024,,"H Ndoya, BE Ongo Nkoa, FH Kemeze… - Economics of …, 2024 - Wiley Online Library",13,https://onlinelibrary.wiley.com/doi/abs/10.1111/ecot.12392,medium,Not identifiable from abstract,Method not specified in abstract,… We replicate the estimations in Table 4 using institutional variables to confirm the hypothesis that class memberships are explained by the quality 
What caused the post-pandemic era inflation in Belgium? Replication of the Bernanke-Blanchard model for Belgium,2024,,"G De Walque, T Lejeune - 2024 - econstor.eu",11,https://www.econstor.eu/handle/10419/298375,high,"Bernanke et al. (2023): ""The Bernanke-Blanchard Model""",Method not specified in abstract,Result not specified in abstract
The impact of youth Medicaid eligibility on adult incarceration,2024,,"S Arenberg, S Neller, S Stripling - … Journal: Applied Economics, 2024 - aeaweb.org",11,https://www.aeaweb.org/articles?id=10.1257/app.20200785,medium,Not identifiable from abstract,different context/setting,"… Second, we replicate our main result in a different setting"
Redistribution and human development: evidence from Europe,2024,O Claveria,"O Claveria - Economics and Business Letters, 2024 - zbw.eu",10,https://www.zbw.eu/econis-archiv/bitstream/11159/654054/1/1895025621_0.pdf,high,"Castells-Quintana et al. (2019): ""The impact of public spending on human development: Evidence from Euro""",Method not specified in abstract,"… First, we replicate the analysis using different specifications"
A COVID replication and extension of firms' resilience to supply chain disruptions,2024,,"RA Inman, KW Green, MD Roberts - Supply Chain Management: An …, 2024 - emerald.com",10,https://www.emerald.com/insight/content/doi/10.1108/SCM-06-2023-0297,high,Not identifiable from abstract,Method not specified in abstract,Result not specified in abstract
Comparing the effects of non-monetary incentives and monetary incentives on prosocial behavior,2024,"Y Heller, N Munichor","Y Asulin, Y Heller, N Munichor - European Economic Review, 2024 - Elsevier",8,https://www.sciencedirect.com/science/article/pii/S0014292124000692,high,"Gneezy et al. (2000): ""A Fine is a Price""",direct replication; field experiment,"… In this paper, we replicate the field experiment conducted by Gneezy and Rustichini (2000) … To the best of our knowledge, this is the first direct "
Economic booms and recidivism,2024,"O Eren, E Owens","O Eren, E Owens - Journal of Quantitative Criminology, 2024 - Springer",8,https://link.springer.com/article/10.1007/s10940-023-09571-2,medium,"Feyrer et al. (2017): ""The Effect of Fracking on Local Economies""; Schnepel & T. (2018): ""The Impact of Labor Market Conditions on Recidivism""; Yang & M. (2017): ""Economic Opportunity and Recidivism""",Method not specified in abstract,replicates and extends original
"How does organizational slack influence firm performance? A replication and extension of Peng, Li, Xie, and Su (2010)",2024,,"DH Weng, KP Yang - Asia Pacific Journal of Management, 2024 - Springer",7,https://link.springer.com/article/10.1007/s10490-022-09842-9,high,"Peng et al. (2010): ""Organizational slack and firm performance: A study of the Chinese manu""",Method not specified in abstract,Result not specified in abstract
The volatility of survey measures of culture and its consequences,2024,G Zanella,"G Zanella, MM Bellani - Economic Inquiry, 2024 - Wiley Online Library",7,https://onlinelibrary.wiley.com/doi/abs/10.1111/ecin.13202,high,"Gorodnichenko et al. (2011): ""Culture, Institutions and the Wealth of Nations""","1 Replication data Like for Gorodnichenko and Roland (2011), we replicate the empirical … In this case the data for our replicatio","1 Replication data Like for Gorodnichenko and Roland (2011), we replicate the empirical … In this case the data for our replication come from three di"
Detecting statistically significant changes in connectedness: A bootstrap-based technique,2024,"M Greenwood-Nimmo, E Kočenda, VH Nguyen","M Greenwood-Nimmo, E Kočenda, VH Nguyen - Economic Modelling, 2024 - Elsevier",7,https://www.sciencedirect.com/science/article/pii/S0264999324002001,high,"Diebold et al. (2009): ""Measuring Financial Asset Return and Volatility Spillovers, with Appli""",Method not specified in abstract,Result not specified in abstract
Replicating the literature on prefecture-level meritocratic promotion in China,2024,,"M Wiebe - Research & Politics, 2024 - journals.sagepub.com",7,https://journals.sagepub.com/doi/abs/10.1177/20531680241229875,high,Not identifiable from abstract,Method not specified in abstract,"… What lessons should we take away from this replication exercise? Generally, my results suggest that … ), thereby improving our understanding of the "
Replication of audit and financial accounting research: We do more than we think,2024,"Y Luo, SE Salterio","Y Luo, SE Salterio, C Adamson - Accounting Horizons, 2024 - publications.aaahq.org",7,https://publications.aaahq.org/accounting-horizons/article/38/4/173/12165,high,Not identifiable from abstract,Method not specified in abstract,partial replication
EuroMod: Modelling European power markets with improved price granularity,2024,,"C Mendes, I Staffell, R Green - Energy Economics, 2024 - Elsevier",7,https://www.sciencedirect.com/science/article/pii/S0140988324000513,high,Not identifiable from abstract,Method not specified in abstract,not fully replicated; successfully replicates
Cadasters and Economic Growth: A Long-Run Cross-Country Panel,2024,"M D'Arcy, M Nistotskaya","M D'Arcy, M Nistotskaya… - Journal of Political …, 2024 - journals.uchicago.edu",6,https://www.journals.uchicago.edu/doi/full/10.1086/730551,low,"Acemoglu et al. (2001): ""The Colonial Origins of Comparative Development: An Empirical Investig""",Method not specified in abstract,Result not specified in abstract
Early-life economic conditions and old-age male mortality: evidence from historical county-level bank deposit data,2024,,"H Noghanibehambari, J Fletcher, L Schmitz… - … of population economics, 2024 - Springer",6,https://link.springer.com/article/10.1007/s00148-024-01007-w,high,"Berg et al. (2006): ""Economic conditions around birth and life expectancy""; Lindeboom et al. (2010): ""The Effect of the Dutch Famine on Health: A Longitudinal Study""; Granados et al. (2009): ""The impact of economic recession on mortality: a review of the evidenc""",Method not specified in abstract,"… In column 1, we replicate the results of the full specification of Table 4 as the benchmark comparison"
Pockets of predictability: A replication,2024,"N Cakici, C Fieberg","N Cakici, C Fieberg, T Neumaier, T Poddig… - Journal of Finance …, 2024 - papers.ssrn.com",6,https://papers.ssrn.com/sol3/papers.cfm?abstract_id=4710577,high,Not identifiable from abstract,Method not specified in abstract,Result not specified in abstract
Mandatory seatbelt laws and traffic fatalities: A reassessment,2024,,"DM Anderson, Y Liang, JJ Sabia - Journal of Applied …, 2024 - Wiley Online Library",5,https://onlinelibrary.wiley.com/doi/abs/10.1002/jae.3026,low,"Cohen et al. (2003): ""The Effects of Mandatory Seatbelt Laws on Traffic Fatalities""",Method not specified in abstract,not fully replicated; successfully replicates
Uncertain trends in economic policy uncertainty,2024,"N Buliskeria, J Baxa","N Buliskeria, J Baxa, T Šestořád - 2024 - econstor.eu",5,https://www.econstor.eu/handle/10419/286367,medium,"Baker et al. (2016): ""Measuring Economic Policy Uncertainty""",Method not specified in abstract,original effect may be overstated
The Preference Survey Module: evidence on social preferences from Tehran,2024,Z Sharafi,"M Kosfeld, Z Sharafi - Journal of the Economic Science Association, 2024 - cambridge.org",5,https://www.cambridge.org/core/journals/journal-of-the-economic-science-association/article/preference-survey-module-evidence-on-social-preferences-from-tehran/501A8EA9B1D14739DE2F6B3DE4203620,high,"Falk et al. (2022): ""Global Preference Survey: Measuring Social Preferences""",Method not specified in abstract,Result not specified in abstract
"Life insurance, loss aversion, and temporal orientation: a field experiment and replication with young adults",2024,,"SJ Blanchard, R Trudel - Marketing Letters, 2024 - Springer",5,https://link.springer.com/article/10.1007/s11002-023-09712-4,high,"Hershfield et al. (2011): ""Increasing saving behavior through age-progressed renderings of the fu""",Method not specified in abstract,"… In study 2, we replicate the main finding of our field study (study 1)"
"Works councils as gatekeepers: Codetermination, management practices, and job satisfaction",2024,"C Grund, D Sliwka","C Grund, D Sliwka, K Titz - Labour Economics, 2024 - Elsevier",5,https://www.sciencedirect.com/science/article/pii/S0927537124000587,medium,Not identifiable from abstract,Method not specified in abstract,… We replicate the analysis with Feedback interviews as a further management practice
"Entrepreneurship, management, and cognitive reflection: A preregistered replication study with extensions",2024,"FM Fossen, L Neyse","FM Fossen, L Neyse - Entrepreneurship Theory and Practice, 2024 - journals.sagepub.com",5,https://journals.sagepub.com/doi/abs/10.1177/10422587231211005,high,Not identifiable from abstract,conceptual replication,Result not specified in abstract
The Predictive Power of the Term Spread and Financial Variables for Economic Activity Across Countries,2024,,"MD Chinn, L Ferrara - 2024 - nber.org",5,https://www.nber.org/papers/w32084,low,Not identifiable from abstract,Method not specified in abstract,"… spread) as a predictor of future economic activity, defined as either … US economic activity, we nonetheless believe now is an … Turning to the fami"
Household reduction of gas consumption in the energy crisis is not explained by individual economic incentives,2024,"M Dertwinkel-Kalt, C Feldhaus, A Ockenfels","M Dertwinkel-Kalt, C Feldhaus, A Ockenfels… - Proceedings of the …, 2024 - pnas.org",5,https://www.pnas.org/doi/abs/10.1073/pnas.2411740121,medium,Not identifiable from abstract,"… Using the same data, we replicate those findings and estimate alternative models that include controls for very","… Using the same data, we replicate those findings and estimate alternative models that include controls for very"
The impact of facial attractiveness and alleged personality traits on fairness decisions in the ultimatum game: Evidence from ERPs.,2024,W Sommer,"T Li, Z Liang, Y Yuan, W Sommer, W Li - Biological Psychology, 2024 - Elsevier",5,https://www.sciencedirect.com/science/article/pii/S0301051124000681,low,Not identifiable from abstract,Method not specified in abstract,Result not specified in abstract
Online Appendix for A Comparative Assessment of Measures of Area-Level Socio-Economic Status,2024,A Chorniy,"L Franchi, PN Barreto Parra, A Chorniy… - … Law & Econ …, 2024 - papers.ssrn.com",5,https://papers.ssrn.com/sol3/papers.cfm?abstract_id=4547384,high,"Neighborhood Atlas Research Team (2020): ""Area Deprivation Index (ADI) Data""",Method not specified in abstract,Result not specified in abstract
Positive autobiographical memory recall does not influence temporal discounting: An internal meta-analysis of experimental studies,2024,"KM Lempert, S Linhares","KM Lempert, T Parthasarathi, S Linhares, N Ruh… - Journal of Economic …, 2024 - Elsevier",5,https://www.sciencedirect.com/science/article/pii/S0167487024000382,high,Not identifiable from abstract,Method not specified in abstract,unable to replicate
"Unsustainable prosperity? Decoupling wellbeing, economic growth, and greenhouse gas emissions over the past 150 years",2024,"J Infante-Amate, E Travieso, E Aguilera","J Infante-Amate, E Travieso, E Aguilera - World Development, 2024 - Elsevier",5,https://www.sciencedirect.com/science/article/pii/S0305750X24002249,low,Not identifiable from abstract,Method not specified in abstract,Result not specified in abstract
Scale and modularity in thermal governance: The replication of India's heat action plans,2024,,"A Khandekar, J Cross, A Maringanti - Urban Studies, 2024 - journals.sagepub.com",5,https://journals.sagepub.com/doi/abs/10.1177/00420980231195193,high,Not identifiable from abstract,Method not specified in abstract,Result not specified in abstract
Fairness in markets and market experiments: insights from a field‐plus‐lab study and a failed replication,2024,J Friedrichsen,"D Engelmann, J Friedrichsen… - … Journal of Economics, 2024 - Wiley Online Library",4,https://onlinelibrary.wiley.com/doi/abs/10.1111/sjoe.12565,high,Not identifiable from abstract,Method not specified in abstract,"… We conducted a first set of experiments in 2012 and a replication … Specifically, in the replication experiment, we find no … elicited fair trade pr"
Replication: Erat and Gneezy's white lies paradigm,2024,"JJ Babin, HS Chauhan","JJ Babin, HS Chauhan - Journal of Economic Psychology, 2024 - Elsevier",4,https://www.sciencedirect.com/science/article/pii/S0167487024000126,high,"Erat et al. (2012): ""White Lies""",Method not specified in abstract,Result not specified in abstract
Democracy and economic freedom,2024,"A Choutagunta, J Gutmann","A Choutagunta, J Gutmann - Handbook of Research on Economic …, 2024 - elgaronline.com",4,https://www.elgaronline.com/edcollchap/book/9781802206159/book-part-9781802206159-19.xml,high,"Haan et al. (2003): ""Does more democracy lead to greater economic freedom?""","… In this chapter, we replicate the empirical approach used by … economic freedom in a country",consistent with original
"Solar geoengineering, free-driving and conflict: an experimental investigation",2024,"TL Cherry, S Kroll, DM McEvoy","TL Cherry, S Kroll, DM McEvoy… - … and Resource Economics, 2024 - Springer",4,https://link.springer.com/article/10.1007/s10640-024-00854-1,high,"Abatayo et al. (2020): ""Solar geoengineering may lead to excessive cooling and high strategic """,Method not specified in abstract,… free-driver hypothesis: (i) we replicate Abatayo et al
Replicating the Resource Curse: A Qualitative Replication of Ross 2004,2024,,"M Becker, J Markowitz, S Orsborn… - International Studies …, 2024 - academic.oup.com",4,https://academic.oup.com/isq/article-pdf/doi/10.1093/isq/sqae125/60958840/sqae125.pdf,high,"Ross & L. (2004): ""What Do We Know About the Resource Curse?""",Method not specified in abstract,"… In Sierra Leone, we find clear evidence that local grievances regarding the loss of economic opportunity and jobs in diamond regions contributed to "
Decoupling of functional and household income distribution by economic growth: new findings from analysing the three‐way growth‐equity nexus,2024,J Lee,"J Lee, K Lee - Journal of International Development, 2024 - Wiley Online Library",4,https://onlinelibrary.wiley.com/doi/abs/10.1002/jid.3903,medium,"Lundberg et al. (2003): ""The simultaneous evolution of growth and inequality""","5, we replicate the original Lundberg and Squire two-way equation model in two different ways, which are the simultaneous equation","5, we replicate the original Lundberg and Squire two-way equation model in two different ways, which are the simultaneous equation of per capita GDP g"
Home Economics and Women's Gateway to Science,2024,,"M Andrews, Y Zhao - Available at SSRN 4708155, 2024 - papers.ssrn.com",4,https://papers.ssrn.com/sol3/papers.cfm?abstract_id=4708155,medium,Not identifiable from abstract,Method not specified in abstract,… Abstract We propose that collegiate home economics … in the share of women in home economics led to a roughly 3 percentage … We replicate the full s
The effect of conscientiousness on managerial learning from stock prices,2024,,"HJ Jeon, GG Kim, J Kim - Applied Economics, 2024 - Taylor & Francis",4,https://www.tandfonline.com/doi/abs/10.1080/00036846.2023.2277692,medium,"Fama et al. (1992): ""The Cross-Section of Expected Stock Returns""","… From the sample of large US public firms for which earnings call transcripts are available, we replicate the well-stylized inves","… From the sample of large US public firms for which earnings call transcripts are available, we replicate the well-stylized investment-to-price relat"
"Organizational culture, generational involvement and entrepreneurial orientation components: a replication study",2024,,"A Ferrari, DM Mucci, F Beck - Journal of Entrepreneurship in …, 2024 - emerald.com",4,https://www.emerald.com/insight/content/doi/10.1108/jeee-04-2022-0123/full/html,medium,Not identifiable from abstract,Method not specified in abstract,Result not specified in abstract
Expanding the remit of psychology across time and space,2024,,"M Atari, J Henrich, J Schulz - 2024 - files.osf.io",4,https://files.osf.io/v1/resources/8atwz/providers/osfstorage/665291ccd835c417bb4ce2e2?direct=&mode=render,high,Not identifiable from abstract,new/different dataset,fails to replicate
Examining Pairs Trading Profitability,2024,,"X Zhu - Yale Department of Economics, 2024 - economics.yale.edu",3,https://economics.yale.edu/sites/default/files/2024-05/Zhu_Pairs_Trading.pdf,high,"Gatev et al. (2006): ""Pairs Trading: Performance of a Relative-Value Arbitrage Rule""",Method not specified in abstract,"… In this paper, we replicate the results of pairs trading strategy initially proposed by Gatev et al"
"Is the Effect of Trust on Risk Perceptions a Matter of Knowledge, Control, and Time? An Extension and Direct-Replication Attempt of Siegrist and Cvetkovich (2000)",2024,"S Pauer, BT Rutjens, C Brick, AB Lob","S Pauer, BT Rutjens, C Brick, AB Lob… - Social …, 2024 - journals.sagepub.com",3,https://journals.sagepub.com/doi/abs/10.1177/19485506241263884,high,"Siegrist et al. (2000): ""Perception of hazards: The role of trust and knowledge""",pre-registered replication,Result not specified in abstract
"Local economic impact of small, non-research private universities: evidence from Japan",2024,"T Yanagiura, S Tateishi","T Yanagiura, S Tateishi - Economics of Education Review, 2024 - Elsevier",3,https://www.sciencedirect.com/science/article/pii/S0272775724000700,medium,Not identifiable from abstract,Method not specified in abstract,"… To calculate an unbiased estimate of the impact of the number of universities on the local economic growth, we replicate VR's region-year fixed-effe"
"Racial economic segregation across US public schools, 1991–2022",2024,,"H Jang - AERA Open, 2024 - journals.sagepub.com",3,https://journals.sagepub.com/doi/abs/10.1177/23328584241282274,medium,Not identifiable from abstract,new/different dataset,Result not specified in abstract
Gender gaps and economic growth: Why haven't women won globally (yet)?,2024,"P Agte, O Attanasio, PK Goldberg","P Agte, O Attanasio, PK Goldberg, A Lakshmi Ratan… - 2024 - elischolar.library.yale.edu",3,https://elischolar.library.yale.edu/egcenter-discussion-paper-series/1105/,medium,"Goldin & Claudia (1995): ""The U-Shaped Female Experience in the Labor Market""",survey data,We replicate these findings using census … Next > EliScholar > Economic Growth Center > Discussion Papers > 1105 Discussion Papers Gender Gaps and Eco
"Genetic Risk for Alzheimer's Disease and Related Dementias: Cognition, Economic Behavior, and Clinically Actionable Information",2024,"Y Jeong, NW Papageorge, M Skira, K Thom","Y Jeong, NW Papageorge, M Skira, K Thom - 2024 - nber.org",3,https://www.nber.org/papers/w32181,medium,Not identifiable from abstract,Method not specified in abstract,effect significance noted
The Entrepreneurial Ecosystem Clock Keeps on Ticking: Regional Persistence of High-growth Firms,2024,"J Leendertse, E Stam, F van Rijnsoever","JJ van Dijk, J Leendertse, E Stam, F van Rijnsoever - 2024 - uu.nl",3,https://www.uu.nl/sites/default/files/LEG_USE_WP_24-01.pdf,high,Coad and Srhoj (2023); Srhoj (2023),Method not specified in abstract,extends original findings
Graphical causal modelling: an application to identify and estimate cause-and-effect relationships,2024,"JW Burnett, C Blackwell","JW Burnett, C Blackwell - Applied Economics, 2024 - Taylor & Francis",3,https://www.tandfonline.com/doi/abs/10.1080/00036846.2023.2208856,high,Not identifiable from abstract,Method not specified in abstract,Result not specified in abstract
Does paid parental leave affect children's schooling outcomes? Replicating Danzer and Lavy (2018),2024,,"C Troccoli - Journal of Applied Econometrics, 2024 - Wiley Online Library",2,https://onlinelibrary.wiley.com/doi/abs/10.1002/jae.3021,high,"Danzer et al. (2018): ""The Effect of Paid Parental Leave on Children's Schooling Outcomes""",Method not specified in abstract,Result not specified in abstract
"Replicating epley and gilovich: Need for cognition, cognitive load, and forewarning do not moderate anchoring effects",2024,"L Röseler, L Koßmann","L Röseler, H Bögler, L Koßmann… - … in Economics, 2024 - ojs.jcr-econ.org",2,https://www.ojs.jcr-econ.org/index.php/jcre/article/view/30,high,"Epley et al. (2006): ""The anchoring-and-adjustment heuristic: Why the adjustments are insuff""",close replication,"… In line with recent replication efforts, we found that anchoring … We conducted a close replication of Epley and Gilovich (2006… may have increased "
Do experimental asset market results replicate? High-powered preregistered replications of 17 claims,2024,"C Huber, F Holzmeister, M Johannesson","C Huber, F Holzmeister, M Johannesson… - 2024 - econstor.eu",2,https://www.econstor.eu/handle/10419/307733,high,"Camerer et al. (2005): ""Neuroeconomics: How neuroscience can inform economics""; Smith et al. (1988): ""Bubbles, Crashes, and Endogenous Expectations in Experimental Spot Mar""; Dreber et al. (2008): ""Gender Differences in Deception""",new/different dataset; pre-registered replication,fails to replicate; not fully replicated; successfully replicates; significance noted
Explaining the decline of China's labor share: A wide replication of Oberfield and Raval (2021),2024,W Zhang,"H Yang, W Zhang - Journal of Applied Econometrics, 2024 - Wiley Online Library",2,https://onlinelibrary.wiley.com/doi/abs/10.1002/jae.3082,high,"Oberfield et al. (2021): ""Micro Data and Macro Technology: A New Look at the Aggregate Productio""",… This paper replicates key findings from Oberfield and Raval (2021) using data from China's ASIP covering the years 1998 to 2013,Result not specified in abstract
Revisiting the moral forecasting error–A preregistered replication and extension of “Are we more moral than we think?”,2024,"S Bø, H Sjåstad","S Bø, H Sjåstad - Journal of Experimental Social Psychology, 2024 - Elsevier",2,https://www.sciencedirect.com/science/article/pii/S0022103124000751,high,"Gneezy et al. (2003): ""Are we more moral than we think?""",Method not specified in abstract,Result not specified in abstract
"Comment on Cakici, Fieberg, Neumaier, Poddig, and Zaremba: Pockets of predictability: A replication",2024,"LE Farmer, L Schmidt","LE Farmer, L Schmidt… - … Predictability: A Replication …, 2024 - papers.ssrn.com",2,https://papers.ssrn.com/sol3/papers.cfm?abstract_id=4717259,high,"Cakici et al. (2021): ""Pockets of predictability""",out-of-sample test,Result not specified in abstract
Economic Development in Pixels: The Limitations of Nightlights and New Spatially Disaggregated Measures of Consumption and Poverty,2024,,"JD Huber, L Mayoral - 2024 - iae.csic.es",2,http://www.iae.csic.es/investigatorsMaterial/a24266122009sp71065.pdf,high,Not identifiable from abstract,"… the effect of institutions on economic development, both of … are used as a proxy for spatial economic well-being: nightlights …",Result not specified in abstract
The role of confidence in the gaze bias effect among economics trainee teachers—results from a digital assessment of economic content knowledge,2024,,"S Brückner, O Zlatkin-Troitschanskaia - Empirical Research in Vocational …, 2024 - Springer",2,https://link.springer.com/article/10.1186/s40461-024-00156-2,high,"Lindner et al. (2020): ""The gaze bias effect in economics education: Evidence from eye-trackin""",Method not specified in abstract,Result not specified in abstract
Social scoring systems for behavioral regulation: An experiment on the role of transparency in determining perceptions and behaviors,2024,"C Loefflad, M Chen, J Grossklags","C Loefflad, M Chen, J Grossklags - … of the AAAI/ACM Conference on AI …, 2024 - ojs.aaai.org",2,https://ojs.aaai.org/index.php/AIES/article/view/31690,low,Not identifiable from abstract,Method not specified in abstract,effect significance noted
Romanian Local Action Groups'(LAGs) Economic Impact: A Solution to a Problem or a Perpetuating Status Quo of a Gimmick?,2024,D Buda,"D Buda, A Pop - Transylvanian Review of Administrative Sciences, 2024 - rtsa.ro",2,https://rtsa.ro/tras/index.php/tras/article/view/767,high,"European Commission (2023): ""Study on the Economic Impact of Local Action Groups""",Method not specified in abstract,Result not specified in abstract
The Psychology of Poverty: A Replication Based on Zimbabwe's Harmonised Social Cash Transfer Programme,2024,"M Ibrahim, Y Chen, A Pereira","M Ibrahim, Y Chen, A Pereira, T Musa… - Journal of African …, 2024 - academic.oup.com",2,https://academic.oup.com/jae/article-abstract/33/3/225/7231197,high,Not identifiable from abstract,Method not specified in abstract,Result not specified in abstract
Carry-over effects of tourism on traditional activities,2024,,"JF Perles, M Sevilla, AB Ramón-Rodríguez… - … Economics, 2024 - journals.sagepub.com",2,https://journals.sagepub.com/doi/abs/10.1177/13548166231203148,low,Not identifiable from abstract,Method not specified in abstract,Result not specified in abstract
Learning to be overprecise,2024,"C Merkle, P Schreiber","C Merkle, P Schreiber - Journal of Business Economics, 2024 - Springer",1,https://link.springer.com/article/10.1007/s11573-024-01203-w,high,"Deaves et al. (2010): ""The Overconfidence of Financial Analysts""; Boutros et al. (2020): ""The Bayesian Learning Model of Overconfidence""","… In this paper, we replicate and extend two papers that test … In a first step, we replicate the results by DLS using their … , t",replicates and extends original
Limited and Mixed Evidence for System-Sanctioned Change to Protect the Environment: A Replication Study,2024,,"I Kim, SK Stanley, KM Jylhä… - International Review of …, 2024 - rips-irsp.com",1,https://rips-irsp.com/articles/10.5334/irsp.871?_rsc=jatly,medium,"Feygina et al. (2010): ""System Justification and the Attitude-Behavior Gap in Environmentalism""",pre-registered replication; close replication,mixed results; directional effect found
"Historical Communist Party Strength and Modern Party Loyalty. A Replication Study of Barceló (PNAS, 2021)",2024,"EJ Malesky, TA Nguyen","EJ Malesky, TA Nguyen - … of Comments and Replications in Economics …, 2024 - econstor.eu",1,https://www.econstor.eu/handle/10419/299994,high,"Barceló & Juan (2021): ""Does exposure to violence create more politically engaged citizens?""","… Using the code provided in the replication package, we were unable to replicate Barceló (2023, 2)'s F-statistics in Columns 1-3 ",unable to replicate
"Trends in US Wage Inequality: Revising the Revisionists. A Replication Study of Autor, Katz, and Kearney (The Review of Economics and Statistics, 2008)",2024,,"C Stephenson - Journal of Comments and Replications in Economics …, 2024 - econstor.eu",1,https://www.econstor.eu/handle/10419/299993,high,"Autor et al. (2008): ""The Polarization of the U.S. Labor Market""",All cleaning codes that replicate … DVN/U5H1J3 5The focus of this replication is on the construction of … EconStor ZBW – Leibniz-I,not fully replicated; successfully replicates
"Does Proactive Policing Really Increase Major Crime? A Replication Study of Sullivan and O'Keeffe (Nature Human Behaviour, 2017)",2024,"A Chalfin, D Mitre-Becerril","A Chalfin, D Mitre-Becerril, MC Williams - … Replications in Economics …, 2024 - econstor.eu",1,https://www.econstor.eu/handle/10419/302916,high,"Sullivan et al. (2017): ""The Effect of Proactive Policing on Major Crime""",Method not specified in abstract,effect significance noted
"Profit motives, environmental motives, and perceived corporate greenwashing revisited: A replication and extension of De Vries et al.(2015)",2024,,"E Løhre, M Høstaker… - Social Psychological …, 2024 - spb.psychopen.eu",1,https://spb.psychopen.eu/index.php/spb/article/view/12875,high,"Vries et al. (2015): ""The influence of corporate social responsibility on consumer behavior:""",pre-registered replication; close replication,original effect may be overstated
Re-examining the effect of wage delegation: a replication study of Charness et al.(2012),2024,P Schreck,"H Niehoff, P Schreck - Journal of Business Economics, 2024 - Springer",1,https://link.springer.com/article/10.1007/s11573-024-01214-7,high,"Charness et al. (2012): ""The Hidden Advantage of Delegation: Pareto Improvements in a Gift Exch""",Method not specified in abstract,Result not specified in abstract
"Reproduction of"" Teaching Norms: Direct Evidence of Parental Transmission""",2024,V Kadriu,"M Brun, M De Vera, V Kadriu, F Mierisch - 2024 - econstor.eu",1,https://www.econstor.eu/handle/10419/286490,high,"Brouwer et al. (2023): ""Teaching Norms: Direct Evidence of Parental Transmission""",uses original data/code; field experiment,Result not specified in abstract
More on the influence of gender equality on gender differences in economic preferences,2024,A Formozov,"S Cerioli, A Formozov - Jahrbücher für Nationalökonomie und …, 2024 - degruyter.com",1,https://www.degruyter.com/document/doi/10.1515/jbnst-2022-0072/html,high,"Falk et al. (2018): ""Relationship of Gender Differences in Preferences to Economic Developm""",Method not specified in abstract,Result not specified in abstract
The Long-Term Effects of Measles Vaccination on Earnings and Employment: Comment,2024,,M Wiebe - 2024 - econstor.eu,1,https://www.econstor.eu/handle/10419/305225,medium,"Atwood & J. (2022): ""The Long-Term Effects of Measles Vaccination on Earnings and Employmen""",new/different dataset; extends original sample/period; difference-in-differences,directional effect found
Measuring social norm variation across contexts: Replication and comparison to alternative methods,2024,"D Huffman, SW Wang","D Huffman, G Kohno, P Madies, S Vogrinec, SW Wang… - 2024 - sites.pitt.edu",1,https://sites.pitt.edu/~swwang/papers/Eliciting_Social_Norms.pdf,high,Not identifiable from abstract,online survey/experiment,We replicate KW's main finding of a qualitative difference in norms between the dictator game and a re-framed version that involves potentially taking
Don't Ruin the Surprise: Temporal Aggregation Bias in Structural Innovations,2024,,S Snudden - 2024 - aeaweb.org,1,https://www.aeaweb.org/conference/2025/program/paper/yrEQfn8a,high,Not identifiable from abstract,Method not specified in abstract,Result not specified in abstract
Representativeness heuristic in intuitive predictions: Replication Registered Report of problems reviewed in Kahneman and Tversky (1973),2024,G Feldman,"HCB Chan, G Feldman - 2024 - researchgate.net",1,https://www.researchgate.net/profile/Gilad-Feldman/publication/378141887_Representativeness_heuristic_in_intuitive_predictions_Replication_Registered_Report_of_problems_reviewed_in_Kahneman_and_Tversky_1973_Stage_1/links/663f644335243041539aab7d/Representativeness-heuristic-in-intuitive-predictions-Replication-Registered-Report-of-problems-reviewed-in-Kahneman-and-Tversky-1973-Stage-1.pdf,high,"Kahneman et al. (1973): ""On the psychology of prediction""",Method not specified in abstract,Result not specified in abstract
"Response to"" Do Radical-Right Parties Use Descriptive Representation Strategically? A Replication of Weeks et al.(2023)""",2024,,"AC Weeks, BM Meguid, MC Kittilson, H Coffé - 2024 - econstor.eu",1,https://www.econstor.eu/handle/10419/302284,high,"Weeks et al. (2023): ""Do Radical-Right Parties Use Descriptive Representation Strategically?""",robustness check,not fully replicated; successfully replicates
"Fraudulent Research Practices in Accounting: A Replication and Extension of Bailey, Hasselback, and Karcher (2001)",2024,CD Bailey,"CD Bailey - Research on Professional Responsibility and Ethics in …, 2024 - emerald.com",1,https://www.emerald.com/insight/content/doi/10.1108/S1574-076520240000026005,high,"Bailey et al. (2001): ""Fraudulent Research Practices in Accounting""",Method not specified in abstract,Result not specified in abstract
A long-term analysis of research unbundling: implications for research provision and market quality,2024,"M Bender, T Cestonaro, B Clapham","M Bender, T Cestonaro, B Clapham… - … of Business Economics, 2024 - Springer",1,https://link.springer.com/article/10.1007/s11573-024-01205-8,high,"Fang et al. (2020): ""The effects of MiFID II on sell-side analysts, buy-side analysts, and ""; Guo et al. (2021): ""Research unbundling and its effects on analyst coverage and market liq""; Lang et al. (2024): ""The impact of MiFID II on analyst behavior and market outcomes""",Method not specified in abstract,Result not specified in abstract
Robust design heuristics for product costing systems: a replication and extension using an ABC cost hierarchy,2024,M Schmidt,"M Meyer, M Schmidt - Journal of Business Economics, 2024 - Springer",1,https://link.springer.com/article/10.1007/s11573-024-01210-x,high,"Balakrishnan et al. (2011): ""Costing system design heuristics and their impact on the accuracy of r""",close replication,not fully replicated; successfully replicates
Understanding cultural persistence and change: A replication of Giuliano and Nunn (2021),2024,"S Bertoli, J Loper","S Bertoli, M Clerc, J Loper… - Economic Inquiry, 2024 - Wiley Online Library",1,https://onlinelibrary.wiley.com/doi/abs/10.1111/ecin.13242,high,"Giuliano et al. (2021): ""The Transmission of Culture: A Model and Evidence from the African Sla""",Method not specified in abstract,Result not specified in abstract
Replication: The money illusion effect in a Brazilian sample and meta-analyses,2024,R Bastos,"M de Moraes Ferreira, MYT Santiago, R Bastos… - Journal of Economic …, 2024 - Elsevier",1,https://www.sciencedirect.com/science/article/pii/S0167487024000527,high,"Shafir et al. (1999): ""A Behavioral Model of Rational Choice""",… This study aims to replicate the four conditions outlined in the original research by Shafir … This assertion is substantiated b,Result not specified in abstract
Examining relative thinking in mixed compensation schemes: A replication study,2024,"OH Azar, A Voslinsky","OH Azar, A Voslinsky - Journal of Economic Behavior & Organization, 2024 - Elsevier",1,https://www.sciencedirect.com/science/article/pii/S0167268124000015,high,Not identifiable from abstract,Method not specified in abstract,"… We replicate the main features of this study, but now do find evidence for relative thinking"
"Replicating"" Run-off elections in the laboratory""",2024,"CI Hausladen, SH Hu, JM Levin","CI Hausladen, SH Hu, JM Levin - 2024 - econstor.eu",1,https://www.econstor.eu/handle/10419/281134,high,"Bouton et al. (2022): ""Run-off elections in the laboratory""",Method not specified in abstract,Result not specified in abstract
Share Buybacks and Earnings Management: Replication and Extension,2024,"PA Griffin, DH Lont","PA Griffin, DH Lont - 2024 - business.columbia.edu",1,https://business.columbia.edu/sites/default/files-efs/imce-uploads/ADP/Spring%202024/Griffin%20Lont%202024.pdf,high,"Griffin et al. (2021): ""Street Earnings Surprises: Evidence from Share Buybacks""",more recent data,results hold/are robust
Benefitting from Bitcoin Beliefs: can Twitter Sentiment obtained using kmeans clustering predict Bitcoin Returns?,2024,,"J Frasa - Erasmus School of Economics Rotterdam 1, 2024 - thesis.eur.nl",1,https://thesis.eur.nl/pub/73761/Bachelor-Thesis-Jeroen-Frasa.pdf,high,Spangler (2003),We find different results because not enough details are provided to exactly replicate the data preprocessing,same results
The boulevard of broken dreams? Long-run effects of labor-managed socialism.,2024,"R Spruk, N Garoupa","R Spruk, M Kovac, N Garoupa - … of Comparative Economics, 2024 - search.ebscohost.com",1,https://search.ebscohost.com/login.aspx?direct=true&profile=ehost&scope=site&authtype=crawler&jrnl=18242979&AN=184729412&h=cvyrDdbVTbh0fN1sb9u8vDTRnV4kRM%2F0BJ0aEHubZM6yhWY814ik0CbAEe7XVaHBoQ7uvzZhy65%2FR9RYl2m2gA%3D%3D&crl=c,medium,Not identifiable from abstract,Method not specified in abstract,"… Therefore, we replicate the economic growth effect of missing liberalization across both experiments, excluding the most influential control units, "
"Double/Debiased Machine Learning for Economists: Practical Guidelines, Best Practices, and Common Pitfalls",2024,"M Feyzollahi, N Rafizadeh","M Feyzollahi, N Rafizadeh - Best Practices, and Common Pitfalls …, 2024 - papers.ssrn.com",1,https://papers.ssrn.com/sol3/papers.cfm?abstract_id=4703243,high,"Card & David (1995): ""The Effect of Unions on Wage Inequality in the United States""",Method not specified in abstract,Result not specified in abstract
Modifiable prognostic factors of high societal costs among people on sick leave due to musculoskeletal disorders: a replication study,2024,,"RM Killingmo, T Rysstad, E Maas, AH Pripp… - BMC musculoskeletal …, 2024 - Springer",1,https://link.springer.com/article/10.1186/s12891-024-08132-3,high,Not identifiable from abstract,Method not specified in abstract,not fully replicated; successfully replicates
Firm actions and Media tenor after a data breach: A quasi replication and extension of Zavyalova et al.'s (2012) product harm study,2024,"J Yan, X Wang, TP Munyon","J Yan, X Wang, TP Munyon… - Journal of …, 2024 - journals.sagepub.com",1,https://journals.sagepub.com/doi/abs/10.1177/27550311231225957,high,"Zavyalova et al. (2012): ""Managing the Message: The Effects of Firm Actions and Media Responses """,new/different dataset,Result not specified in abstract
A New Trade Openness Rate,2024,,G Peña - 2024 - iedis.unizar.es,1,https://iedis.unizar.es/sites/iedis/files/archivos/PDF/CONGRESO%20IEDIS/III%20CONGRESO%20IEDIS/3_Pe%C3%B1aL5.pdf,low,Not identifiable from abstract,new/different dataset; panel data; instrumental variables,… obtained by the authors we replicate
Replication Data for:(When) Do Parties Affect Economic Inequality? A Systematic Analysis of 30 Years of Research,2024,"M Haselmayer, A Horn","M Haselmayer, A Horn - 2024 - kops.uni-konstanz.de",1,https://kops.uni-konstanz.de/entities/dataset/dac85096-4ad2-47de-80b6-8bc67739b403,high,Not identifiable from abstract,Method not specified in abstract,Result not specified in abstract
Influence of digital product convergence on the disruptive susceptibility of value networks and the disruptive potential: a replication case study of the German digital …,2024,"G Ahuja, S Hüsig","E Fritsch, G Ahuja, S Hüsig - International Journal of …, 2024 - inderscienceonline.com",1,https://www.inderscienceonline.com/doi/abs/10.1504/IJTM.2024.135711,high,Klenner et al. (2013),… firms and the economic exploitation of DIs … replicated in this paper in another ex-post case study which is closer to the origi,Result not specified in abstract
On the economics of extinction and possible mass extinctions,2024,"MS Taylor, R Weder","MS Taylor, R Weder - Journal of Economic Perspectives, 2024 - aeaweb.org",1,https://www.aeaweb.org/articles?id=10.1257%2Fjep.38.3.237,low,Not identifiable from abstract,"… We replicated their methods and constructed two of our own indices for sharks: one based on raw population data, and one replica",Result not specified in abstract
A replication attempt of personality change through randomized peer groups,2024,,"MD Krämer, A Kretzschmar… - European Journal …, 2024 - journals.sagepub.com",1,https://journals.sagepub.com/doi/abs/10.1177/08902070251331355,high,Not identifiable from abstract,Method not specified in abstract,Result not specified in abstract
EE247 Fully Replicating Published Markov Health Economic Models Using Generative AI,2024,"J Chhatwal, S Samur","J Chhatwal, S Samur, IF Yildirim… - Value in …, 2024 - valueinhealthjournal.com",1,https://www.valueinhealthjournal.com/article/S1098-3015(24)03392-8/abstract,low,Not identifiable from abstract,Methods: We replicated …,Result not specified in abstract
A tutorial on aggregating evidence from conceptual replication studies using the product Bayes factor,2024,,"CJ Van Lissa, EB Clapper… - Research Synthesis …, 2024 - Wiley Online Library",1,https://onlinelibrary.wiley.com/doi/abs/10.1002/jrsm.1765,high,Not identifiable from abstract,Method not specified in abstract,Result not specified in abstract
Terrorism and land use in agriculture: A response to a replication attempt and additional insights on replication guidelines,2024,"A Adelaja, J George","A Adelaja, J George - Land Use Policy, 2024 - Elsevier",1,https://www.sciencedirect.com/science/article/pii/S0264837723005136,high,Not identifiable from abstract,Method not specified in abstract,Result not specified in abstract
Penalized Bayesian Approach-Based Variable Selection for Economic Forecasting,2024,A Pacifico,"A Pacifico, D Pilone - Journal of Risk and Financial Management, 2024 - mdpi.com",1,https://www.mdpi.com/1911-8074/17/2/84,low,Not identifiable from abstract,Method not specified in abstract,Result not specified in abstract
"Assessing Robustness to Varying Clustering Methods and Samples in Ambuehl, Bernheim, and Lusardi (2022): Replication and Sensitivity Analysis",2024,,"CD Dao, G Fenig, G Sator, JY Yoon - 2024 - econstor.eu",0,https://www.econstor.eu/handle/10419/289580,high,"Ambuehl et al. (2022): ""Evaluating Interventions Designed to Enhance Decision-Making Quality""",sensitivity analysis,not fully replicated; successfully replicates; effect significance noted
"Replication of Hamel & Wilcox-Archuleta (2022):"" Black Workers in White Places: Daytime Racial Diversity and White Public Opinion""",2024,"J Gretton, E Schlüter","J Gretton, T Roemer, E Schlüter - 2024 - econstor.eu",0,https://www.econstor.eu/handle/10419/284350,high,"Hamel et al. (2022): ""Black Workers in White Places: Daytime Racial Diversity and White Publ""",survey data,Result not specified in abstract
"A Replication of Macchi (2023):"" Worth Your Weight: Experimental Evidence on the Benefits of Obesity in Low-Income Countries""",2024,A Gosselin-Pali,"M Clerc, A Gosselin-Pali, E Wendling - I4R Discussion Paper Series, 2024 - shs.hal.science",0,https://shs.hal.science/halshs-04840748/,high,"Macchi & Elisa (2023): ""Worth Your Weight: Experimental Evidence on the Benefits of Obesity in""",Method not specified in abstract,Result not specified in abstract
"Voting Patterns, Mortality, and Health Inequalities in England: A replication and extension of Smith and Dorling (1996)",2024,"C Rahal, MC Mills, PM Clarke","C Rahal, J Knight, V L'Esperance, MC Mills, PM Clarke - medRxiv, 2024 - medrxiv.org",0,https://www.medrxiv.org/content/10.1101/2024.06.26.24309517.abstract,high,"Smith et al. (1996): ""Mortality and deprivation: a study of the relationship between mortali""",Method not specified in abstract,Result not specified in abstract
"Revisiting the Breadwinner Norm: Replicating Bertrand, Kamenica, and Pan (2015)",2024,,R Sarah - 2024 - ideas.repec.org,0,https://ideas.repec.org/p/hhs/lunewp/2024_010.html,high,"Bertrand et al. (2015): ""Gender Identity and Relative Income within Households""","… Their results replicate in a narrow sense, even when samples from the same data … replication, I test whether the results are ro",directional effect found; results hold/are robust
"Carbon Taxes and CO2 Emissions: A Replication of Andersson (American Economic Journal: Economic Policy, 2019)",2024,,"Y Yu - Economics, 2024 - degruyter.com",0,https://www.degruyter.com/document/doi/10.1515/econ-2022-0109/html,high,"Andersson & Henrik (2019): ""Carbon taxes and CO2 emissions: Sweden as a case study""",Method not specified in abstract,Result not specified in abstract
Eliciting risk preferences in an artefactual field experiment via replication and an alternative approach,2024,,"J Jozwik - Journal of the Economic Science Association, 2024 - cambridge.org",0,https://www.cambridge.org/core/journals/journal-of-the-economic-science-association/article/eliciting-risk-preferences-in-an-artefactual-field-experiment-via-replication-and-an-alternative-approach/DAF3E26FDF14EBDFBF94047270625966,medium,"Binswanger & P. (1980): ""Attitudes Toward Risk: Experimental Measurement in Rural India""",Method not specified in abstract,Result not specified in abstract
"Not All Oil Price Shocks Are Alike. A Replication of Kilian (American Economic Review, 2009)",2024,"R Ryan, N Michieka","R Ryan, N Michieka - arXiv preprint arXiv:2409.00769, 2024 - arxiv.org",0,https://arxiv.org/abs/2409.00769,high,"Kilian & Lutz (2009): ""Not All Oil Price Shocks Are Alike: Disentangling Demand and Supply Sh""",pub ( What is GotitPub? ) Huggingface Toggle Hugging Face ( What is Huggingface? ) Links to Code Toggle Papers with Code ( What is,Result not specified in abstract
"Why don't firms hire young workers during recessions? A replication of Forsythe (The Economic Journal, 2022)",2024,J Créchet,"J Créchet, J Cui, B Sabada, A Sawyer - 2024 - econstor.eu",0,https://www.econstor.eu/bitstream/10419/303195/1/I4R-DP163.pdf,high,"Forsythe & E. (2022): ""Why don't firms hire young workers during recessions?""",Abstract We replicate results of Forsythe (2022) studying the cyclicality of individuals' labor … We replicate the main results in,Abstract We replicate results of Forsythe (2022) studying the cyclicality of individuals' labor … We replicate the main results in this paper by recon
"A Replication of"" The Macroeconomic Impact of Europe's Carbon Taxes"" by Metcalf and Stock (2023)",2024,G Nikolaishvili,"T Ash, G Nikolaishvili - 2024 - econstor.eu",0,https://www.econstor.eu/handle/10419/303905,high,"Metcalf et al. (2023): ""The Macroeconomic Impact of Europe's Carbon Taxes""",Method not specified in abstract,directional effect found
"Replicating Schwardmann, Tripodi and van der Weele (AER 2022)",2024,"R Brunetti, Y Kpegli, S Sarangi","R Brunetti, A Cameron, Y Kpegli, J Krutaj, S Sarangi - 2024 - econstor.eu",0,https://www.econstor.eu/handle/10419/295248,high,"Schwardmann et al. (2022): ""Self-Persuasion in Debates""",Method not specified in abstract,not fully replicated; successfully replicates; results hold/are robust
"Need for Cognition, Cognitive Load, and Forewarning do not Moderate Anchoring Effects. A Replication Study of Epley & Gilovich (Journal of Behavioral Decision …",2024,"L Röseler, L Koßmann","L Röseler, HL Bögler, L Koßmann… - … in Economics (JCRE), 2024 - econstor.eu",0,https://www.econstor.eu/handle/10419/304381,high,"Epley et al. (2006): ""The anchoring-and-adjustment heuristic: Why the adjustments are insuff""; Epley et al. (2005): ""Anchoring and adjustment in judgment: The role of the anchor""",close replication,"… In line with recent replication efforts, we found that anchoring … We conducted a close replication of Epley and Gilovich (2006… may have increased "
"Revisiting the breadwinner norm: Replicating Bertrand, Kamenica, and Pan (2015)",2024,,S Rosenberg - 2024 - econstor.eu,0,https://www.econstor.eu/handle/10419/306774,high,"Bertrand et al. (2015): ""Gender Identity and Relative Income within Households""","… Their results replicate in a narrow sense, even when samples from the same data … replication, I test whether the results are ro",directional effect found; results hold/are robust
"Market Access and Quality Upgrading: Evidence from Four Field Experiments. A Replication Study of Bold et al.(American Economic Review, 2022)",2024,"R McWay, K Nchare, P Sun","R McWay, K Nchare, P Sun - … Comments and Replications in Economics …, 2024 - econstor.eu",0,https://www.econstor.eu/handle/10419/295068,high,"Bold et al. (2022): ""Market Access and Quality Upgrading: Evidence from Four Field Experime""",field experiment; difference-in-differences,Our results show that the findings in Bold et al
"Replication of a study from “Loss Aversion, the Endowment Effect, and Gain-Loss Framing Shape Preferences for Noninstrumental Information”(PNAS| Litovsky et al …",2024,,"K King, CD Harris - 2024 - osf.io",0,https://osf.io/efa73_v1/,high,"Litovsky et al. (2020): ""Loss Aversion, the Endowment Effect, and Gain-Loss Framing Shape Prefe""",The original study … This finding was replicated in our study,Result not specified in abstract
Do Subway Openings Reduce Air Pollution? A Replication Exercise,2024,,M Wiebe - 2024 - econstor.eu,0,https://www.econstor.eu/handle/10419/295250,high,"Gendron-Carrier et al. (2022): ""The Effect of Subway Openings on Urban Air Pollution""",robustness check,mixed results; directional effect found
Replication of,2024,,"KB Hyndman, A Bisin - … : Self-Control by Precommitment""(May 27 …, 2024 - papers.ssrn.com",0,https://papers.ssrn.com/sol3/papers.cfm?abstract_id=4844080,high,Not identifiable from abstract,"In particular, in the replication, changes … Beyond failing to replicate the original finding, we also document that several patte",Result not specified in abstract
"Replication guide for 'Corporate debt booms, financial constraints, and the investment nexus'",2024,,B Albuquerque - journaldata.zbw.eu,0,https://journaldata.zbw.eu/dataset/49e36281-2117-43c1-8e8a-6ab865918d73/resource/5bc60f7d-e433-44f5-bd7d-95a880f30d73/download/readme_a.pdf,high,Not identifiable from abstract,Method not specified in abstract,Result not specified in abstract
A Comment on identity effects in social media-Taylor et al.(2023),2024,,"T Chand, M Weiß, J Gutzeit - I4R Discussion Paper Series No. 172, 2024 - pure.jgu.edu.in",0,https://pure.jgu.edu.in/id/eprint/8649/,high,"Taylor et al. (2023): ""The impact of identity cues on online behavior: A large-scale field ex""",Method not specified in abstract,Result not specified in abstract
Childhood poverty and its impact on financial decision making under threat: A preregistered replication of Griskevicius et al.(2011b).,2024,,"JJ Gladstone, M Lehman, M Decker - Journal of Experimental …, 2024 - psycnet.apa.org",0,https://psycnet.apa.org/record/2025-54388-001,high,"Griskevicius et al. (2011): ""The influence of childhood poverty on adult financial decision making""",Method not specified in abstract,Result not specified in abstract
"Do Producer Prices Lead Consumer Prices? A Replication, and Extension Under Data Revisions.",2024,CJM Williams,"CJM Williams - New York Economic Review, 2024 - nyseconomicsassociation.org",0,https://www.nyseconomicsassociation.org/wp-content/uploads/2024/10/NYER_F24_Final.pdf#page=21,high,"Clark & T. (1995): ""The Producer Price Index and the Consumer Price Index: A Comparison""","Finally, we replicate the methodology of Clark (1995) and compare our results to Clark … NEW YORK ECONOMIC REVIEW NYSEA JOURNAL Of","Finally, we replicate the methodology of Clark (1995) and compare our results to Clark … NEW YORK ECONOMIC REVIEW NYSEA JOURNAL Of thE NEW YORK StAtE "
"Migration, Diversity, and Economic Growth. A Replication Study of Bove and Elia (World Development, 2017)",2024,,"B Balsimelli Ghelli, L Ventura - … and Replications in Economics (JCRE), 2024 - econstor.eu",0,https://www.econstor.eu/handle/10419/295069,high,"Bove et al. (2017): ""Migration, Diversity, and Economic Growth""; Alesina et al. (2016): ""Birthplace Diversity and Economic Prosperity""",Method not specified in abstract,directional effect found; effect significance noted
Contested Killings Replication: A Comment on Morris and Shoub (2023),2024,"J Ferrer, G Straus","J Courbe, J Ferrer, G Straus - 2024 - econstor.eu",0,https://www.econstor.eu/handle/10419/296194,high,"Morris et al. (2024): ""Fatal Police Shootings and Voter Participation: Evidence from a Discon""","We encounter difficulties when attempting to reproduce the analysis, but are able to replicate the main results using similar data",significance noted; effect significance noted
"Replication Study of"" Coase and cap-and-trade""(Zaklan 2023)",2024,"A Coiffard, A Sauquet, J Subervie","A Coiffard, R Deperrois, A Sauquet, J Subervie - 2024 - econstor.eu",0,https://www.econstor.eu/handle/10419/289781,high,"Zaklan & A. (2023): ""Coase and cap-and-trade""",robustness check,finding does not generalize
A Replication of Anchored Inflation Expectations,2024,"G Guljanov, A Kharazi","B Blagov, G Guljanov, A Kharazi - 2024 - econstor.eu",0,https://www.econstor.eu/handle/10419/305222,high,"Carvalho et al. (2023): ""Anchored Inflation Expectations""",new/different dataset; survey data,Result not specified in abstract
"Replication of changing hearts and minds? Why media messages designed to foster empathy often fail (Gubler et al., 2022)",2024,"J Prochazka, O Castek","J Prochazka, S Pandey, O Castek… - 2024 - econstor.eu",0,https://www.econstor.eu/handle/10419/286872,high,"Gubler et al. (2022): ""Changing hearts and minds? Why media messages designed to foster empat""",online survey/experiment,opposite direction; original coding error found; directional effect found
"Replication of"" Solar Eclipses and the Origins of Critical Thinking and Complexity""",2024,"M Connolly, A Munteanu","M Connolly, O Djamaldiev, A Munteanu - 2024 - econstor.eu",0,https://www.econstor.eu/handle/10419/302897,high,"Connolly et al. (2024): ""Solar Eclipses and the Origins of Critical Thinking and Complexity""",robustness check,Result not specified in abstract
Replication Report: Did Unconventional Interventions Unfreeze the Credit Market?,2024,,"M Coppo, S Luo, F Vazquez - 2024 - econstor.eu",0,https://www.econstor.eu/handle/10419/307158,high,"Tong et al. (2020): ""The Impact of Unconventional Monetary Policy on Credit Markets: Eviden""",We replicated the reported findings using the data and programs provided by the authors,results do not hold; directional effect found
Beyond truth-telling: A replication study on school choice,2024,"T Andersson, S Reese","T Andersson, D Kessel, N Lager, E Olme, S Reese - Working Papers, 2024 - lup.lub.lu.se",0,https://lup.lub.lu.se/record/4255eb22-b3cd-4bbe-ba91-8c8a4512f78e,high,"Fack et al. (2019): ""School Choice and the Role of Preferences: Evidence from the Paris Sch""",This paper uses Swedish school choice data and replicates their empirical finding in 52 of the 58 investigated data sets (P-value ,Result not specified in abstract
Replication Study of Cook et al (2023): The Evolution of Access to Public Accomodations in the United States,2024,LP Beland,"T Zahra, LP Beland - 2024 - econstor.eu",0,https://www.econstor.eu/handle/10419/301429,high,"Cook & al. (2023): ""The Evolution of Access to Public Accommodations in the United States""",difference-in-differences; instrumental variables,Result not specified in abstract
Historical Communist Party Strength and Modern Party Loyalty: A Response to Joan Barcélo's``The Long-Term Effects of War Exposure on Civic Engagement,2024,,"E Malesky, TA Nguyen - … Comments and Replications in Economics, 2024 - ojs.jcr-econ.org",0,https://www.ojs.jcr-econ.org/index.php/jcre/article/view/29,high,"Barcélo & Joan (2023): ""The Long-Term Effects of War Exposure on Civic Engagement""","… Using the code provided in the replication package, we were unable to replicate Barceló (2023, 2)'s F-statistics in Columns 1-3 ",unable to replicate
Inequality and Immigration Do Not Necessarily Increase Welfare Chauvinism–A Replication of Two Influential Studies,2024,,"J Geith, A Passer-Jähnel, S Rueß, L Rudolph - 2024 - files.de-1.osf.io",0,https://files.de-1.osf.io/v1/resources/nt8c4/providers/osfstorage/659ea22d1ff8790608ab16be?format=pdf&action=download&direct&version=1,high,Not identifiable from abstract,survey data,… We replicate the survey-experimental study designs of two recent influential priming experiments investigating the causal chain between economic ine
Replication package for'Entry Barriers and Growth: The Role of Endogenous Market Structure',2024,,"H Jiang, Y Zheng, L Zhu - 2024 - qmro.qmul.ac.uk",0,https://qmro.qmul.ac.uk/xmlui/handle/123456789/94013,high,Not identifiable from abstract,Method not specified in abstract,Result not specified in abstract
Debt aversion experiment: A replication with sophisticated participants,2024,N Hanaki,"K Yakushiji, J Duan, N Hanaki - 2024 - econstor.eu",0,https://www.econstor.eu/handle/10419/311684,high,"Martínez-Marquina et al. (2024): ""Debt aversion experiment""",Method not specified in abstract,Result not specified in abstract
The Impact of Demographic Factors on Financial Risk Tolerance: a replication study,2024,,"H Doan, S Yeasmin - 2024 - diva-portal.org",0,https://www.diva-portal.org/smash/record.jsf?pid=diva2:1891472,medium,"Larkin et al. (2013): ""The influence of demographic factors on financial risk tolerance""; Grable et al. (1999): ""Financial risk tolerance revisited: The development of a risk assessme""",different context/setting,effect significance noted
Replicating The Log of Gravity,2024,,"MV SepÃšlveda - arXiv preprint arXiv:2409.09066, 2024 - arxiv.org",0,https://arxiv.org/abs/2409.09066,high,"Silva et al. (2006): ""The Log of Gravity""",pub ( What is GotitPub? ) Huggingface Toggle Hugging Face ( What is Huggingface? ) Links to Code Toggle Papers with Code ( What is,Result not specified in abstract
Replication files for: Who should pay for higher education?,2024,"NL Schönhage, MR Busemeyer, G Schwerdt","NL Schönhage, MR Busemeyer, G Schwerdt - 2024 - kops.uni-konstanz.de",0,https://kops.uni-konstanz.de/entities/dataset/6ea4fbde-728e-4dd7-a987-d507ebb19203,high,"Busemeyer et al. (2025): ""Who supports tuition fees? : how information provision and policy desi""",survey data,effect significance noted
"Replication Code for"" Should We Expect Merger Synergies To Be Passed Through to Consumers?""",2024,"A Sweeting, X Tao","A Sweeting, M Lecesse, X Tao - 2024 - drum.lib.umd.edu",0,https://drum.lib.umd.edu/items/1dfefeec-6c3c-445f-bd64-74f8953029ce,high,"Leccese et al. (2024): ""Should We Expect Merger Synergies To Be Passed Through to Consumers?""",Method not specified in abstract,Result not specified in abstract
"Replication materials for"" Cooperation in Public Goods Experiments with Random and Finite Stopping Rules""",2024,RL Hicks,"LR Anderson, RL Hicks, AL Turscak III - 2024 - scholarworks.wm.edu",0,https://scholarworks.wm.edu/economics_facwork/1/,high,"Anderson & Last (fort): ""Cooperation in Public Goods Experiments with Random and Finite Stoppin""",Method not specified in abstract,Result not specified in abstract
"… experiencing war on life satisfaction using the Life in Transition Survey. We show that the conflicting conclusions of 5 published studies can be replicated, but also that …",2024,"T Coupé, A Menclova","J Landers, T Coupé, A Menclova - 2024 - ideas.repec.org",0,https://ideas.repec.org/p/cbt/econwp/24-12.html,high,Not identifiable from abstract,Method not specified in abstract,sensitive to specification
Stereotypes-Replication experiment,2024,,"M Hilweg, A Aman - 2024 - osf.io",0,https://osf.io/zkc2q/resources,medium,Not identifiable from abstract,online survey/experiment,"… In this online experiment, we replicate 4 tasks with an adult, western sample that have already been used in the gender competition gap literature p"
Bank Equity as a Predictor of Economic Growth: Evidence from Vietnam,2024,,"PQ Tien - Recent Trends in Vietnam's Rapid Economic …, 2024 - Springer",0,https://link.springer.com/chapter/10.1007/978-981-97-6079-4_7,high,"Baron et al. (2021): ""Banking crises without panics""",Method not specified in abstract,Result not specified in abstract
"Replication package for:"" Returns to Labor Mobility""",2024,,"I Baley, L Ljungqvist, TJ Sargent - 2024 - research.hhs.se",0,https://research.hhs.se/esploro/outputs/dataset/Replication-package-for-Returns-to-Labor/991001591795406056,high,Not identifiable from abstract,Method not specified in abstract,Result not specified in abstract
The Colors of Aliens: A Replication Study on Environmental Practices of Foreign-Owned Establishments,2024,,"N Lee, F Hittmair - Academy of Management Proceedings, 2024 - journals.aom.org",0,https://journals.aom.org/doi/abs/10.5465/AMPROC.2024.19578abstract,high,Not identifiable from abstract,"… Given the development of globalization since the original time frame of the study (1992-1996), we replicate their paper and exam","… Given the development of globalization since the original time frame of the study (1992-1996), we replicate their paper and examine foreign-owned es"
Replication: Can Technology Solve the Principal-Agent Problem? Evidence from China's War on Air Pollution,2024,"C Garnache, G Gibney","C Garnache, A Ghosh, G Gibney - 2024 - econstor.eu",0,https://www.econstor.eu/handle/10419/289782,high,"Greenstone et al. (2019): ""The Effects of Automatic Air Pollution Monitoring on Local Air Quality""",regression discontinuity,results hold/are robust; effect significance noted
The Conceptual Replication of Crianza Positiva E-Messaging Program During the COVID-19 Pandemic: Too Much or Too Little Information?,2024,"A Balsa, J Bloomfield, A Cid","A Balsa, J Bloomfield, A Cid - Journal of Family and Economic Issues, 2024 - Springer",0,https://link.springer.com/article/10.1007/s10834-024-09975-7,high,"Balsa et al. (2023): ""Crianza positiva: Combining group workshops and E-messages to strength""; Balsa et al. (2023): ""Household’s stressors and well-being during the global covid-19 pandem""; Balsa et al. (2023): ""Effect of crianza positiva e-messaging program on adult-child interact""",conceptual replication,Result not specified in abstract
Replication e reexamination of empirical research in corporate reporting and accounting,2024,,"MM Mattei, M Bonacchi - … : bilancio, controlli e comunicazione d'azienda …, 2024 - torrossa.com",0,https://www.torrossa.com/gs/resourceProxy?an=5914467&publisher=FM0520,high,"Ittonen et al. (2013): ""Do female auditors affect accruals quality?""; Nissim et al. (2001): ""Ratio Analysis and the Information Content of Earnings""",Method not specified in abstract,Result not specified in abstract
Replication Data for: Economic Inequality and Public Support for Redistribution in Europe: A Cross-Sectional and Longitudinal Multilevel Analysis,2024,AW Schmidt-Catran,"V Velev, AW Schmidt-Catran - 2024 - kops.uni-konstanz.de",0,https://kops.uni-konstanz.de/entities/dataset/06754091-439a-4914-ba86-7354626180c2,high,"Velev et al. (2024): ""Economic Inequality and Public Support for Redistribution in Europe: A""",Method not specified in abstract,Result not specified in abstract
"Seeking Forward, Looking Forward: A Replication and Generalization of the Future Orientation Index Utilizing Baidu Index",2024,"Y Xu, ZY Liang","Y Xu, Y Li, ZY Liang - Collabra: Psychology, 2024 - online.ucpress.edu",0,https://online.ucpress.edu/collabra/article/10/1/125146/203725,high,Not identifiable from abstract,Method not specified in abstract,Result not specified in abstract
Replicating Mankiw's Textbook Dynamic Model: A Pedagogical Pathway to New Keynesian models,2024,F Lakhchen,F Lakhchen - 2024 - hal.science,0,https://hal.science/hal-04677312/,high,"Mankiw & Gregory (2016): ""Macroeconomics""","In this paper, we will replicate the dynamic model from … , numerical solution and providing a Python code to replicate the model",Result not specified in abstract
Replication Data for: Global Climate Change Survey,2024,"F Chopra, A Falk","P Andre, T Boneva, F Chopra, A Falk - 2024 - dataverse.iza.org",0,https://dataverse.iza.org/dataset.xhtml?persistentId=doi%3A10.15185%2Fgccs.1&version=&q=&fileAccess=&fileTag=%22Documentation%22&fileSortField=&fileSortOrder=,high,"Andre et al. (2024): ""Globally Representative Evidence on the Actual and Perceived Support f""",Method not specified in abstract,effect ~half/double original; effect significance noted
"Replication material for"" Determinants of the adoption of fungus-resistant grapevines: Evidence from Switzerland""",2024,L Zachmann,L Zachmann - 2024 - research-collection.ethz.ch,0,https://www.research-collection.ethz.ch/bitstream/handle/20.500.11850/671067/ReplicationDocument.pdf?sequence=2,high,Not identifiable from abstract,… Code and Replication for 'Determinants of the Adoption of Fungus-resistant Grapevines: Evidence from Switzerland… Figure 1 is no,not replicated
Replication Data for: Counterfactual Coercion: Could Harsher Sanctions Against Russia Have Prevented the Worst?,2024,G Schneider,"T Niemeier, G Schneider - 2024 - kops.uni-konstanz.de",0,https://kops.uni-konstanz.de/entities/dataset/e37dbea4-f79b-4f3a-8042-d9b2043f8d14/full,high,Not identifiable from abstract,Method not specified in abstract,Result not specified in abstract
Fertility Fails to Predict Voter Preference for the 2020 Election: A Pre-Registered Replication of Navarrete et al.(2010),2024,"JL Engelbrecht, JE Edlund","JL Engelbrecht, M Duell, JE Edlund - Psychological Reports, 2024 - journals.sagepub.com",0,https://journals.sagepub.com/doi/abs/10.1177/00332941241233209,high,"Navarrete et al. (2010): ""Ingroup favoritism and the effects of mate value on support for econom""",Method not specified in abstract,Result not specified in abstract
"Do societies with freer markets really become less homicidal over time? New evidence from 131 developed and developing societies, 2000–2021",2024,T Rutar,"T Rutar - International Journal of Sociology, 2024 - Taylor & Francis",0,https://www.tandfonline.com/doi/abs/10.1080/00207659.2024.2436298,high,Not identifiable from abstract,Method not specified in abstract,Result not specified in abstract
… for both risky choices and inter-temporal choices? Testing the assumptions underlying models of risky-intertemporal choice: A conceptual replication of Luckman et al …,2024,"F Fidanoski, V Dixit, A Ortmann","F Fidanoski, V Dixit, A Ortmann - 2024 - papers.ssrn.com",0,https://papers.ssrn.com/sol3/papers.cfm?abstract_id=4393036,high,"Luckman et al. (2020): ""Understanding Risky-Intertemporal Choices""",conceptual replication,effect significance noted
Replication and Extension of Three Studies Investigating Escalation of Commitment and Regret Aversion,2024,,N Dhanda - researchgate.net,0,https://www.researchgate.net/profile/Ignazio-Ziano/publication/381671801_Replication_and_Extension_of_Three_Studies_Investigating_Escalation_of_Commitment_and_Regret_Aversion/links/667ab5ff8408575b838a665e/Replication-and-Extension-of-Three-Studies-Investigating-Escalation-of-Commitment-and-Regret-Aversion.pdf,high,Not identifiable from abstract,Method not specified in abstract,Result not specified in abstract
Disease and development—The predicted mortality instrument revisited,2024,,"D Kreitmeir, T Überfuhr - Journal of Applied Econometrics, 2024 - Wiley Online Library",0,https://onlinelibrary.wiley.com/doi/abs/10.1002/jae.3023,low,Not identifiable from abstract,Method not specified in abstract,effect significance noted
Replication Data: Growth Models and Voter Preferences: The Moderating Impact of Export-Led Growth on Centre-Left Voters,2024,L Baccaro,"E Neimanns, L Baccaro - 2024 - pure.mpg.de",0,https://pure.mpg.de/pubman/faces/ViewItemOverviewPage.jsp?itemId=item_3610392,high,"Baccaro et al. (2017): ""The Politics of Wage Inequality in Advanced Capitalism: A Comparative ""; Kriesi et al. (2006): ""Globalization and the Transformation of the National Political Space: """,Method not specified in abstract,Result not specified in abstract
The Motherhood Penalty in the 21st Century a Replication and Extension,2024,,A Raina - 2024 - search.proquest.com,0,https://search.proquest.com/openview/32c6c4d8b09af22cbcff6abe5d21d87e/1?pq-origsite=gscholar&cbl=18750&diss=y,high,"Correll et al. (2007): ""Getting a Job: Is There a Motherhood Penalty?""",Method not specified in abstract,Result not specified in abstract
Top-Down and Bottom-Up replication of Commodity Trading Advisors,2024,,K Li - 2024 - studenttheses.uu.nl,0,https://studenttheses.uu.nl/bitstream/handle/20.500.12932/48030/Thesis.pdf?sequence=1,high,Not identifiable from abstract,out-of-sample test,"The results indicate that the bottom-up method performs well in replication, with a Sharpe ratio of 0"
Replication of the Warsaw Stock Exchange's Broad Equity Market with the WIG-ESG Socially Responsible Investment Index,2024,,"J Tomaszewski - … Narodowa. The Polish Journal of Economics, 2024 - gnpje.sgh.waw.pl",0,"https://gnpje.sgh.waw.pl/Replikacja-szerokiego-rynku-akcji-Gieldy-Papierow-Wartosciowych-w-Warszawie-GPW-S,178340,0,2.html",high,"Statman & Meir (2006): ""Socially Responsible Indexes. Composition, performance and tracking er""; Mikołajek-Gocejna & Małgorzata (2018): ""The Environmental, Social and Governance Aspects of Social Responsibil""",Method not specified in abstract,significance noted; directional effect found; effect significance noted
Deterrence strength in TV fee enforcement: Field evidence from the Czech Republic,2024,,"K Chadimová - Journal of Behavioral and Experimental Economics, 2024 - Elsevier",0,https://www.sciencedirect.com/science/article/pii/S2214804324000831,low,Not identifiable from abstract,Method not specified in abstract,"… Finally, we replicate the effect of simplified text in the letter"
Replication study on the dehumanization of workers in dirty jobs,2024,,"E Boulard, L ANDRIGHETTO, RR Valtorta… - 2024 - osf.io",0,https://osf.io/72gnf/resources,high,Not identifiable from abstract,Method not specified in abstract,Result not specified in abstract
Is happiness always a personal (ity) thing? A quasi-replication and extension of previous well-being studies,2024,,"M Deppe, CKL Pahnke, C Maj, R Aldisi… - A Quasi-Replication …, 2024 - papers.ssrn.com",0,https://papers.ssrn.com/sol3/papers.cfm?abstract_id=4861903,high,Not identifiable from abstract,Method not specified in abstract,Result not specified in abstract
"Replication Data for: How Does an Economic Shock Affect Environmental Attitudes, Preferences and Issue Importance?: Evidence from Switzerland",2024,S Gomm,"L Rudolph, S Gomm - 2024 - kops.uni-konstanz.de",0,https://kops.uni-konstanz.de/entities/dataset/0041e56a-b355-49fa-bb98-06970aef5337/full,high,Not identifiable from abstract,Method not specified in abstract,Result not specified in abstract
"README-file for replication of the paper 'Gains From Trade: Demand, Supply, and Idiosyncratic Shocks'",2024,R Dewitte,R Dewitte - 2024 - journaldata.zbw.eu,0,https://journaldata.zbw.eu/dataset/3ee52c67-8c99-452b-8abd-83f670a98ded/resource/5db4f0c5-744c-47a1-9c8a-9b2c969e7eee/download/readme.dmr.pdf,high,Not identifiable from abstract,Method not specified in abstract,Result not specified in abstract
"Replication material for"" Farm characteristics determine why a large share of organically produced wine is not labelled as organic""",2024,,L Zachmann - 2024 - research-collection.ethz.ch,0,https://www.research-collection.ethz.ch/bitstream/handle/20.500.11850/708037/1/ReplicationDocument.pdf,high,Not identifiable from abstract,Method not specified in abstract,Result not specified in abstract
Replication & re-examination of empirical research in corporate reporting and accounting,2024,,"M Bonacchi, MM Mattei - Financial Reporting, 2024 - francoangeli.it",0,https://www.francoangeli.it/riviste/articolo/76902,high,Not identifiable from abstract,Method not specified in abstract,Result not specified in abstract
Current Research in Ecological and Social Psychology,2024,,"H Imada, G Tsudaka, N Mifune… - … in Ecological and …, 2024 - pure.royalholloway.ac.uk",0,https://pure.royalholloway.ac.uk/ws/portalfiles/portal/62188431/1-s2.0-S2666622724000212-main.pdf,high,Not identifiable from abstract,different context/setting,fails to replicate
Replication and Reinterpretation of,2024,"L Rentschler, J Meyer","L Rentschler, J Meyer, VL Smith, A Brooksby… - Available at SSRN … - papers.ssrn.com",0,https://papers.ssrn.com/sol3/papers.cfm?abstract_id=4860065,high,Not identifiable from abstract,Method not specified in abstract,Result not specified in abstract
"Factorial designs, model selection, and (incorrect) inference in randomized experiments",2025,"K Muralidharan, M Romero, K Wüthrich","K Muralidharan, M Romero, K Wüthrich - Review of Economics and …, 2025 - direct.mit.edu",164,https://direct.mit.edu/rest/article-abstract/doi/10.1162/rest_a_01317/115272,high,Not identifiable from abstract,Method not specified in abstract,Result not specified in abstract
Policy experimentation in China: The political economy of policy learning,2025,"S Wang, DY Yang","S Wang, DY Yang - Journal of Political Economy, 2025 - journals.uchicago.edu",150,https://www.journals.uchicago.edu/doi/full/10.1086/734873,medium,Not identifiable from abstract,Method not specified in abstract,"… Specifically, we replicate the baseline test for representative site selection, while weighing … on local economic growth (estimated as the differen"
The economic impact of access to public four-year colleges,2025,"J Smith, J Goodman","J Smith, J Goodman, M Hurwitz - Journal of Human Resources, 2025 - jhr.uwpress.org",95,https://jhr.uwpress.org/content/wpjhr/early/2025/01/31/jhr.0324-13461R2.full-text.pdf,medium,"Smith et al. (2023): ""The Economic Impact of Access to Public Four-Year Colleges: Evidence f""",regression discontinuity,effect ~half/double original
Job market signaling through occupational licensing,2025,"PQ Blair, BW Chung","PQ Blair, BW Chung - Review of Economics and Statistics, 2025 - direct.mit.edu",91,https://direct.mit.edu/rest/article-abstract/doi/10.1162/rest_a_01265/113779,medium,Not identifiable from abstract,Method not specified in abstract,We find evidence supporting this hypothesis
The evolution of US retail concentration,2025,"DA Smith, S Ocampo","DA Smith, S Ocampo - American Economic Journal …, 2025 - pubs.aeaweb.org",46,https://pubs.aeaweb.org/doi/pdf/10.1257/mac.20220249,high,"Rossi-Hansberg et al. (2021): ""Diverging Trends in National and Local Concentration""","… We replicate the methodology of Rossi-Hansberg, Sarte, and Trachter (2021) in our data and find a 1","… We replicate the methodology of Rossi-Hansberg, Sarte, and Trachter (2021) in our data and find a 1"
On the economic consequences of mass shootings,2025,"A Brodeur, H Yousaf","A Brodeur, H Yousaf - Review of Economics and Statistics, 2025 - direct.mit.edu",28,https://direct.mit.edu/rest/article-abstract/107/1/109/113173,low,"Bloom et al. (2007): ""Measuring and Explaining Management Practices Across Firms and Countri""; Baker et al. (2016): ""Measuring Economic Policy Uncertainty""","We test this channel using data on consumption decisions, current economic conditions, and future economic … , we replicate … %PDF","We test this channel using data on consumption decisions, current economic conditions, and future economic … , we replicate … %PDF-1"
Measuring group cohesion to reveal the power of social relationships in team production,2025,"S Gächter, C Starmer, F Tufano","S Gächter, C Starmer, F Tufano - Review of Economics and Statistics, 2025 - direct.mit.edu",22,https://direct.mit.edu/rest/article-abstract/doi/10.1162/rest_a_01283/114758,high,Not identifiable from abstract,Method not specified in abstract,Result not specified in abstract
The causes and consequences of refugee flows: A contemporary reanalysis,2025,"A Shaver, B Krick","A Shaver, B Krick, J Blancaflor, X Liu… - American Political …, 2025 - cambridge.org",15,https://www.cambridge.org/core/journals/american-political-science-review/article/causes-and-consequences-of-refugee-flows-a-contemporary-reanalysis/F2EFBF81FCD030F4CD8DC9F82B5ED444,medium,"Multiple authors (Vari): ""Various articles on refugee flows""",… We replicate 28 articles on these topics using data newly … When we replicate the existing literature using the newly … that ref,… We replicate 28 articles on these topics using data newly … When we replicate the existing literature using the newly … that refugees are motivated 
Governing personal data and trade in digital services,2025,MF Ferracane,"MF Ferracane, E van Der Marel - … of international economics, 2025 - Wiley Online Library",9,https://onlinelibrary.wiley.com/doi/abs/10.1111/roie.12735,medium,Not identifiable from abstract,robustness check,"… For this exercise, we replicate applying the pair-trend effects with alternative clustering methods"
Measuring patriarchy in Italy,2025,"E Aloè, M Corsi, G Zacchia","E Aloè, M Corsi, G Zacchia - Review of Political Economy, 2025 - Taylor & Francis",9,https://www.tandfonline.com/doi/abs/10.1080/09538259.2024.2360503,low,Not identifiable from abstract,Method not specified in abstract,Result not specified in abstract
Examining the replicability of online experiments selected by a decision market,2025,"F Holzmeister, M Johannesson, CF Camerer","F Holzmeister, M Johannesson, CF Camerer… - Nature Human …, 2025 - nature.com",8,https://www.nature.com/articles/s41562-024-02062-9,low,Not identifiable from abstract,independent replication; close replication; laboratory experiment; online survey/experiment,not fully replicated; successfully replicates; significance noted; effect significance noted
The Elephant in the Room: p-hacking and Accounting Research,2025,ID Gow,"ID Gow - Accounting, Economics, and Law: A Convivium, 2025 - degruyterbrill.com",8,https://www.degruyterbrill.com/document/doi/10.1515/ael-2022-0111/html,high,"Ohlson & A. (2025): ""Empirical accounting seminars: Elephants in the room""; Simmons et al. (2011): ""False-Positive Psychology: Undisclosed Flexibility in Data Collection ""","… In some cases we were not able to replicate papers—and authors were not responsive to … and data, replication is often difficult",Most of the authors of the papers we replicate went above … Home Business & Economics The Elephant in the Room: p-hacking and Accounting Research Arti
Endogeneity and the economic consequences of tax avoidance,2025,"SD Dyreng, RW Hills, CM Lewellen","SD Dyreng, RW Hills, CM Lewellen… - Contemporary …, 2025 - Wiley Online Library",6,https://onlinelibrary.wiley.com/doi/abs/10.1111/1911-3846.13017,high,"Hasan et al. (2014): ""Tax Avoidance and Firm Value: Evidence from the UK""",Method not specified in abstract,"… Next, we replicate the primary result from tab 2, col"
The cybernetic teammate: a field experiment on generative AI reshaping teamwork and expertise,2025,"F Dell'Acqua, C Ayoubi, R Sadun, E Mollick","F Dell'Acqua, C Ayoubi, H Lifshitz, R Sadun, E Mollick… - 2025 - nber.org",5,https://www.nber.org/papers/w33641,high,Not identifiable from abstract,pre-registered replication; field experiment; randomized controlled trial,effect significance noted
"Financial literacy, numeracy, and schooling: evidence from developed countries",2025,,"S Lamboglia, M Stacchini - Italian Economic Journal, 2025 - Springer",4,https://link.springer.com/article/10.1007/s40797-025-00314-9,high,"Montanaro et al. (2016): ""Analysis of financial literacy and math skills using PISA data""","… To ensure consistency between the 2018 and 2012 PISA data, we replicate the analysis of the link between financial and math skil","… To ensure consistency between the 2018 and 2012 PISA data, we replicate the analysis of the link between financial and math skills using the 2012 da"
The entrepreneurial ecosystem clock keeps on ticking–A replication and extension of Coad and Srhoj (2023),2025,"J Leendertse, E Stam, F van Rijnsoever","J van Dijk, J Leendertse, E Stam, F van Rijnsoever - Research Policy, 2025 - Elsevier",4,https://www.sciencedirect.com/science/article/pii/S0048733324002038,high,Coad and Srhoj (2023); Srhoj (2023),"… In Study 1, we replicate the approach by Coad and Srhoj (2023) in the Netherlands, where … We argue that the differences found i","… In Study 1, we replicate the approach by Coad and Srhoj (2023) in the Netherlands, where … We argue that the differences found in the replication st"
External coercion and public support: The case of the US–China trade war,2025,,"J Yue - Journal of peace research, 2025 - journals.sagepub.com",4,https://journals.sagepub.com/doi/abs/10.1177/00223433231221437,medium,Not identifiable from abstract,Method not specified in abstract,Result not specified in abstract
Euro area inflation differentials: the role of fiscal policies revisited,2025,C Checherita-Westphal,"C Checherita-Westphal, N Leiner-Killinger… - … Economics, 2025 - Springer",4,https://link.springer.com/article/10.1007/s00181-024-02652-6,high,Not identifiable from abstract,Method not specified in abstract,Result not specified in abstract
The pragmatic American revisited: A direct replication of Pickett and Baker (2014),2025,"AM Jones, SP Roche","AM Jones, SP Roche - International Journal of Offender …, 2025 - journals.sagepub.com",3,https://journals.sagepub.com/doi/abs/10.1177/0306624X221133007,high,"Pickett et al. (2014): ""The pragmatic American: A direct examination of the relationship betwe""","… While the failure to replicate may sometimes be due to basic methodological differences … , replication efforts in other fields ",fails to replicate; not fully replicated; successfully replicates
Increasing organ donor registration as a means to increase transplantation: an experiment with actual organ donor registrations,2025,"JB Kessler, AE Roth","JB Kessler, AE Roth - American Economic Journal: Economic …, 2025 - pubs.aeaweb.org",3,https://pubs.aeaweb.org/doi/pdf/10.1257/pol.20220760,medium,Not identifiable from abstract,panel data,… We replicate this finding using a newly constructed panel dataset on organ donor registration rates across US states
A cross‐cultural replication of “citizens' blame of politicians for public service failure: Experimental evidence about blame reduction through delegation and contracting …,2025,"RM Walker, O James, MJ Moon","RM Walker, O James, MJ Moon… - Public Administration …, 2025 - Wiley Online Library",3,https://onlinelibrary.wiley.com/doi/abs/10.1111/puar.13845,high,Not identifiable from abstract,direct replication,Result not specified in abstract
xtpb: The pooled Bewley estimator of long-run relationships in dynamic heterogeneous panels,2025,"A Chudik, B Strackman","P Asnani, A Chudik, B Strackman - The Stata Journal, 2025 - journals.sagepub.com",3,https://journals.sagepub.com/doi/abs/10.1177/1536867X251322965,medium,Not identifiable from abstract,Method not specified in abstract,"… 4 Replicating CPS (Forthcoming) Using the xtpb command, we replicate the pb estimation … (Forthcoming) featuring Organisation for Economic Co-operat"
"Shadow education, intra-household financial resource allocation, and educational achievements",2025,,"T Majilla - Journal of Economic Behavior & Organization, 2025 - Elsevier",3,https://www.sciencedirect.com/science/article/pii/S0167268125001131,medium,Not identifiable from abstract,"… gender differences in subsequent economic and other (eg, … replicate and obtain fairly similar results in a sample of mothers wh",Result not specified in abstract
Revisiting representativeness heuristic classic paradigms: Replication and extensions of nine experiments in Kahneman and Tversky (1972),2025,"L Mayiwar, E Løhre","L Mayiwar, KH Wan, E Løhre… - Quarterly Journal of …, 2025 - journals.sagepub.com",2,https://journals.sagepub.com/doi/abs/10.1177/17470218241255916,high,"Kahneman et al. (1972): ""Subjective Probability: A Judgment of Representativeness""",Method not specified in abstract,not fully replicated; successfully replicates
Dynare replication of “a model of secular stagnation: Theory and quantitative evaluation” by eggertsson et al.(2019),2025,"A Crescentini, F Giri","A Crescentini, F Giri - Economic Inquiry, 2025 - Wiley Online Library",2,https://onlinelibrary.wiley.com/doi/abs/10.1111/ecin.13185,high,"Eggertsson et al. (2019): ""A Model of Secular Stagnation: Theory and Quantitative Evaluation""","… on the American Economic Journal: Macroeconomics repository, we are able to fully replicate the original … All in all, the repli",not fully replicated
"Does economic policy uncertainty differ from other uncertainty measures? Replication of Baker, Bloom, and Davis (2016)",2025,M Shim,"S Bae, S Jo, M Shim - Canadian Journal of Economics/Revue …, 2025 - Wiley Online Library",2,https://onlinelibrary.wiley.com/doi/abs/10.1111/caje.12757,high,"Baker et al. (2016): ""Measuring Economic Policy Uncertainty""",Method not specified in abstract,directional effect found
Does ad hoc language training improve the economic integration of refugees? Evidence from Germany's response to the Syrian refugee crisis,2025,"M Marbach, E Vallizadeh, N Harder","M Marbach, E Vallizadeh, N Harder… - Journal of the Royal …, 2025 - academic.oup.com",2,https://academic.oup.com/jrsssa/advance-article-abstract/doi/10.1093/jrsssa/qnae106/7945226,medium,Not identifiable from abstract,Method not specified in abstract,"… First, we replicate the models to estimate the effects by … Second, we replicate the models but also adjust for covariates (… affected by attrition "
The conflict-of-interest discount in the marketplace of ideas,2025,"JM Barrios, F Lancieri, J Levy, S Singh, T Valletti","JM Barrios, F Lancieri, J Levy, S Singh, T Valletti… - 2025 - nber.org",2,https://www.nber.org/papers/w33645,low,"Ioannidis & A. (2005): ""Why Most Published Research Findings Are False""; Lazarsfeld et al. (1954): ""Friendship as a Social Process: A Substantive and Methodological Analy""",pre-registered replication; meta-analysis,"For the RAND, only the first footnote is available–so we replicate … The Conflict-of-Interest Discount in the Marketplace of Ideas John M"
The Model T,2025,"S Eli, JK Hausman, PW Rhode","S Eli, JK Hausman, PW Rhode - The Journal of Economic History, 2025 - cambridge.org",2,https://www.cambridge.org/core/journals/journal-of-economic-history/article/model-t/A783993184F1741EDC6F6A76B9D6D98D,high,"Gordon & J. (2016): ""The Rise and Fall of American Growth: The U.S. Standard of Living sinc""",… This replication package also includes information on how to download the raw data needed to replicate … Our work is also relate,Result not specified in abstract
Attitudes towards immigration and unemployment risk cleavages: Untangling the economically rooted group conflict framework,2025,EN Kayran,"EN Kayran - Migration Studies, 2025 - academic.oup.com",2,https://academic.oup.com/migration/advance-article/doi/10.1093/migration/mnae003/7617496,medium,Not identifiable from abstract,Method not specified in abstract,Result not specified in abstract
International financial openness and manufacturing productivity: A services trade perspective,2025,"M Fiorini, BM HOEKMAN","M Fiorini, BM HOEKMAN, D Quinn - 2025 - cadmus.eui.eu",2,https://cadmus.eui.eu/handle/1814/77846,medium,Not identifiable from abstract,Method not specified in abstract,"To evaluate this, we replicate the estimations in … by a systemic financial crisis or an economic recession"
Multi‐country perspectives on best practices and barriers to preference elicitation lab‐in‐the‐field experiments with farmers,2025,"MC Baaken, L Kuhfuss, D Bougherara","MC Baaken, L Kuhfuss, D Bougherara… - Applied Economic …, 2025 - Wiley Online Library",2,https://onlinelibrary.wiley.com/doi/abs/10.1002/aepp.13488,high,Not identifiable from abstract,Method not specified in abstract,Result not specified in abstract
Producerist populist attitudes and electoral support for populism in the USA and Western Europe,2025,O Mazzoleni,"G Ivaldi, O Mazzoleni - Socio-Economic Review, 2025 - academic.oup.com",2,https://academic.oup.com/ser/article-abstract/23/1/25/7695376,low,Not identifiable from abstract,Method not specified in abstract,Result not specified in abstract
The Political Consequences of Resource Scarcity: Targeted Spending in a Water-Stressed Democracy. A Replication Study of Mahadevan and Shenoy,2025,R McWay,"R McWay, M Braaksma - 2025 - econstor.eu",1,https://www.econstor.eu/handle/10419/318265,high,"Mahadevan et al. (2023): ""The Political Consequences of Resource Scarcity: Targeted Spending in """,regression discontinuity,"… political clientelism during economic distress, we replicate Mahadevan and Shenoy (2023)"
Choice Bracketing revisited: Replication and extensions Registered Report of seven experiments reviewed in Read et al. (1999),2025,G Feldman,"CL Wong, G Feldman - Royal Society Open Science, 2025 - royalsocietypublishing.org",1,https://royalsocietypublishing.org/doi/abs/10.1098/rsos.240687,high,"Read et al. (1999): ""Choice Bracketing""",Method not specified in abstract,Result not specified in abstract
"Replicating Davidsson and Honig (2003): Updates on Human Capital, Social Capital, and Replications in Entrepreneurship",2025,"V Skorodziyevskiy, GC Crawford","V Skorodziyevskiy, GC Crawford… - … Theory and Practice, 2025 - journals.sagepub.com",1,https://journals.sagepub.com/doi/abs/10.1177/10422587251322409,high,"Davidsson et al. (2003): ""The role of social and human capital among nascent entrepreneurs""",uses original data/code,Result not specified in abstract
From Synthetic Marx to Synthetic Kafka: A Rejoinder to Magness and Makovi,2025,,"J Francis - Econ Journal Watch, 2025 - econjwatch.org",1,https://econjwatch.org/File+download/1338/FrancisMar2025.pdf,medium,"Magness et al. (2019): ""The Synthetic Marx: A Statistical Analysis""","… Synthetic Marx verges on statistical insignificance, I replicated it using simpler code in R",effect significance noted
Does economic policy matter? A note on the narrative approach and exact inference,2025,M Carlsson,"M Carlsson - Economics Letters, 2025 - Elsevier",1,https://www.sciencedirect.com/science/article/pii/S016517652500151X,high,"Romer et al. (2023): ""Title of the replicated paper""",Method not specified in abstract,Result not specified in abstract
Estimating a firm-year measure of conditional conservatism for non-US firms: evidence from Japan,2025,,"T Yamashita, K Fujiyama - … Journal of Accounting & Economics, 2025 - Taylor & Francis",1,https://www.tandfonline.com/doi/abs/10.1080/16081625.2024.2443850,high,"Khan et al. (2009): ""Estimation and empirical properties of a firm-year measure of conditio""",Method not specified in abstract,"… We replicate the property tests of Khan and Watts (2009, 'Estimation and empirical properties of a firm-year measure of conditional conservatism,' J"
Replicating and extending 'Voluntary vs mandatory: the role of auditing in constraining corporate tax avoidance in small private firms',2025,"F Hartwig, AM Huq, N Rudholm","F Hartwig, AM Huq, N Rudholm - 2025 - diva-portal.org",1,https://www.diva-portal.org/smash/record.jsf?pid=diva2:1952175,high,Not identifiable from abstract,Method not specified in abstract,Result not specified in abstract
Revisiting the Dunning-Kruger Effect: Composite Measures and Heterogeneity by Gender,2025,"A Adamecz, N Shure","A Adamecz, R Ilieva, N Shure - 2025 - docs.iza.org",1,https://docs.iza.org/dp17687.pdf,high,"Dunning et al. (1999): ""Unskilled and unaware of it: How difficulties in recognizing one's own""",… Economics is an independent economic research institute that conducts research in labor economics and … We replicate their model,original effect may be overstated; replicates and extends original
Agentizing a general equilibrium model of environmental tax reform,2025,"F Klein, J Foramitti, T Konc","F Klein, J Bergh, J Foramitti, T Konc - … and Resource Economics, 2025 - Springer",1,https://link.springer.com/article/10.1007/s10640-024-00937-z,high,"Acemoglu et al. (2012): ""The environment and directed technical change""",We therefore replicate a recent GE model for ETR using an agent-based approach,… We therefore replicate a recent GE model for ETR using an … We find that the agent-based model is able to replicate many … and that overall macro-ec
Corporate resiliency and the choice between financial and operational hedging,2025,"VV Acharya, H Almeida, Y Amihud, P Liu","VV Acharya, H Almeida, Y Amihud, P Liu - 2025 - nber.org",1,https://www.nber.org/papers/w33340,medium,Not identifiable from abstract,Method not specified in abstract,"… When adverse economic shocks occur, firms can face … We first replicate the markup test in Table 4 on the effect of -(Z… In Panel B of Table 8, wher"
The Economic Costs of Temperature Uncertainty,2025,"L Bettarelli, D Furceri, M Ganslmeier","L Bettarelli, D Furceri, M Ganslmeier, M Schiffbauer - 2025 - imf.org",1,https://www.imf.org/-/media/Files/Publications/WP/2025/English/wpiea2025026-print-pdf.ashx,low,Not identifiable from abstract,"… To address both issues, we replicated the analysis using monthly employment and … MSAs with those using Compustat, we also repli",Result not specified in abstract
Simulating Strategic Reasoning: Comparing the Ability of Single LLMs and Multi-Agent Systems to Replicate Human Behavior,2025,"K Sreedhar, L Chilton","K Sreedhar, L Chilton - 2025 - scholarspace.manoa.hawaii.edu",1,https://scholarspace.manoa.hawaii.edu/items/a517b512-3053-4c3e-a7af-5ff8278f7701,high,"Güth et al. (1982): ""An experimental analysis of ultimatum bargaining""",Method not specified in abstract,Result not specified in abstract
"Economic uncertainty, monetary policy, and global commodity price dynamics: the role of “China factors”",2025,P Chen,"P Chen, J Wu, B Nie - Applied Economics, 2025 - Taylor & Francis",1,https://www.tandfonline.com/doi/abs/10.1080/00036846.2025.2453764,low,Not identifiable from abstract,Method not specified in abstract,Result not specified in abstract
"Why Anxious People Lean to the Left on Economic Policy: Personality, Social Exclusion, and Redistribution",2025,"AR Panish, AW Delton","AR Panish, AW Delton - British Journal of Political Science, 2025 - cambridge.org",1,https://www.cambridge.org/core/journals/british-journal-of-political-science/article/why-anxious-people-lean-to-the-left-on-economic-policy-personality-social-exclusion-and-redistribution/37261F4F36E46FFCD705406028C495D2,low,Not identifiable from abstract,Method not specified in abstract,Result not specified in abstract
Replication of Reference-Dependent Preferences and the Risk-Return Trade-Off in the Chinese Market,2025,,"P Xu - arXiv preprint arXiv:2505.20608, 2025 - arxiv.org",0,https://arxiv.org/abs/2505.20608,high,"Wang et al. (2017): ""Reference-Dependent Preferences and the Risk-Return Trade-Off""",pub ( What is GotitPub? ) Huggingface Toggle Hugging Face ( What is Huggingface? ) Links to Code Toggle Papers with Code ( What is,directional effect found; effect significance noted
Unveiling Plant-Product Productivity via First-Order Conditions: Robust Replication of Orr (2022),2025,D Luparello,"J Hong, D Luparello - arXiv preprint arXiv:2501.19354, 2025 - arxiv.org",0,https://arxiv.org/abs/2501.19354,high,"Orr & Scott (2022): ""Identifying Within-Plant Productivity Differences Across Product Lines""",uses original data/code; new/different dataset; panel data; instrumental variables,not fully replicated; successfully replicates
Materiality in the CSR-investor reaction realtionship: A replication and extension of Flammer (2013),2025,"M Melancon, BW Lewis","SD Kofford, M Melancon, BW Lewis - 2025 - scholarsarchive.byu.edu",0,https://scholarsarchive.byu.edu/facpub/7479/,high,"Flammer & Caroline (2013): ""Does Corporate Social Responsibility Lead to Superior Financial Perfor""",Method not specified in abstract,replicates and extends original
Electoral Cycles in Macroprudential Regulation-A Replication of Müller (2023),2025,"A Gáspár, T Wochner","A Gáspár, A Sandström, T Watson, T Wochner - 2025 - econstor.eu",0,https://www.econstor.eu/handle/10419/311309,high,"Müller & First (2023): ""Electoral Cycles in Macroprudential Regulation""",new/different dataset,results hold/are robust
Are Princelings Truly Busted? Evaluating Transaction Discounts in China's Land Market,2025,,"J Manso - arXiv preprint arXiv:2502.07692, 2025 - arxiv.org",0,https://arxiv.org/abs/2502.07692,high,"Chen et al. (2019): ""The princeling effect: Evidence from China's land market""","The analysis on the data sans duplicates replicates their statistically significant princeling effect, robust across various speci",significance noted; effect significance noted
"Historical Housing Discrimination, Redlining, and the Contemporary Distribution of Local Economic Development Funding: The Case of Chicago",2025,DJ Schwegman,"DJ Schwegman - Economic Development Quarterly, 2025 - journals.sagepub.com",0,https://journals.sagepub.com/doi/abs/10.1177/08912424241309321,medium,Not identifiable from abstract,Method not specified in abstract,Result not specified in abstract
Mitigating technology gaps' contribution to international income inequality,2025,"F Mariuzzo, D Angenendt","F Mariuzzo, J Zhang, D Angenendt - Economic Inquiry, 2025 - research-portal.uea.ac.uk",0,https://research-portal.uea.ac.uk/en/publications/mitigating-technology-gaps-contribution-to-international-income-i,high,"Sampson & Andrew (2023): ""The impact of international technology gaps on income inequality, trad""",cross-country analysis,supports original hypothesis; effect significance noted
Does competition from informal firms impact new product development? Systematic replication and extension of McCann and Bahl (2017),2025,"A Skiadopoulou, S Mortal","A Skiadopoulou, S Mortal… - Journal of Management …, 2025 - journals.sagepub.com",0,https://journals.sagepub.com/doi/abs/10.1177/27550311251323281,high,Not identifiable from abstract,Method not specified in abstract,Result not specified in abstract
Individual Differences and the Repayment of High-and Low-Consequences Debt: Replication and Extension,2025,Y Ganzach,"Y Ganzach, A Pazy - Behavioral Finance: Beyond the Basics, 2025 - World Scientific",0,https://www.worldscientific.com/doi/abs/10.1142/9789811290633_0009,high,Not identifiable from abstract,Method not specified in abstract,replicates and extends original; extends original findings
Belief Shocks and Implications of Expectations About Growth‐at‐Risk,2025,"M Boeck, M Pfarrhofer","M Boeck, M Pfarrhofer - Journal of Applied Econometrics, 2025 - Wiley Online Library",0,https://onlinelibrary.wiley.com/doi/abs/10.1002/jae.3117,high,Not identifiable from abstract,Method not specified in abstract,"… Further restrictions are necessary to give economic meaning to our structural shocks, which we … In this paper, we replicate the study of belief sho"
"Code and data files for"" Does the Added Worker Effect Matter?""",2025,,"N Guner, Y Kulikova, A Valladares-Esteban - 2025 - econpapers.repec.org",0,https://econpapers.repec.org/software/redccodes/21-89.htm,high,"Guner et al. (2025): ""Does the Added Worker Effect Matter?""",… Economics at your fingertips … Computer Codes from Review of Economic Dynamics Abstract: Code and data to replicate the results ,Result not specified in abstract
Materiality in the CSR-investor reaction relationship: A replication and extension of Flammer (2013),2025,BW Lewis,"BW Lewis, M Melancon - 2025 - papers.ssrn.com",0,https://papers.ssrn.com/sol3/papers.cfm?abstract_id=5153660,high,"Flammer & Caroline (2013): ""Does Corporate Social Responsibility Lead to Superior Financial Perfor""",Method not specified in abstract,Result not specified in abstract
School Start Time Changes and their Impact on Sleep and Grade Point Average: A Replication and 6-Year Follow-up Study,2025,,"J Caesar, R Lamm, MC Rodriguez - 2025 - conservancy.umn.edu",0,https://conservancy.umn.edu/bitstreams/6a4bbd91-eb86-4ba2-9c6d-3c8ac343045e/download,high,"Wheaton et al. (2016): ""School Start Times for Middle School and High School Students — United""","… We replicated the initial methodology in three additional districts that implemented later … In the replication analyses, we emp",mixed results; directional effect found
Changes in Nutrient Intake at Retirement,2025,"M Stephens Jr, D Toohey","M Stephens Jr, D Toohey - … Economic Journal: Applied Economics, 2025 - pubs.aeaweb.org",0,https://pubs.aeaweb.org/doi/pdf/10.1257/app.20180378,high,"Aguiar et al. (2007): ""Deconstructing Lifecycle Expenditure""",survey data,Result not specified in abstract
Does short-term momentum really exist in China? Evidence from “Siamese twin” stocks,2025,,"Z Lin, J Yang, H Zhu - Applied Economics Letters, 2025 - Taylor & Francis",0,https://www.tandfonline.com/doi/abs/10.1080/13504851.2025.2463623,low,Not identifiable from abstract,Method not specified in abstract,Result not specified in abstract
"Personality, political party identification, and partisan news consumption: A replication and extension in the context of the COVID-19 pandemic",2025,JW Neal,"Z Dunnum, JW Neal - Journal of Research in Personality, 2025 - Elsevier",0,https://www.sciencedirect.com/science/article/pii/S0092656625000182,high,Not identifiable from abstract,pre-registered replication,Result not specified in abstract
"State Film Incentive Effectiveness: Analyzing Television and Film Production Response to Standard Incentives, Economic Conditions, and Program Structure",2025,,M Cotton - 2025 - scholarship.claremont.edu,0,https://scholarship.claremont.edu/cmc_theses/3737/,high,"Button & John (2019): ""Analysis of State Film Incentives""",extends original sample/period; difference-in-differences,replicates and extends original; effect significance noted
Trade and ethnolinguistic differences: A replication and extension,2025,"J Gonzalez, Ö Özak","J Gonzalez, Ö Özak - Economic Inquiry, 2025 - Wiley Online Library",0,https://onlinelibrary.wiley.com/doi/abs/10.1111/ecin.13269,high,Not identifiable from abstract,direct replication,"Moreover, we find that our …"
"A comment on"" Optimal Deposit Insurance""",2025,,"J Chahine, M DeHaven, M Greiwe, H Lee, Z Mao - 2025 - econstor.eu",0,https://www.econstor.eu/handle/10419/309440,high,"Dávila et al. (2023): ""Optimal Deposit Insurance""",Method not specified in abstract,"First, we are trying to … Second, we replicate the simulation results used to determine the optimal level of coverage, … Making sure you're not a bot"
Underpowered studies and exaggerated effects: A replication and re‐evaluation of the magnitude of anchoring effects,2025,"T Li, C Weigel, P Ferraro, KD Messer","T Li, C Weigel, P Ferraro, KD Messer - Economic Inquiry, 2025 - Wiley Online Library",0,https://onlinelibrary.wiley.com/doi/abs/10.1111/ecin.13279,high,"Tversky et al. (1974): ""Judgment under Uncertainty: Heuristics and Biases""",Method not specified in abstract,Result not specified in abstract
Reducing the replication time for structural estimations: A successful replication of “An Anatomy of International Trade” using GPU computing,2025,J Zhong,"J Zhong - Economic Inquiry, 2025 - Wiley Online Library",0,https://onlinelibrary.wiley.com/doi/abs/10.1111/ecin.13257,high,"Eaton et al. (2002): ""An Anatomy of International Trade""",Method not specified in abstract,Result not specified in abstract
Strategizing with AI: Insights from a Beauty Contest Experiment,2025,"D Dagaev, S Paklina","I Alekseenko, D Dagaev, S Paklina… - arXiv preprint arXiv …, 2025 - arxiv.org",0,https://arxiv.org/abs/2502.03158,medium,Not identifiable from abstract,pub ( What is GotitPub? ) Huggingface Toggle Hugging Face ( What is Huggingface? ) Links to Code Toggle Papers with Code ( What is,… We replicate a series of classic experiments by running virtual experiments with modern large … Our results contribute to the discussion on the accu
Energy Transition and the Value of Capacity Remuneration Mechanisms: Partial Replication of the Model with Polish Data,2025,K Waśniewski,K Waśniewski - Available at SSRN 5130801 - papers.ssrn.com,0,https://papers.ssrn.com/sol3/papers.cfm?abstract_id=5130801,high,"Bonaldo et al. (2024): ""Energy Transition and the Value of Capacity Remuneration Mechanisms""","The present article partly replicates the model, further designated as 'BFM model', presented in 'Energy Economics' by Bonaldo, Fo",Result not specified in abstract
Music learning and skill development: a replication study of Hille and Schupp (2015),2025,"F Koehler, E Schurig","M Feldhaus, F Koehler, E Schurig… - Educational …, 2025 - Taylor & Francis",0,https://www.tandfonline.com/doi/abs/10.1080/01443410.2025.2477181,high,"Hille et al. (2015): ""The impact of music learning on cognitive and non-cognitive skills""",In this article we replicate major parts of this study by applying similar methods but now to an …,In this article we replicate major parts of this study by applying similar methods but now to an …
"Does Education Improve Cognitive Performance Four Decades After School Completion?: A Replication Study of Nicole Schneeweis, Vegard Skirbekk and Rudolf …",2025,,"V Schiele, BB Tawiah - … Comments and Replications in Economics, 2025 - ojs.jcr-econ.org",0,https://www.ojs.jcr-econ.org/index.php/jcre/article/view/14,high,"Schneeweis et al. (2014): ""Does Education Improve Cognitive Performance Four Decades After School""",Method not specified in abstract,Result not specified in abstract
Re‐examining investor sentiment and stock returns: A replication and extension of Baker and Wurgler (2006),2025,"K Leong, D Li, H Li, Z Xu","K Leong, D Li, H Li, C Peng, Z Xu - Economic Inquiry, 2025 - Wiley Online Library",0,https://onlinelibrary.wiley.com/doi/abs/10.1111/ecin.13290,high,"Baker et al. (2006): ""Investor sentiment and the stock market""",Method not specified in abstract,Result not specified in abstract
A replication study on “Revisiting the linkages between oil prices and macroeconomy for the euro area: Does energy inflation still matter?”,2025,"S Ghosh, K Kanjilal","S Ghosh, K Kanjilal - Energy Economics, 2025 - Elsevier",0,https://www.sciencedirect.com/science/article/pii/S0140988325002798,high,"Jawadi et al. (2023): ""Revisiting the linkages between oil prices and macroeconomy for the eu""",Method not specified in abstract,effect significance noted
Replication files for: Asymmetric Backlash against Structural Economic Change: The Electoral Consequences of the Coal Phase-Out in Germany,2025,S Stutzmann,S Stutzmann - 2025 - kops.uni-konstanz.de,0,https://kops.uni-konstanz.de/entities/dataset/66ec5077-2a9d-47b2-8eed-bf79a484e008,high,"Stutzmann & Sophia (2025): ""Asymmetric backlash against structural economic change: The electoral """,difference-in-differences,effect significance noted
Behind the screens: A replication and extension of Coasian bargaining experiments in the digital age,2025,"CC Eckel, R Rholes","JD Backstrom, CC Eckel, R Rholes… - European Economic …, 2025 - Elsevier",0,https://www.sciencedirect.com/science/article/pii/S0014292125000741,high,"Hoffman et al. (1982): ""Experimental Tests of the Coase Theorem with Bargaining Costs""",Method not specified in abstract,We find …
Replication: Dictator Games with different endowment sources,2025,"D Aycinena, F Bogliacino, E Kimbrough","D Aycinena, F Bogliacino, E Kimbrough - Available at SSRN 5269482, 2025 - osf.io",0,https://osf.io/t842w/download,high,Cherry et al. (2002); Oxoby and Spraggon (2008); Spraggon (2008),conceptual replication,Result not specified in abstract
"Replication Report: A Comment on"" Politicians' Private Sector Job and Parliamentary Behavior""",2025,"L Lehner, A Sutherland","R Ganly, L Lehner, PL Nguyen, A Sutherland - 2025 - econstor.eu",0,https://www.econstor.eu/handle/10419/311308,high,"Weschle & Thomas (2024): ""Politicians' Private Sector Job and Parliamentary Behavior""",difference-in-differences; robustness check,significance noted; effect significance noted
Revisiting Singularity and Compassion Fade: Replication and extensions of Experiments 1a and 3 in Västfjäll et al.(2014),2025,"L Mayiwar, I Rudko","L Mayiwar, S Yu, Y Jeong, R Rekdal, T Do, I Rudko… - researchgate.net",0,https://www.researchgate.net/profile/Gilad-Feldman/publication/389085938_Revisiting_Singularity_and_Compassion_Fade_Replication_and_extensions_of_Experiments_1a_and_3_in_Vastfjall_et_al_2014/links/67be6ac0461fb56424e9d9ae/Revisiting-Singularity-and-Compassion-Fade-Replication-and-extensions-of-Experiments-1a-and-3-in-Vaestfjaell-et-al-2014.pdf,high,"Västfjäll et al. (2014): ""The singularity effect: A bias in the perception of the value of human""",Method not specified in abstract,Result not specified in abstract
Applicant Perceptions of Selection Methods: Replicating and Extending Previous Research,2025,G Castano,"LD Zibarras, G Castano… - International Journal of …, 2025 - Wiley Online Library",0,https://onlinelibrary.wiley.com/doi/abs/10.1111/ijsa.70007,medium,Not identifiable from abstract,"… Steiner and Gilliland report the coefficient α for all selection methods, and we replicate this approach, with the coefficient α","… Steiner and Gilliland report the coefficient α for all selection methods, and we replicate this approach, with the coefficient α for the two-item pr"
"Replication material for"" The effect of geographical denomination on the uptake of fungus-resistant grapes""",2025,L Zachmann,L Zachmann - 2025 - research-collection.ethz.ch,0,https://www.research-collection.ethz.ch/bitstream/handle/20.500.11850/724874/1/ReplicationDocument.pdf,high,Not identifiable from abstract,Method not specified in abstract,Result not specified in abstract
A Reassessment of Likelihood Approximation by Integration on Sparse Grids,2025,S Madaras,"S Madaras, Z Sándor - Journal of Applied Econometrics, 2025 - Wiley Online Library",0,https://onlinelibrary.wiley.com/doi/abs/10.1002/jae.3108,high,Not identifiable from abstract,extends original sample/period,Result not specified in abstract
Does Self-Care Benefit from Pro-social Advertising? a Replication Study of the Advertising-Empowerment-Model,2025,"I Koinig, S Diehl, B Mueller","I Koinig, S Diehl, B Mueller - … in Advertising Research XIII: Frontiers of …, 2025 - Springer",0,https://link.springer.com/chapter/10.1007/978-3-658-43936-1_9,high,"Diehl et al. (2015): ""Doing good matters to consumers: The effectiveness of humane-oriented """,Method not specified in abstract,Result not specified in abstract
Exploring the suitability of cannabis use with next‐day responsibilities: A behavioral‐economic and qualitative study,2025,BP Miller,"BP Miller, K Csölle, C Chen, A Lester… - Journal of the …, 2025 - Wiley Online Library",0,https://onlinelibrary.wiley.com/doi/abs/10.1002/jeab.4209,high,"Ferguson et al. (2021): ""Title of the replicated paper""",Method not specified in abstract,replicates and extends original
"Liberal economic institutions predict decreases in relative poverty, but only in developed, individualist societies: a global analysis, 2000–2019",2025,"T Rutar, M Hočevar","T Rutar, M Hočevar - 2025 - researchgate.net",0,https://www.researchgate.net/profile/Tibor-Rutar/publication/387764716_Liberal_economic_institutions_predict_decreases_in_relative_poverty_but_only_in_developed_individualist_societies_a_global_analysis_2000-2019/links/678002b618faf13f0c3da5c1/Liberal-economic-institutions-predict-decreases-in-relative-poverty-but-only-in-developed-individualist-societies-a-global-analysis-2000-2019.pdf,high,"Giorgio & First (2024): ""Title of Giorgio's paper""",… We are unable to replicate Giorgio's (2024) finding in our enlarged EU sample,unable to replicate
Replication Data for: Efficiency of European oil companies: an empirical analysis,2025,B Sanchez-Robles,"B Sanchez-Robles - Replication Data for: Efficiency of …, 2025 - portalcientifico.uned.es",0,https://portalcientifico.uned.es/documentos/67a9c7bb19544708f8c70c0f,high,"Sanchez-Robles et al. (2022): ""Efficiency of European oil companies: an empirical analysis""",Method not specified in abstract,Result not specified in abstract
Replication Data for: Efficiency and Super-Efficiency in the CRO Industry,2025,"B Sanchez-Robles, RF Diaz","B Sanchez-Robles, RF Diaz - Replication Data for …, 2025 - portalcientifico.uned.es",0,https://portalcientifico.uned.es/documentos/67a9c7bb19544708f8c70c12,high,"Díaz et al. (2024): ""Efficiency and Super-Efficiency in the CRO Industry, 2012–2021: A Two-""",Method not specified in abstract,Result not specified in abstract
"PROTOCOL: The impact of infrastructure on low-income consumers' nutritious diet, women's economic empowerment, and gender equality in low-and middle-income …",2025,,"G Adobea Odei Obeng-Amoako, C Panyin Nyan… - …, 2025 - cabidigitallibrary.org",0,https://www.cabidigitallibrary.org/doi/abs/10.1079/protocolrxiv.2025.00002,high,"Masset et al. (2012): ""The impact of agricultural interventions on children's nutritional out""",Method not specified in abstract,Result not specified in abstract
A comment on 'growth and inequality in public good provision': Testing the robustness and generalizability of dynamic public good games,2025,,"H Roggenkamp - Journal of Behavioral and Experimental Economics, 2025 - Elsevier",0,https://www.sciencedirect.com/science/article/pii/S2214804324001708,low,Not identifiable from abstract,"… Using both a student and a more representative sample, I then replicate findings about growth and inequality in public good prov",Result not specified in abstract
Hindsight Bias: A Preregistered Replication Study Of Fischhoff (1975) With An Extension On Depressive Symptoms As Moderation.,2025,"L Seda, D Fatori, MC Batistuzzo","L Seda, D Fatori, MC Batistuzzo - 2025 - osf.io",0,https://osf.io/x394e/download,high,"Fischhoff & Baruch (1975): ""Hindsight ≠ foresight: The effect of outcome knowledge on judgment und""",pre-registered replication; direct replication,fails to replicate; original effect may be overstated; directional effect found; effect significance noted
Replication Report: Corrupted by Algorithms? How AI-generated And Human-written Advice Shape (Dis) Honesty,2025,L Deer,"L Deer, A Krishna, L Zhang - 2025 - econstor.eu",0,https://www.econstor.eu/handle/10419/313185,high,Not identifiable from abstract,uses original data/code; laboratory experiment; same design/methodology; robustness check,no significant effect found; directional effect found; effect significance noted
"Is UWLS Really Better? A Replication and Pre-Registered Robustness Check of Stanley et al., Journal of Clinical Epidemiology (2023)",2025,WR Reed,"S Hong, WR Reed - 2025 - ideas.repec.org",0,https://ideas.repec.org/p/cbt/econwp/25-01.html,high,"Stanley et al. (2023): ""Meta-Analysis of the Effect of Unrestricted Weighted Least Squares on """,uses original data/code; pre-registered replication; meta-analysis; robustness check,Result not specified in abstract
Replication and Extension of Schooling Effects on Cognitive Control and Brain Activation,2025,,"A Liu, A Maganti, T Sun, B Wen - 2025 - escholarship.org",0,https://escholarship.org/content/qt1xx977n3/qt1xx977n3.pdf,high,Not identifiable from abstract,direct replication; natural experiment,no significant effect found; directional effect found; effect significance noted
Revisiting mental accounting classic paradigms: Replication Registered Report of the problems reviewed in Thaler (1999),2025,G Feldman,"M Li, G Feldman - researchgate.net",0,https://www.researchgate.net/profile/Gilad-Feldman/publication/359133047_Revisiting_mental_accounting_classic_paradigms_Replication_Registered_Report_of_the_problems_reviewed_in_Thaler_1999/links/681ddd6cd1054b0207ecec91/Revisiting-mental-accounting-classic-paradigms-Replication-Registered-Report-of-the-problems-reviewed-in-Thaler-1999.pdf,high,"Thaler & H. (1999): ""Mental Accounting Matters""","… Mental accounting has long been a heated topic in the field of behavioral economics, … problems we aimed to replicate, several d",Result not specified in abstract
The Cycle Continues: An Assessment of Democratic Transitions in Latin America with New Data and Indicators,2025,LG Barberia,"LG Barberia, KS Piazza… - Journal of Politics in …, 2025 - journals.sagepub.com",0,https://journals.sagepub.com/doi/abs/10.1177/1866802X241306119,high,Not identifiable from abstract,Method not specified in abstract,"… In what follows, we replicate and examine two recent studies on economic voting and political … The results of our replication exercises and assessm"
Reciprocity and the tragedies of maintaining and providing the commons: A replication and an extension to income inequality,2025,M Drouvelis,"M Drouvelis, Z Qiu - Economic Inquiry, 2025 - Wiley Online Library",0,https://onlinelibrary.wiley.com/doi/abs/10.1111/ecin.13297,high,Not identifiable from abstract,Method not specified in abstract,Result not specified in abstract
Revisiting the psychology of waste: Replication and extensions Registered Report of Arkes (1996),2025,G Feldman,"Z Zhu, G Feldman - Royal Society Open Science, 2025 - royalsocietypublishing.org",0,https://royalsocietypublishing.org/doi/abs/10.1098/rsos.250367,high,"Arkes & R. (1996): ""The psychology of waste: An examination of the sunk cost effect""",Method not specified in abstract,Result not specified in abstract
Effects of winning and losing streaks on within-session chasing in online gambling: A replication and extension study,2025,"N Banerjee, X Noël, Z Chen","N Banerjee, X Noël, Z Chen - International Gambling Studies, 2025 - Taylor & Francis",0,https://www.tandfonline.com/doi/abs/10.1080/14459795.2025.2494598,high,Not identifiable from abstract,… The significant interaction we observed in the exploratory dataset was therefore not replicated,not replicated; effect significance noted
Replication Data for: Democratic Backsliding and Support for Public Good Provision in the European Union,2025,"M Heermann, S Baute, D Leuffen","M Heermann, S Baute, D Leuffen - 2025 - kops.uni-konstanz.de",0,https://kops.uni-konstanz.de/entities/dataset/8f545946-b0c8-4dbd-90b1-f68e30fdfe9a,high,"Heermann et al. (2025): ""Democratic backsliding and support for public good provision in the Eu""",Method not specified in abstract,"Drawing on an original survey conducted in Germany, Italy, Poland, and Sweden, we find that citizens strongly support EU measures to fight democratic "
"Happy Work, Happy Life? A Replication and Comparison of the Longitudinal Effects Between Job and Life Satisfaction Using Continuous Time Meta‐Analysis",2025,"CW Wiese, C Dormann, H Vaziri, L Tay","CW Wiese, C Dormann, H Vaziri, L Tay… - Journal of …, 2025 - Wiley Online Library",0,https://onlinelibrary.wiley.com/doi/abs/10.1002/job.2861,high,Not identifiable from abstract,Method not specified in abstract,Result not specified in abstract
Guided Persona-based AI Surveys: Can we replicate personal mobility preferences at scale using LLMs?,2025,"I Tzachristas, S Narayanan, C Antoniou","I Tzachristas, S Narayanan, C Antoniou - arXiv preprint arXiv:2501.13955, 2025 - arxiv.org",0,https://arxiv.org/abs/2501.13955,medium,"MiD 2017 Team (2017): ""Mobility in Germany 2017 (MiD 2017)""","13955 Focus to learn more arXiv-issued DOI via DataCite Submission history From: Ioannis Tzachristas [ view email ] [v1] Mon, 20 J",13955 (cs) [Submitted on 20 Jan 2025] Title: Guided Persona-based AI Surveys: Can we replicate personal mobility preferences at scale using LLMs? Auth
From shared grievances to collective action: A multilevel study of economic adversity and protest,2025,A Azedi,"A Azedi - International Sociology, 2025 - journals.sagepub.com",0,https://journals.sagepub.com/doi/abs/10.1177/02685809241292076,medium,Not identifiable from abstract,Method not specified in abstract,Result not specified in abstract
Is ecosystem resilience an economic insurance? Evidence from the Goulburn-Broken Catchment farmland in Australia,2025,"MA Drupp, S Baumgärtner","MA Drupp, S Baumgärtner - Evidence from the Goulburn-Broken …, 2025 - papers.ssrn.com",0,https://papers.ssrn.com/sol3/papers.cfm?abstract_id=5118847,high,Not identifiable from abstract,Method not specified in abstract,Result not specified in abstract
Replication Data for: The Politics of Status Preservation: Immigration and the Knowledge Economy Class,2025,,B Van Staalduinen - 2025 - kops.uni-konstanz.de,0,https://kops.uni-konstanz.de/entities/dataset/894c1cb6-aa25-43e3-bd2d-f93748c77d08/full,high,Not identifiable from abstract,survey data,Result not specified in abstract
Climate change and health risk perception in India: A replication of the climate change risk perception model,2025,,"A Iyer, KA Jose - Journal of Environmental Psychology, 2025 - Elsevier",0,https://www.sciencedirect.com/science/article/pii/S0272494425001094,high,Not identifiable from abstract,Method not specified in abstract,Result not specified in abstract
Does Competition Make Businesses Resilient?,2025,N Rogers,"R Jain, R Poudel, N Rogers - … Business and Economics, 2025 - search.proquest.com",0,https://search.proquest.com/openview/3cc72214ebb71413546bc018d61bdc7f/1?pq-origsite=gscholar&cbl=38282,low,Not identifiable from abstract,Method not specified in abstract,Result not specified in abstract
"Economic growth, energy consumption and CO2 emissions: A replication",2025,,"Q Chen, E Zhang - Energy Economics, 2025 - Elsevier",0,https://www.sciencedirect.com/science/article/pii/S0140988325003627,high,Not identifiable from abstract,Method not specified in abstract,Result not specified in abstract
World Development and interdisciplinarity: re-examining the economics silo,2025,,"M Aistleitner - Decolonial Narratives in Economics, 2025 - elgaronline.com",0,https://www.elgaronline.com/edcollchap/book/9781035329649/chapter2.xml,high,"Hodgson & M. (1994): ""Economics and Evolution: Bringing Life Back into Economics""",Method not specified in abstract,Result not specified in abstract
Population Diversity and Economic Growth: A Meta‐Regression Analysis,2025,A Sintos,"A Sintos - Journal of Economic Surveys, 2025 - Wiley Online Library",0,https://onlinelibrary.wiley.com/doi/abs/10.1111/joes.12681,medium,Not identifiable from abstract,Method not specified in abstract,"We find a subtle inclination toward publishing results that assert a negative correlation between diversity and economic … Moreover, we replicate our "
Job Market Stars: Statistical Significance and Academic Hiring in Economics,2025,"L Kattan, A Brodeur","L Kattan, M Musumeci, A Brodeur - Available at SSRN 5252971 - papers.ssrn.com",0,https://papers.ssrn.com/sol3/papers.cfm?abstract_id=5252971,medium,Not identifiable from abstract,Method not specified in abstract,Result not specified in abstract
Replicating the Success of KB Villages: A Mock Study of Mamasa District as a Development Model in Lempangang Village,2025,"II Al Ayyubi, E Prayetno","II Al Ayyubi, E Prayetno… - Dinamis: Jurnal …, 2025 - ejournal.unhasy.ac.id",0,https://ejournal.unhasy.ac.id/index.php/dinamis/article/view/8697,high,Not identifiable from abstract,Method not specified in abstract,Result not specified in abstract
Building Trust in Illiquid Markets: an AI-Powered Replication of Private Equity Funds,2025,E Benhamou,"E Benhamou, JJ Ohana, B Guez, E Setrouk… - Available at …, 2025 - papers.ssrn.com",0,https://papers.ssrn.com/sol3/papers.cfm?abstract_id=5199100,high,Not identifiable from abstract,Method not specified in abstract,Result not specified in abstract
Estimating Heterogeneity in Intuitive Prosociality,2025,"A Kvarven, E Strømland, G Torsvik","A Kvarven, E Strømland, G Torsvik - 2025 - osf.io",0,https://osf.io/4kxsu/download,high,Rand (2016),direct replication; survey data; meta-analysis,fails to replicate; opposite direction; mixed results; significance noted
