row_index,title,year,authors,journal,cited_by,link,is_replication,confidence,reasoning
0,Evaluating replicability of laboratory experiments in economics,2016,"CF Camerer, A Dreber, E Forsell, TH Ho, J Huber","CF Camerer, A Dreber, E Forsell, TH Ho, J Huber… - Science, 2016 - science.org",1596,https://www.science.org/doi/abs/10.1126/science.aaf0918,True,low,"One moderate signal; might be incidental use of ""replicate"". (a_mod=1)"
1,"The economic burden of prescription opioid overdose, abuse, and dependence in the United States, 2013",2016,C Zhou,"CS Florence, C Zhou, F Luo, L Xu - Medical care, 2016 - journals.lww.com",1578,https://journals.lww.com/lww-medicalcare/fulltext/2016/10000/The_Economic_Burden_of_Prescription_Opioid.2.aspx?utm_campaign=Rx+Summit&utm_source=hs_email&utm_medium=email&utm_content=37802781&_hsenc=p2...,True,low,"One moderate signal; might be incidental use of ""replicate"". (a_mod=1)"
2,Can war foster cooperation?,2016,"M Bauer, C Blattman, J Chytilová, J Henrich","M Bauer, C Blattman, J Chytilová, J Henrich… - Journal of Economic …, 2016 - aeaweb.org",1004,https://www.aeaweb.org/articles?id=10.1257/jep.30.3.249,True,medium,"Multiple moderate replication signals, no negatives. (a_mod=2)"
3,Pushing on a string: US monetary policy is less powerful in recessions,2016,"S Tenreyro, G Thwaites","S Tenreyro, G Thwaites - American Economic Journal …, 2016 - aeaweb.org",713,https://www.aeaweb.org/articles?id=10.1257/mac.20150016,True,medium,"Multiple moderate replication signals, no negatives. (a_mod=2)"
4,Poverty and economic decision-making: Evidence from changes in financial resources at payday,2016,"LS Carvalho, S Meier, SW Wang","LS Carvalho, S Meier, SW Wang - American economic review, 2016 - aeaweb.org",698,https://www.aeaweb.org/articles?id=10.1257%2Faer.20140481&source=post_page---------------------------,False,high,No replication signals found in title or abstract.
5,Other-regarding preferences,2016,"DJ Cooper, JH Kagel","DJ Cooper, JH Kagel - The handbook of experimental economics, 2016 - degruyter.com",683,https://www.degruyter.com/document/doi/10.1515/9781400883172-005/pdf?licenseType=restricted,False,high,No replication signals found in title or abstract.
6,Dynamic effects of teacher turnover on the quality of instruction,2016,"EA Hanushek, JC Schiman","EA Hanushek, SG Rivkin, JC Schiman - Economics of Education Review, 2016 - Elsevier",480,https://www.sciencedirect.com/science/article/pii/S027277571530087X,True,medium,"Multiple moderate replication signals, no negatives. (a_mod=2)"
7,Examination of the synthetic control method for evaluating health policies with multiple treated units,2016,"N Kreif, R Grieve, D Hangartner","N Kreif, R Grieve, D Hangartner, AJ Turner… - … economics, 2016 - Wiley Online Library",424,https://onlinelibrary.wiley.com/doi/abs/10.1002/hec.3258,True,high,Abstract has strong replication signal. (a_strong=1)
8,Heaping‐induced bias in regression‐discontinuity designs,2016,"AI Barreca, JM Lindo, GR Waddell","AI Barreca, JM Lindo, GR Waddell - Economic inquiry, 2016 - Wiley Online Library",365,https://onlinelibrary.wiley.com/doi/abs/10.1111/ecin.12225,True,medium,"Multiple moderate replication signals, no negatives. (a_mod=2)"
9,Social vulnerability to natural hazards in Brazil,2016,"BM de Loyola Hummell, SL Cutter","BM de Loyola Hummell, SL Cutter… - International Journal of …, 2016 - Springer",356,https://link.springer.com/article/10.1007/s13753-016-0090-9,True,high,Abstract has strong replication signal. (a_strong=1)
10,Government quality and the economic returns of transport infrastructure investment in European regions,2016,"R Crescenzi, M Di Cataldo","R Crescenzi, M Di Cataldo… - Journal of Regional …, 2016 - Wiley Online Library",327,https://onlinelibrary.wiley.com/doi/abs/10.1111/jors.12264,False,medium,"Replication language appears incidental (method step, table/figure reproduction, own results)."
11,The realization effect: Risk-taking after realized versus paper losses,2016,A Imas,"A Imas - American Economic Review, 2016 - aeaweb.org",323,https://www.aeaweb.org/articles?id=10.1257/aer.20140386,True,high,Abstract has strong replication signal. (a_strong=1)
12,A theoretical and experimental appraisal of four risk elicitation methods,2016,"P Crosetto, A Filippin","P Crosetto, A Filippin - Experimental Economics, 2016 - Springer",298,https://link.springer.com/article/10.1007/s10683-015-9457-9,True,high,Abstract has strong replication signal. (a_strong=1)
13,Revisiting the corporate social performance‐financial performance link: A replication of W addock and G raves,2016,"X Zhao, AJ Murrell","X Zhao, AJ Murrell - Strategic Management Journal, 2016 - Wiley Online Library",297,https://onlinelibrary.wiley.com/doi/abs/10.1002/smj.2579,True,high,"Title contains explicit replication indicator. (t_strong=2, a_strong=1)"
14,Aid on demand: African leaders and the geography of China's foreign assistance,2016,"A Dreher, A Fuchs, R Hodler, B Parks","A Dreher, A Fuchs, R Hodler, B Parks… - Centro Studi Luca d' …, 2016 - papers.ssrn.com",253,https://papers.ssrn.com/sol3/papers.cfm?abstract_id=2900351,True,medium,"Multiple moderate replication signals, no negatives. (a_mod=2)"
15,An exploration of the importance of the strategy used to identify gentrification,2016,M Barton,"M Barton - Urban Studies, 2016 - journals.sagepub.com",211,https://journals.sagepub.com/doi/abs/10.1177/0042098014561723,False,high,No replication signals found in title or abstract.
16,Evolving choice inconsistencies in choice of prescription drug insurance,2016,"J Abaluck, J Gruber","J Abaluck, J Gruber - American Economic Review, 2016 - aeaweb.org",208,https://www.aeaweb.org/articles?id=10.1257/aer.20130778,True,high,Abstract has strong replication signal. (a_strong=1)
17,Manufacturing and economic development: The actuality of Kaldor's first and second laws,2016,"N Marconi, CF de Borja Reis","N Marconi, CF de Borja Reis, EC De Araujo - … Change and Economic …, 2016 - Elsevier",192,https://www.sciencedirect.com/science/article/pii/S0954349X15000788,False,high,No replication signals found in title or abstract.
18,Entrepreneurial finance and technology transfer,2016,"DB Audretsch, EE Lehmann, S Paleari","DB Audretsch, EE Lehmann, S Paleari… - The Journal of …, 2016 - Springer",182,https://link.springer.com/article/10.1007/s10961-014-9381-8,True,low,"Weak evidence: strong signal competes with negative signal. (a_strong=1, a_neg=1)"
19,Reinquiry into advertising avoidance on the internet: A conceptual replication and extension,2016,"Z Seyedghorban, H Tahernejad","Z Seyedghorban, H Tahernejad… - Journal of …, 2016 - Taylor & Francis",172,https://www.tandfonline.com/doi/abs/10.1080/00913367.2015.1085819,True,high,"Title contains explicit replication indicator. (t_strong=2, a_strong=2)"
20,Not-so-strong evidence for gender differences in risk taking,2016,JA Nelson,"JA Nelson - Feminist Economics, 2016 - Taylor & Francis",169,https://www.tandfonline.com/doi/abs/10.1080/13545701.2015.1057609,False,high,No replication signals found in title or abstract.
21,"Language, culture and institutions: Evidence from a new linguistic dataset",2016,LS Davis,"LS Davis, F Abdurazokzoda - Journal of Comparative Economics, 2016 - Elsevier",166,https://www.sciencedirect.com/science/article/pii/S0147596715000992,False,high,No replication signals found in title or abstract.
22,Mineral economics and policy,2016,JE Tilton,"JE Tilton, JI Guzmán - 2016 - taylorfrancis.com",152,https://www.taylorfrancis.com/books/mono/10.4324/9781315733708/mineral-economics-policy-john-tilton-juan-ignacio-guzm%C3%A1n,True,low,"One moderate signal; might be incidental use of ""replicate"". (a_mod=1)"
23,Prosocial behavior increases with age across five economic games,2016,"Y Li, T Kiyonari","Y Matsumoto, T Yamagishi, Y Li, T Kiyonari - PloS one, 2016 - journals.plos.org",142,https://journals.plos.org/plosone/article?id=10.1371/journal.pone.0158671,True,high,Abstract has strong replication signal. (a_strong=1)
24,Macropsychological factors predict regional economic resilience during a major economic crisis,2016,"M Obschonka, M Stuetzer","M Obschonka, M Stuetzer… - Social …, 2016 - journals.sagepub.com",142,https://journals.sagepub.com/doi/abs/10.1177/1948550615608402,False,high,No replication signals found in title or abstract.
25,The effects of endowment size and strategy method on third party punishment,2016,"J Jordan, K McAuliffe, D Rand","J Jordan, K McAuliffe, D Rand - Experimental Economics, 2016 - Springer",141,https://link.springer.com/article/10.1007/s10683-015-9466-8,True,low,"One moderate signal; might be incidental use of ""replicate"". (a_mod=1)"
26,Economic freedom and economic crises,2016,C Bjørnskov,"C Bjørnskov - European Journal of Political Economy, 2016 - Elsevier",138,https://www.sciencedirect.com/science/article/pii/S0176268016301082,False,high,No replication signals found in title or abstract.
27,Decentralization and economic growth reconsidered: The role of regional authority,2016,"A Filippetti, A Sacchi","A Filippetti, A Sacchi - Environment and Planning C …, 2016 - journals.sagepub.com",135,https://journals.sagepub.com/doi/abs/10.1177/0263774x16642230,False,high,No replication signals found in title or abstract.
28,"Crime, compulsory schooling laws and education",2016,"B Bell, R Costa, S Machin","B Bell, R Costa, S Machin - Economics of Education Review, 2016 - Elsevier",131,https://www.sciencedirect.com/science/article/pii/S0272775715001144,False,high,No replication signals found in title or abstract.
29,Cortical thickness of the dorsolateral prefrontal cortex predicts strategic choices in economic games,2016,"H Takagishi, ASR Fermin, R Kanai","T Yamagishi, H Takagishi, ASR Fermin, R Kanai… - Proceedings of the …, 2016 - pnas.org",130,https://www.pnas.org/doi/abs/10.1073/pnas.1523940113,True,high,Abstract has strong replication signal. (a_strong=1)
30,Using field experiments in accounting and finance,2016,"E Floyd, JA List","E Floyd, JA List - Journal of Accounting Research, 2016 - Wiley Online Library",128,https://onlinelibrary.wiley.com/doi/abs/10.1111/1475-679X.12113,False,high,No replication signals found in title or abstract.
31,Air pollution and procyclical mortality,2016,"G Heutel, CJ Ruhm","G Heutel, CJ Ruhm - … and Resource Economists, 2016 - journals.uchicago.edu",121,https://www.journals.uchicago.edu/doi/abs/10.1086/686251,False,high,No replication signals found in title or abstract.
32,"Replicating group-based trajectory models of crime at micro-places in Albany, NY",2016,"AP Wheeler, RE Worden","AP Wheeler, RE Worden, SJ McLean - Journal of quantitative criminology, 2016 - Springer",119,https://link.springer.com/article/10.1007/s10940-015-9268-3,True,high,"Title contains explicit replication indicator. (t_strong=1, a_strong=0)"
33,Replicating the multinationality‐performance relationship: Is there an S‐curve?,2016,"H Berry, A Kaul","H Berry, A Kaul - Strategic Management Journal, 2016 - Wiley Online Library",115,https://onlinelibrary.wiley.com/doi/abs/10.1002/smj.2567,True,high,"Title contains explicit replication indicator. (t_strong=1, a_strong=0)"
34,"Class bias in voter turnout, representation, and income inequality",2016,"WW Franko, NJ Kelly, C Witko","WW Franko, NJ Kelly, C Witko - Perspectives on Politics, 2016 - cambridge.org",115,https://www.cambridge.org/core/journals/perspectives-on-politics/article/class-bias-in-voter-turnout-representation-and-income-inequality/4111BEA1EB84C8C0347004ABFBED0C2B,False,high,No replication signals found in title or abstract.
35,The association between attention-deficit/hyperactivity (ADHD) symptoms and self-employment,2016,"I Verheul, J Block, I Franken","I Verheul, W Rietdijk, J Block, I Franken… - European journal of …, 2016 - Springer",111,https://link.springer.com/article/10.1007/s10654-016-0159-1,True,high,Abstract has strong replication signal. (a_strong=1)
36,"Social norms, labor market opportunities, and the marriage gap for skilled women",2016,"M Bertrand, P Cortés, C Olivetti, J Pan","M Bertrand, P Cortés, C Olivetti, J Pan - 2016 - nber.org",110,https://www.nber.org/papers/w22015,True,high,Abstract has strong replication signal. (a_strong=1)
37,Core and periphery in the European Monetary Union: Bayoumi and Eichengreen 25 years later,2016,"NF Campos, C Macchiarelli","NF Campos, C Macchiarelli - Economics Letters, 2016 - Elsevier",100,https://www.sciencedirect.com/science/article/pii/S0165176516302932,True,high,Abstract has multiple strong replication signals. (a_strong=2)
38,Work-related attitudes of Czech generation Z: International comparison,2016,J Kubátová,"J Kubátová - Central European Business Review, 2016 - ceeol.com",100,https://www.ceeol.com/search/article-detail?id=494386,True,high,Abstract has multiple strong replication signals. (a_strong=2)
39,Should organizations be forgiving or unforgiving? A two-study replication of how forgiveness climate in hospitality organizations drives employee attitudes and …,2016,"P Guchait, JA Lanza-Abbott","P Guchait, JA Lanza-Abbott… - Cornell Hospitality …, 2016 - journals.sagepub.com",99,https://journals.sagepub.com/doi/abs/10.1177/1938965516633308,True,high,"Title contains explicit replication indicator. (t_strong=1, a_strong=0)"
40,Markov models and cost effectiveness analysis: applications in medical research,2016,"M Komorowski, J Raffa","MITC Data, M Komorowski, J Raffa - Secondary analysis of electronic …, 2016 - Springer",99,https://link.springer.com/chapter/10.1007/978-3-319-43742-2_24,False,high,No replication signals found in title or abstract.
41,Registered replication report: Hart & albarracín (2011),2016,"A Eerland, AM Sherrill, JP Magliano","A Eerland, AM Sherrill, JP Magliano… - Perspectives on …, 2016 - journals.sagepub.com",95,https://journals.sagepub.com/doi/abs/10.1177/1745691615605826,True,high,Abstract has strong replication signal. (a_strong=1)
42,Economic uncertainty and earnings management,2016,"LCD Stein, CCY Wang","LCD Stein, CCY Wang - Harvard Business School Accounting & …, 2016 - papers.ssrn.com",94,https://papers.ssrn.com/sol3/papers.cfm?abstract_id=2746091,True,high,Abstract has multiple strong replication signals. (a_strong=2)
43,Economic conditions and mortality: evidence from 200 years of data,2016,"DM Cutler, W Huang, A Lleras-Muney","DM Cutler, W Huang, A Lleras-Muney - 2016 - nber.org",93,https://www.nber.org/papers/w22690,True,medium,"Multiple moderate replication signals, no negatives. (a_mod=2)"
44,Risk taking for oneself and others: A structural model approach,2016,"FM Vieider, C Villegas‐Palacio, P Martinsson","FM Vieider, C Villegas‐Palacio, P Martinsson… - Economic …, 2016 - Wiley Online Library",85,https://onlinelibrary.wiley.com/doi/abs/10.1111/ecin.12290,True,high,Abstract has strong replication signal. (a_strong=1)
45,Trading down,2016,,"J Capaldo, A Izurieta - Unemployment, Inequality and other risks of the …, 2016 - bu.edu",83,https://www.bu.edu/eci/files/2020/01/16-01Capaldo-IzurietaTPP.pdf,False,high,No replication signals found in title or abstract.
46,"Horizontal, vertical, and conglomerate cross-border acquisitions",2016,,"N Herger, S McCorriston - IMF Economic Review, 2016 - Springer",75,https://link.springer.com/article/10.1057/imfer.2015.42,False,high,No replication signals found in title or abstract.
47,University knowledge and the creation of innovative start-ups: An analysis of the Italian case,2016,M Guerini,"N Ghio, M Guerini, C Rossi-Lamastra - Small Business Economics, 2016 - Springer",74,https://link.springer.com/article/10.1007/s11187-016-9720-2,True,high,Abstract has strong replication signal. (a_strong=1)
48,Cancelling out early age gender differences in competition: an analysis of policy interventions,2016,"M Sutter, D Glätzle-Rützler, L Balafoutas","M Sutter, D Glätzle-Rützler, L Balafoutas… - … Economics, 2016 - Springer",72,https://link.springer.com/article/10.1007/s10683-015-9447-y,True,medium,"Multiple moderate replication signals, no negatives. (a_mod=2)"
49,"Gender, self-confidence, sports, and preferences for competition",2016,"I Comeig, A Grau-Grau, A Jaramillo-Gutiérrez","I Comeig, A Grau-Grau, A Jaramillo-Gutiérrez… - Journal of Business …, 2016 - Elsevier",70,https://www.sciencedirect.com/science/article/pii/S014829631500541X,True,high,Abstract has strong replication signal. (a_strong=1)
50,Using the Pareto distribution to improve estimates of topcoded earnings,2016,"RV Burkhauser, J Larrimore","P Armour, RV Burkhauser, J Larrimore - Economic Inquiry, 2016 - Wiley Online Library",67,https://onlinelibrary.wiley.com/doi/abs/10.1111/ecin.12299,True,high,Abstract has strong replication signal. (a_strong=1)
51,Technological congruence and the economic complexity of technological change,2016,C Antonelli,"C Antonelli - Structural Change and Economic Dynamics, 2016 - Elsevier",67,https://www.sciencedirect.com/science/article/pii/S0954349X15000661,False,medium,"Replication language appears incidental (method step, table/figure reproduction, own results)."
52,Cash inflows and bubbles in asset markets with constant fundamental values,2016,"CN Noussair, S Tucker","CN Noussair, S Tucker - Economic Inquiry, 2016 - Wiley Online Library",67,https://onlinelibrary.wiley.com/doi/abs/10.1111/ecin.12320,False,high,No replication signals found in title or abstract.
53,Reanalyzing zero returns to education in Germany,2016,"DA Kamhöfer, H Schmitz","DA Kamhöfer, H Schmitz - Journal of Applied Econometrics, 2016 - Wiley Online Library",66,https://onlinelibrary.wiley.com/doi/abs/10.1002/jae.2461,True,medium,"Multiple moderate replication signals, no negatives. (a_mod=2)"
54,Preference reversals: Time and again,2016,"C Alós-Ferrer, ÐG Granić","C Alós-Ferrer, ÐG Granić, J Kern… - Journal of Risk and …, 2016 - Springer",65,https://link.springer.com/article/10.1007/s11166-016-9233-z,True,low,"One moderate signal; might be incidental use of ""replicate"". (a_mod=1)"
55,Estimating the underground economy using MIMIC models,2016,,"T Breusch - Journal of Tax Administration, 2016 - journals.docuracy.co.uk",65,https://journals.docuracy.co.uk/jota/article/view/137,False,high,No replication signals found in title or abstract.
56,Hard times and regime failure: autocratic responses to economic downturns,2016,"D Tanneberg, C Stefes, W Merkel","D Tanneberg, C Stefes, W Merkel - Comparing autocracies in the …, 2016 - taylorfrancis.com",63,https://www.taylorfrancis.com/chapters/edit/10.4324/9781315752853-6/hard-times-regime-failure-autocratic-responses-economic-downturns-dag-tanneberg-christoph-stefes-wolfgang-merkel,True,low,"One moderate signal; might be incidental use of ""replicate"". (a_mod=1)"
57,Tax reforms in Latin America in an era of democracy,2016,"M Hallerberg, C Scartascini","D Focanti, M Hallerberg, C Scartascini - Latin American Research …, 2016 - cambridge.org",62,https://www.cambridge.org/core/journals/latin-american-research-review/article/tax-reforms-in-latin-america-in-an-era-of-democracy/A2859A2BFB361DC9A214ECC1A1391F17,True,high,Abstract has multiple strong replication signals. (a_strong=2)
58,"Context may be King, but generalizability is the Emperor!",2016,"Z Cheng, A Dimoka, PA Pavlou","Z Cheng, A Dimoka, PA Pavlou - Journal of Information …, 2016 - journals.sagepub.com",62,https://journals.sagepub.com/doi/abs/10.1057/s41265-016-0005-7,True,high,Abstract has strong replication signal. (a_strong=1)
59,Equity premium prediction: Are economic and technical indicators unstable?,2016,L Menkhoff,"F Baetje, L Menkhoff - International Journal of Forecasting, 2016 - Elsevier",60,https://www.sciencedirect.com/science/article/pii/S0169207016300267,True,high,Abstract has strong replication signal. (a_strong=1)
60,Forecasting structural change and fat-tailed events in Australian macroeconomic variables,2016,"J Cross, A Poon","J Cross, A Poon - Economic Modelling, 2016 - Elsevier",56,https://www.sciencedirect.com/science/article/pii/S0264999316301237,True,medium,"Multiple moderate replication signals, no negatives. (a_mod=2)"
61,On the timing and pricing of dividends: Comment,2016,F Schulz,"F Schulz - American Economic Review, 2016 - aeaweb.org",51,https://www.aeaweb.org/articles?id=10.1257/aer.20131416,True,medium,"Multiple moderate replication signals, no negatives. (a_mod=3)"
62,Comparing exponential and exponentiated models of drug demand in cocaine users.,2016,"JC Strickland, CR Rush","JC Strickland, JA Lile, CR Rush… - Experimental and Clinical …, 2016 - psycnet.apa.org",51,https://psycnet.apa.org/fulltext/2016-58897-004.html,False,high,No replication signals found in title or abstract.
63,Smartphones vs PCs: Does the device affect the web survey experience and the measurement error for sensitive topics?-A replication of the Mavletova & Couper's …,2016,"D Toninelli, M Revilla","D Toninelli, M Revilla - Survey Research Methods, 2016 - ojs.ub.uni-konstanz.de",50,https://ojs.ub.uni-konstanz.de/srm/article/view/6274,True,high,"Title contains explicit replication indicator. (t_strong=2, a_strong=1)"
64,Malware avoidance motivations and behaviors: A technology threat avoidance replication,2016,"DK Young, A McLeod","DK Young, D Carpenter, A McLeod - … Transactions on Replication …, 2016 - aisel.aisnet.org",50,https://aisel.aisnet.org/trr/vol2/iss1/8/,True,high,Abstract has strong replication signal. (a_strong=1)
65,Foreign capital inflows and economic growth in developed and emerging economies: A comparative analysis,2016,"NN Sawalha, MI Elian, AH Suliman","NN Sawalha, MI Elian, AH Suliman - The Journal of Developing Areas, 2016 - muse.jhu.edu",50,https://muse.jhu.edu/pub/51/article/609333/summary,False,high,No replication signals found in title or abstract.
66,A simple diagnostic to investigate instrument validity and heterogeneous effects when using a single instrument,2016,SG Dieterle,"SG Dieterle, A Snell - Labour Economics, 2016 - Elsevier",49,https://www.sciencedirect.com/science/article/pii/S0927537116300847,False,high,No replication signals found in title or abstract.
67,The impact of private and public feedback on worker performance—evidence from the lab,2016,L Gerhards,"L Gerhards, N Siemer - Economic Inquiry, 2016 - Wiley Online Library",48,https://onlinelibrary.wiley.com/doi/abs/10.1111/ecin.12310,True,high,Abstract has strong replication signal. (a_strong=1)
68,Choice inconsistencies among the elderly: Evidence from plan choice in the Medicare Part D program: Comment,2016,"JD Ketcham, NV Kuminoff","JD Ketcham, NV Kuminoff, CA Powers - American Economic Review, 2016 - aeaweb.org",46,https://www.aeaweb.org/articles?id=10.1257/aer.20131048,True,high,Abstract has strong replication signal. (a_strong=1)
69,Reassessing the economic value of advanced level mathematics,2016,"M Adkins, A Noyes","M Adkins, A Noyes - British Educational Research Journal, 2016 - Wiley Online Library",46,https://bera-journals.onlinelibrary.wiley.com/doi/abs/10.1002/berj.3219,False,high,No replication signals found in title or abstract.
70,Reputation formation in economic transactions,2016,"M Abraham, V Grimm","M Abraham, V Grimm, C Neeß, M Seebauer - Journal of Economic …, 2016 - Elsevier",46,https://www.sciencedirect.com/science/article/pii/S0167268115002772,True,high,Abstract has strong replication signal. (a_strong=1)
71,"Replicating the networking, mentoring and venture creation benefits of entrepreneurship centres on a shoestring: A student-centred approach to entrepreneurship …",2016,"R Bell, H Bell","R Bell, H Bell - Industry and Higher Education, 2016 - journals.sagepub.com",46,https://journals.sagepub.com/doi/abs/10.1177/0950422216660921,True,high,"Title contains explicit replication indicator. (t_strong=1, a_strong=0)"
72,Sexual selection and the evolution of altruism: males are more altruistic and cooperative towards attractive females,2016,MS Bhogal,"MS Bhogal, N Galbraith, K Manktelow - 2016 - wlv.openrepository.com",45,https://wlv.openrepository.com/items/10a7d1f6-cc50-4270-868c-021394a45e37,True,high,Abstract has multiple strong replication signals. (a_strong=2)
73,Professor Schneider's shadow economy: what do we really know? A rejoinder,2016,EL Feige,"EL Feige - Forthcoming in the Journal of Tax Administration, 2016 - papers.ssrn.com",45,https://papers.ssrn.com/sol3/papers.cfm?abstract_id=2793919,False,high,No replication signals found in title or abstract.
74,Impact of clusters on regional economic performance: A methodological investigation and application in the case of the precision goods sector in Switzerland,2016,,"M Resbeut, P Gugler - Competitiveness Review, 2016 - emerald.com",44,https://www.emerald.com/insight/content/doi/10.1108/cr-09-2015-0078/full/html,False,high,No replication signals found in title or abstract.
75,'Nonlinear causality between crude oil price and exchange rate: A comparative study of China and India'—A failed replication (negative Type 1 and Type 2),2016,"G De Vita, E Trachanas","G De Vita, E Trachanas - Energy Economics, 2016 - Elsevier",43,https://www.sciencedirect.com/science/article/pii/S0140988316300524,True,high,"Title contains explicit replication indicator. (t_strong=1, a_strong=2)"
76,Pricing competition: A new laboratory measure of gender differences in the willingness to compete,2016,"J Ifcher, H Zarghamee","J Ifcher, H Zarghamee - Experimental Economics, 2016 - Springer",43,https://link.springer.com/article/10.1007/s10683-015-9458-8,True,medium,"Multiple moderate replication signals, no negatives. (a_mod=2)"
77,Looking upstream and downstream in entrepreneurial cognition: replicating and extending the Busenitz and Barney (1997) study,2016,"RJ Arend, J Im","RJ Arend, X Cao, A Grego‐Nagel, J Im… - Journal of Small …, 2016 - Taylor & Francis",42,https://www.tandfonline.com/doi/abs/10.1111/jsbm.12233,True,high,Abstract has strong replication signal. (a_strong=1)
78,"Income reliably predicts daily sadness, but not happiness: A replication and extension of Kushlev, Dunn, and Lucas (2015)",2016,"NW Hudson, RE Lucas","NW Hudson, RE Lucas… - Social psychological …, 2016 - journals.sagepub.com",42,https://journals.sagepub.com/doi/abs/10.1177/1948550616657599,True,high,"Title contains explicit replication indicator. (t_strong=2, a_strong=0)"
79,The elusive effects of trade on growth: Export diversity and economic take‐off,2016,"TS Eicher, DJ Kuenzel","TS Eicher, DJ Kuenzel - Canadian Journal of Economics …, 2016 - Wiley Online Library",40,https://onlinelibrary.wiley.com/doi/abs/10.1111/caje.12197,True,high,Abstract has strong replication signal. (a_strong=1)
80,An externality-robust auction: Theory and experimental evidence,2016,"B Bartling, N Netzer","B Bartling, N Netzer - Games and Economic Behavior, 2016 - Elsevier",40,https://www.sciencedirect.com/science/article/pii/S0899825616300197,True,low,"One moderate signal; might be incidental use of ""replicate"". (a_mod=1)"
81,Inequality and electoral accountability: Class-biased economic voting in comparative perspective,2016,"T Hicks, AM Jacobs, JS Matthews","T Hicks, AM Jacobs, JS Matthews - The Journal of Politics, 2016 - journals.uchicago.edu",38,https://www.journals.uchicago.edu/doi/abs/10.1086/686157,True,low,"One moderate signal; might be incidental use of ""replicate"". (a_mod=1)"
82,Academic knowledge and economic growth: are scientific fields all alike?,2016,"C Antonelli, C Fassio","C Antonelli, C Fassio - Socio-Economic Review, 2016 - academic.oup.com",37,https://academic.oup.com/ser/article-abstract/14/3/537/2599062,True,medium,"Multiple moderate replication signals, no negatives. (a_mod=2)"
83,Long-run growth uncertainty,2016,"P Kuang, K Mitra","P Kuang, K Mitra - Journal of Monetary Economics, 2016 - Elsevier",31,https://www.sciencedirect.com/science/article/pii/S0304393216300137,False,high,No replication signals found in title or abstract.
84,Prospective analysis of behavioral economic predictors of stable moderation drinking among problem drinkers attempting natural recovery,2016,"JA Tucker, JW Cheong","JA Tucker, JW Cheong, SD Chandler… - Alcoholism: Clinical …, 2016 - Wiley Online Library",30,https://onlinelibrary.wiley.com/doi/abs/10.1111/acer.13245,True,high,Abstract has multiple strong replication signals. (a_strong=2)
85,The decline in the nutritional status of the US antebellum population at the onset of modern economic growth,2016,"J Komlos, B A'Hearn","J Komlos, B A'Hearn - 2016 - nber.org",29,https://www.nber.org/papers/w21845,True,high,Abstract has strong replication signal. (a_strong=1)
86,"The US business cycle, 1867–2006: A dynamic factor approach",2016,"A Ritschl, S Sarferaz, M Uebele","A Ritschl, S Sarferaz, M Uebele - Review of Economics and Statistics, 2016 - direct.mit.edu",29,https://direct.mit.edu/rest/article-abstract/98/1/159/58298,True,medium,"Multiple moderate replication signals, no negatives. (a_mod=2)"
87,The impact of financial crises on the finance–growth relationship: A European perspective,2016,B Mahlberg,"P Haiss, H Juvan, B Mahlberg - … and Monetary Economics, 2016 - Wiley Online Library",28,https://onlinelibrary.wiley.com/doi/abs/10.1111/ecno.12067,True,high,Abstract has strong replication signal. (a_strong=1)
88,Ambiguity attitudes in decisions for others,2016,C König-Kersting,"C König-Kersting, ST Trautmann - Economics Letters, 2016 - Elsevier",27,https://www.sciencedirect.com/science/article/pii/S0165176516302890,True,medium,"Multiple moderate replication signals, no negatives. (a_mod=2)"
89,When good measurement goes wrong: New evidence that New York State's minimum wage reduced employment,2016,"JJ Sabia, RV Burkhauser, B Hansen","JJ Sabia, RV Burkhauser, B Hansen - ILR Review, 2016 - journals.sagepub.com",27,https://journals.sagepub.com/doi/abs/10.1177/0019793915610557,True,high,Abstract has strong replication signal. (a_strong=1)
90,From imitation to collusion: a replication,2016,"J Oechssler, A Roomets","J Oechssler, A Roomets, S Roth - Journal of the Economic Science …, 2016 - cambridge.org",26,https://www.cambridge.org/core/journals/journal-of-the-economic-science-association/article/from-imitation-to-collusion-a-replication/C6DD4EE127D5EE6803D2E3D1BF20DB4B,True,high,"Title contains explicit replication indicator. (t_strong=1, a_strong=0)"
91,To plan or not to plan—mindset effects on visual attention in decision making.,2016,"J Rahn, A Achtziger","J Rahn, A Jaudas, A Achtziger - … , Psychology, and Economics, 2016 - psycnet.apa.org",25,https://psycnet.apa.org/journals/npe/9/2/109/,False,high,No replication signals found in title or abstract.
92,Does bilateral trust across countries really affect international trade and factor mobility?,2016,,"E Spring, V Grossmann - Empirical Economics, 2016 - Springer",24,https://link.springer.com/article/10.1007/s00181-015-0915-1,True,high,Abstract has multiple strong replication signals. (a_strong=2)
93,Flexible estimation of copulas: An application to the US housing crisis,2016,"ATY Ho, KP Huynh","ATY Ho, KP Huynh… - Journal of Applied …, 2016 - Wiley Online Library",23,https://onlinelibrary.wiley.com/doi/abs/10.1002/jae.2437,True,high,Abstract has multiple strong replication signals. (a_strong=2)
94,Built to last: Understanding the link between democracy and conflict in the international system,2016,"MJC Crescenzi, KM Kadera","MJC Crescenzi, KM Kadera - International Studies Quarterly, 2016 - academic.oup.com",23,https://academic.oup.com/isq/article-abstract/60/3/565/2469857,True,medium,"Multiple moderate replication signals, no negatives. (a_mod=2)"
95,New empirics of monetary policy dynamics: evidence from the CFA franc zones,2016,,"S Asongu - African Journal of Economic and Management Studies, 2016 - emerald.com",23,https://www.emerald.com/insight/content/doi/10.1108/ajems-11-2012-0079/full/html,False,high,No replication signals found in title or abstract.
96,Behavioural economics and tax evasion: calibrating an agent-based econophysics model with experimental tax compliance data,2016,"C Bazart, S Hokamp","C Bazart, A Bonein, S Hokamp… - Journal of Tax …, 2016 - journals.docuracy.co.uk",23,https://journals.docuracy.co.uk/jota/article/view/140,True,high,Abstract has strong replication signal. (a_strong=1)
97,Paving the way for the use of the SDQ in economic evaluations of school-based population health interventions: an empirical analysis of the external validity of SDQ …,2016,"NRS Boyer, P Connolly, E McIntosh","NRS Boyer, S Miller, P Connolly, E McIntosh - Quality of Life Research, 2016 - Springer",23,https://link.springer.com/article/10.1007/s11136-015-1218-x,False,high,No replication signals found in title or abstract.
98,Robust determinants of intergenerational mobility in the land of opportunity,2016,"A Kourtellos, CM Tan","A Kourtellos, C Marr, CM Tan - European Economic Review, 2016 - Elsevier",22,https://www.sciencedirect.com/science/article/pii/S0014292115000963,True,high,Abstract has strong replication signal. (a_strong=1)
99,Continuance intention on using mobile banking applications: A replication study of information systems continuance model,2016,"A Vedadi, M Warkentin","A Vedadi, M Warkentin - AIS Transactions on Replication Research, 2016 - aisel.aisnet.org",22,https://aisel.aisnet.org/trr/vol2/iss1/7/,True,high,"Title contains explicit replication indicator. (t_strong=2, a_strong=2)"
100,Types of economic voting in regional elections: the 2012 Catalan election as a motivating case,2016,A Bosch,"A Bosch - Journal of Elections, Public Opinion and Parties, 2016 - Taylor & Francis",22,https://www.tandfonline.com/doi/abs/10.1080/17457289.2015.1119153,False,medium,"Replication language appears incidental (method step, table/figure reproduction, own results)."
101,Clarifying the behavioral economics of social anxiety disorder: Effects of interpersonal problems and symptom severity on generosity,2016,"TL Rodebaugh, RG Heimberg","TL Rodebaugh, RG Heimberg… - Clinical …, 2016 - journals.sagepub.com",22,https://journals.sagepub.com/doi/abs/10.1177/2167702615578128,False,high,No replication signals found in title or abstract.
102,Using seasonal stochastic dynamic programming to identify optimal management decisions that achieve maximum economic sustainable yields from grasslands …,2016,"K Behrendt, O Cacho","K Behrendt, O Cacho, JM Scott, R Jones - Agricultural Systems, 2016 - Elsevier",22,https://www.sciencedirect.com/science/article/pii/S0308521X16300312,True,high,Abstract has strong replication signal. (a_strong=1)
103,A monetary measure of the strength and robustness of the attraction effect,2016,"P Crosetto, A Gaudeul","P Crosetto, A Gaudeul - Economics Letters, 2016 - Elsevier",22,https://www.sciencedirect.com/science/article/pii/S0165176516303901,False,high,No replication signals found in title or abstract.
104,Effects of subcultural differences on country and product evaluations: A replication study,2016,"T Aichner, P Coletti, C Forza","T Aichner, P Coletti, C Forza, U Perkmann… - Journal of Global …, 2016 - Taylor & Francis",22,https://www.tandfonline.com/doi/abs/10.1080/08911762.2015.1138012,True,high,"Title contains explicit replication indicator. (t_strong=2, a_strong=2)"
105,Market design and the stability of general equilibrium,2016,"JK Goeree, L Lindsay","JK Goeree, L Lindsay - Journal of Economic Theory, 2016 - Elsevier",20,https://www.sciencedirect.com/science/article/pii/S0022053116300138,True,medium,"Multiple moderate replication signals, no negatives. (a_mod=2)"
106,Refining the application of the FLQ formula for estimating regional input coefficients: An empirical study for South Korean Regions,2016,,"AT Flegg, T Tohmo - Univ. West Engl, 2016 - iioa.org",19,https://www.iioa.org/conferences/24th/papers/files/2348_20160513091_KoreaFULLpaper.docx,True,high,Abstract has multiple strong replication signals. (a_strong=2)
107,Trust and reciprocity: extensions and robustness of triadic design,2016,"G Di Bartolomeo, S Papa","G Di Bartolomeo, S Papa - Experimental Economics, 2016 - Springer",19,https://link.springer.com/article/10.1007/s10683-014-9428-6,False,high,No replication signals found in title or abstract.
108,Economic conditions affect support for prime minister parties in Scandinavia,2016,M Vinæs Larsen,"M Vinæs Larsen - Scandinavian Political Studies, 2016 - Wiley Online Library",19,https://onlinelibrary.wiley.com/doi/abs/10.1111/1467-9477.12063,False,high,No replication signals found in title or abstract.
109,The psychological consequences of money for economic and social relationships,2016,"T Zaleskiewicz, A Gasiorowska","T Zaleskiewicz, A Gasiorowska - … international handbook of …, 2016 - taylorfrancis.com",19,https://www.taylorfrancis.com/chapters/edit/10.4324/9781315727448-31/psychological-consequences-money-economic-social-relationships-tomasz-zaleskiewicz-agata-gasiorowska,False,high,No replication signals found in title or abstract.
110,Family ties and socio-economic outcomes in high vs low income countries,2016,"G Daniele, B Geys","G Daniele, B Geys - The Journal of Development Studies, 2016 - Taylor & Francis",18,https://www.tandfonline.com/doi/abs/10.1080/00220388.2015.1098630,True,high,Abstract has strong replication signal. (a_strong=1)
111,When employers betray: a study of psychological contract breach among Croatian employees,2016,"Z Galić, M Tonković Grabovac","Z Galić, M Tonković Grabovac, I Gotvald… - … review of economics & …, 2016 - hrcak.srce.hr",18,https://hrcak.srce.hr/170567,False,high,No replication signals found in title or abstract.
112,"Socio-economic analysis of artisanal fishing operation in west and east axes of Lagos State, Nigeria",2016,,"JS Lawal, PO Obatola, EJ Giwa… - World Journal of …, 2016 - academia.edu",17,https://www.academia.edu/download/95685338/downloads.pdf,False,high,No replication signals found in title or abstract.
113,Do your findings depend on your data (base)? A comparative analysis and replication study using the three most widely used databases in international business …,2016,A Papadopoulos,"JB McGuire, BE James, A Papadopoulos - Journal of International …, 2016 - Elsevier",15,https://www.sciencedirect.com/science/article/pii/S1075425316300795,True,high,"Title contains explicit replication indicator. (t_strong=1, a_strong=2)"
114,Choice inconsistencies among the elderly: Evidence from plan choice in the Medicare Part D program: Reply,2016,"J Abaluck, J Gruber","J Abaluck, J Gruber - American Economic Review, 2016 - aeaweb.org",15,https://www.aeaweb.org/articles?id=10.1257/aer.20151318,True,high,Abstract has strong replication signal. (a_strong=1)
115,"Revisiting Cheerful Jane and Miserable John: the impact of income, good health, social contacts and education declines with increasing subjective well-being",2016,M Binder,"M Binder - Applied Economics Letters, 2016 - Taylor & Francis",15,https://www.tandfonline.com/doi/abs/10.1080/13504851.2015.1085635,True,low,"One moderate signal; might be incidental use of ""replicate"". (a_mod=1)"
116,Differential overeducation in East and West Germany: Extending Frank's theory on economic returns changes the picture of disadvantaged women,2016,,"C Boll, JS Leppin - Labour, 2016 - Wiley Online Library",15,https://onlinelibrary.wiley.com/doi/abs/10.1111/labr.12084,False,high,No replication signals found in title or abstract.
117,Monetary policy shocks and Cholesky VARs: an assessment for the Euro area,2016,E Castelnuovo,"E Castelnuovo - Empirical Economics, 2016 - Springer",13,https://link.springer.com/article/10.1007/s00181-015-0930-2,True,medium,"Multiple moderate replication signals, no negatives. (a_mod=2)"
118,Convergence of economic growth and the Great Recession as seen from a Celestial Observatory,2016,"E Duede, V Zhorin","E Duede, V Zhorin - EPJ Data Science, 2016 - Springer",13,https://link.springer.com/content/pdf/10.1140/epjds/s13688-016-0091-3.pdf,False,high,No replication signals found in title or abstract.
119,Synthetic hedge funds,2016,"M Fischer, MX Hanauer, R Heigermoser","M Fischer, MX Hanauer, R Heigermoser - Review of Financial Economics, 2016 - Elsevier",13,https://www.sciencedirect.com/science/article/pii/S105833001600015X,False,high,No replication signals found in title or abstract.
120,"Greece, Portugal, Spain: New evidence on the economic effects of military expenditure using the new SIPRI data",2016,E Nikolaidou,"E Nikolaidou - The Economics of Peace and Security Journal, 2016 - epsjournal.org.uk",12,https://www.epsjournal.org.uk/index.php/EPSJ/article/view/256,True,medium,"Multiple moderate replication signals, no negatives. (a_mod=3)"
121,Does group discussion lead to better informed and more strategic market entry decisions?,2016,Z Murad,"Z Murad - Economics Letters, 2016 - Elsevier",11,https://www.sciencedirect.com/science/article/pii/S0165176516301422,True,high,Abstract has strong replication signal. (a_strong=1)
122,Local democracy and economic growth,2016,"CH Knutsen, J Gerring, SE Skaaning","CH Knutsen, J Gerring, SE Skaaning - V-Dem Working Paper, 2016 - papers.ssrn.com",11,https://papers.ssrn.com/sol3/papers.cfm?abstract_id=2877755,True,high,Abstract has strong replication signal. (a_strong=1)
123,Matching and behavioral contrast in a two‐option repeated investment simulation,2016,"DA Hantula, CR Crowell","DA Hantula, CR Crowell - Managerial and Decision Economics, 2016 - Wiley Online Library",11,https://onlinelibrary.wiley.com/doi/abs/10.1002/mde.2717,True,high,Abstract has strong replication signal. (a_strong=1)
124,Economic pessimism and political punishment,2016,B Lockerbie,"B Lockerbie - PS: Political Science & Politics, 2016 - cambridge.org",11,https://www.cambridge.org/core/journals/ps-political-science-and-politics/article/economic-pessimism-and-political-punishment/C4B3D6354BBA4D008CA0E966094D8528,False,high,No replication signals found in title or abstract.
125,Why the Oberholzer-Gee/Strumpf article on file sharing is not credible,2016,SJ Liebowitz,"SJ Liebowitz - Econ Journal Watch, 2016 - papers.ssrn.com",11,https://papers.ssrn.com/sol3/papers.cfm?abstract_id=2887151,False,high,No replication signals found in title or abstract.
126,The role of social ties in explaining heterogeneity in the association between economic growth and subjective well-being,2016,"P Böckerman, JP Laamanen, E Palosaari","P Böckerman, JP Laamanen, E Palosaari - Journal of Happiness Studies, 2016 - Springer",10,https://link.springer.com/article/10.1007/s10902-015-9702-0,True,high,Abstract has strong replication signal. (a_strong=1)
127,Cost of Poverty in Toronto,2016,,"A Briggs, C Lee, J Stapleton - 2016 - openpolicyontario.s3.amazonaws …",10,http://openpolicyontario.s3.amazonaws.com/uploads/2016/11/Cost-of-Poverty-R10-Final-forweb.pdf,True,high,Abstract has strong replication signal. (a_strong=1)
128,Successful scientific replication and extension of Levitt (2008): Child seats are still no safer than seat belts,2016,"LE Jones, NR Ziebarth","LE Jones, NR Ziebarth - Journal of Applied Econometrics, 2016 - Wiley Online Library",9,https://onlinelibrary.wiley.com/doi/abs/10.1002/jae.2449,True,high,"Title contains explicit replication indicator. (t_strong=1, a_strong=1)"
129,Linear regression with an estimated regressor: applications to aggregate indicators of economic development,2016,"L Meng, B Wu, Z Zhan","L Meng, B Wu, Z Zhan - Empirical Economics, 2016 - Springer",9,https://link.springer.com/article/10.1007/s00181-015-0941-z,True,high,Abstract has strong replication signal. (a_strong=1)
130,Revisiting the Eurozone Phillips curve,2016,,"B Skarica, N Nobile - Economic Outlook, 2016 - search.ebscohost.com",9,https://search.ebscohost.com/login.aspx?direct=true&profile=ehost&scope=site&authtype=crawler&jrnl=0140489X&AN=113307230&h=%2F3U8xQnWorY5rDuhqFPDJdACj21LawoC%2BXniKut9EAKQlF0DBJFh10daqt1R4JTB6iicXnCL1qlgshuiXC8nJA%3D%3D&crl=c,False,high,No replication signals found in title or abstract.
131,Effect of socio-economic stratification on house value in Bogotá,2016,J Gallego,"J Gallego, S Montoya, C Sepúlveda - 2016 - scioteca.caf.com",9,https://scioteca.caf.com/handle/123456789/994,True,medium,Strong replication signal present; some incidental use also detected. (a_strong=1)
132,"Does meeting BBB accountability standards affect charitable giving? A study of New York Metropolitan area charities, replicated by a US national sample",2016,,"G Chen - International Review on Public and Nonprofit Marketing, 2016 - Springer",8,https://link.springer.com/article/10.1007/s12208-015-0142-7,False,high,No replication signals found in title or abstract.
133,Replicating the Results in 'A New Model of Trend Inflation'Using Particle Markov Chain Monte Carlo,2016,N Nonejad,"N Nonejad - Journal of Applied Econometrics, 2016 - Wiley Online Library",8,https://onlinelibrary.wiley.com/doi/abs/10.1002/jae.2493,True,high,"Title contains explicit replication indicator. (t_strong=1, a_strong=0)"
134,"Bubbles, crashes, and endogenous uncertainty in linked asset and product markets",2016,"T Jaworski, EO Kimbrough","T Jaworski, EO Kimbrough - International Economic Review, 2016 - Wiley Online Library",8,https://onlinelibrary.wiley.com/doi/abs/10.1111/iere.12151,False,high,No replication signals found in title or abstract.
135,What skills are important? A replication,2016,,"C Ballard, B Daniel - Journal of Applied Social Science, 2016 - journals.sagepub.com",7,https://journals.sagepub.com/doi/abs/10.1177/1936724414566509,True,high,"Title contains explicit replication indicator. (t_strong=1, a_strong=0)"
136,A Replication of “Meta-Analysis of the Effect of Fiscal Policies on Long-run Growth” (European Journal of Political Economy 2004),2016,WR Reed,"WR Reed, NN Sidek - Public Finance Review, 2016 - journals.sagepub.com",7,https://journals.sagepub.com/doi/abs/10.1177/1091142114568659,True,high,"Title contains explicit replication indicator. (t_strong=2, a_strong=3)"
137,Additional information increases uncertainty in the securities market: Using both laboratory and fmri experiments,2016,H Yamaji,"H Yamaji, M Gotoh, Y Yamakawa - Computational Economics, 2016 - Springer",7,https://link.springer.com/article/10.1007/s10614-015-9532-5,True,low,"One moderate signal; might be incidental use of ""replicate"". (a_mod=1)"
138,Lasso for instrumental variable selection: A replication study,2016,M Spindler,"M Spindler - Journal of Applied Econometrics, 2016 - Wiley Online Library",6,https://onlinelibrary.wiley.com/doi/abs/10.1002/jae.2432,True,high,"Title contains explicit replication indicator. (t_strong=2, a_strong=1)"
139,What is the Effect of Economic Globalisation on the Productivity of the Manufacturing Sector of Ghana?,2016,S Yeboah Asuamah,"S Yeboah Asuamah, S Broni Pinkrah… - 2016 - mpra.ub.uni-muenchen.de",6,https://mpra.ub.uni-muenchen.de/id/eprint/71379,False,high,No replication signals found in title or abstract.
140,Examining the role of inventory in business enterprises: is there a paradigm shift?,2016,K Elsayed,"K Elsayed - International Journal of Productivity and Quality …, 2016 - inderscienceonline.com",6,https://www.inderscienceonline.com/doi/abs/10.1504/IJPQM.2016.078010,False,high,No replication signals found in title or abstract.
141,A re-examination of rating shopping and catering using post-crisis data on CDOs,2016,F Yu,"RH Owlett, F Yu - Economics Letters, 2016 - Elsevier",5,https://www.sciencedirect.com/science/article/pii/S0165176516303342,True,medium,"Multiple moderate replication signals, no negatives. (a_mod=2)"
142,Stepping on a Rake: Replication and Diagnosis,2016,JH Cochrane,"JH Cochrane - Available at SSRN 2886933, 2016 - papers.ssrn.com",5,https://papers.ssrn.com/sol3/papers.cfm?abstract_id=2886933,True,high,"Title contains explicit replication indicator. (t_strong=2, a_strong=0)"
143,The impact of client and auditor gender on auditors' judgments: A replication and extension,2016,,RE Little - 2016 - core.ac.uk,5,https://core.ac.uk/download/pdf/78918990.pdf,True,high,"Title contains explicit replication indicator. (t_strong=2, a_strong=0)"
144,"Loneliness, Social Interactions and Sense of Humor. A quantitative study comparing romanian students and older adults",2016,I Schiau,"I Schiau - Studies and Scientific Researches. Economics Edition, 2016 - sceco.ub.ro",5,https://sceco.ub.ro/index.php/SCECO/article/view/355,True,high,Abstract has strong replication signal. (a_strong=1)
145,International trade and economic growth: causality relations within NAFTA,2016,"A Giraldo, J Cañas","A Giraldo, J Cañas - Vniversitas Economica, 2016 - researchgate.net",5,https://www.researchgate.net/profile/Andres-Giraldo-16/publication/311666872_International_Trade_and_Economic_Growth_Causality_Relations_Within_NAFTA/links/5852f76308ae0c0f322276e6/International-Trade-and-Economic-Growth-Causality-Relations-Within-NAFTA.pdf,True,medium,"Multiple moderate replication signals, no negatives. (a_mod=2)"
146,"Aid, Policies and Growth: Revisiting with New Data",2016,"S Jia, CR Williamson","S Jia, CR Williamson - 2016 - aeaweb.org",4,https://www.aeaweb.org/conference/2016/retrieve.php?pdfid=14066&tk=e8ykyZia,True,high,Abstract has strong replication signal. (a_strong=1)
147,Economic modeling using evolutionary algorithms: The influence of mutation on the premature convergence effect,2016,,"MK Maschek - Computational Economics, 2016 - Springer",4,https://link.springer.com/article/10.1007/s10614-015-9485-8,False,medium,"Replication language appears incidental (method step, table/figure reproduction, own results)."
148,Organisational tenure and bank diversification: a replication,2016,"W Untoro, A Angriawan, I Trinugroho","W Untoro, A Angriawan, I Trinugroho… - Journal for Global …, 2016 - inderscienceonline.com",4,https://www.inderscienceonline.com/doi/abs/10.1504/JGBA.2016.079868,True,high,"Title contains explicit replication indicator. (t_strong=1, a_strong=1)"
149,Impacts of rural road on household welfare in Vietnam: Evidence from a replication study,2016,,CV Nguyen - 2016 - econstor.eu,3,https://www.econstor.eu/handle/10419/146505,True,medium,Title strongly indicates replication despite abstract discussion of replication broadly.
150,On the external validity of construction bidding experiment,2016,,"BL Oo - Construction Economics and Building, 2016 - search.informit.org",3,https://search.informit.org/doi/abs/10.3316/informit.904318124024290,True,high,Abstract has multiple strong replication signals. (a_strong=2)
151,Analysis of the relationship between economic freedom and the stability of stock prices,2016,,J Qiu - 2016 - digitalcommons.usu.edu,3,https://digitalcommons.usu.edu/gradreports/784/,True,high,Abstract has multiple strong replication signals. (a_strong=2)
152,Replicating Silicon Valley: talent and techno-management in a culture of serendipity,2016,"R Isaak, A Isaak, J Zybura","R Isaak, A Isaak, J Zybura - … and talent management from a global …, 2016 - elgaronline.com",3,https://www.elgaronline.com/abstract/edcoll/9781783479122/9781783479122.00022.xml,True,high,"Title contains explicit replication indicator. (t_strong=1, a_strong=1)"
153,Achieving water and food security in the MENA: evidence and potential for decoupling economic and population growth from national water needs. A paper …,2016,,"M Gilmont, L Nassar, HS Salem, N Tal… - Middle East Institute …, 2016 - researchgate.net",3,https://www.researchgate.net/profile/Hilmi-Salem/publication/326246253_Achieving_water_and_food_security_in_the_MENA_Evidence_and_potential_for_decoupling_economic_and_population_growth_from_national_water_needs/links/5b404178aca2728a0d5d4eec/Achieving-water-and-food-security-in-the-MENA-Evidence-and-potential-for-decoupling-economic-and-population-growth-from-national-water-needs.pdf,False,high,No replication signals found in title or abstract.
154,Tax structures and economic growth,2016,K McNabb,K McNabb - 2016 - academia.edu,3,https://www.academia.edu/download/92736565/875193382.pdf,True,high,Abstract has strong replication signal. (a_strong=1)
155,Modern econometrics: Structuring delivery and assessment,2016,,"S Cook - Cogent Economics & Finance, 2016 - Taylor & Francis",3,https://www.tandfonline.com/doi/abs/10.1080/23322039.2016.1152705,False,high,No replication signals found in title or abstract.
156,Reexamining the influence of large clients on office-level auditor reporting decisions: a replication study,2016,,"L Lim - American Journal of Business, 2016 - emerald.com",2,https://www.emerald.com/insight/content/doi/10.1108/AJB-06-2015-0020/full/html,True,high,"Title contains explicit replication indicator. (t_strong=2, a_strong=0)"
157,Social and Community Assessment for Owyhee County,2016,JD Wulfhorst,"JD Wulfhorst, N Rimbey, S Jensen… - Agricultural Economics …, 2016 - owyheecounty.net",2,https://owyheecounty.net/wp-content/uploads/2015/09/OwyheeCo_4Co_SocEconAssess28201629.pdf,False,high,No replication signals found in title or abstract.
158,The Deep Roots of Economic Development in the US States,2016,"R Murphy, A Nowrasteh","R Murphy, A Nowrasteh - Available at SSRN 2822137, 2016 - papers.ssrn.com",2,https://papers.ssrn.com/sol3/papers.cfm?abstract_id=2822137,True,low,"One moderate signal; might be incidental use of ""replicate"". (a_mod=1)"
159,Cheap talk games: comparing direct and simplified replications,2016,JT Wang,"FW Hsieh, JT Wang - Experiments in Organizational Economics, 2016 - emerald.com",2,https://www.emerald.com/insight/content/doi/10.1108/s0193-230620160000019002/full/html,False,high,No replication signals found in title or abstract.
160,Persistent cannabis dependence and alcohol dependence represent comparable risks for midlife economic and social problems:: A longitudinal cohort study,2016,"M Cerda, TE Moffitt, M Meier","M Cerda, TE Moffitt, M Meier… - Clinical Psychological …, 2016 - kclpure.kcl.ac.uk",2,https://kclpure.kcl.ac.uk/portal/en/publications/persistent-cannabis-dependence-and-alcohol-dependence-represent-c,False,high,No replication signals found in title or abstract.
161,The impact of state corporate tax rate changes on state economic performance,2016,R Pjesky,"R Pjesky - Southwestern Economic Review, 2016 - swer.wtamu.edu",2,https://swer.wtamu.edu/swerrandi.wtamu.edu/sites/default/files/Data/Pjesky.pdf,True,high,Abstract has strong replication signal. (a_strong=1)
162,Do gender and personality traits (BFI-10) influence self-perceived innovativeness?,2016,F Sudzina,"F Sudzina - … Scientific Conference of Business Economics …, 2016 - ceeol.com",1,https://www.ceeol.com/search/chapter-detail?id=840960,True,high,Abstract has multiple strong replication signals. (a_strong=2)
163,The gender income gap and the roles of education and family formation: a scientific replication of Bobbitt-Zeher (2007),2016,F Ochsenfeld,"F Ochsenfeld - Available at SSRN 2724009, 2016 - papers.ssrn.com",1,https://papers.ssrn.com/sol3/papers.cfm?abstract_id=2724009,True,high,"Title contains explicit replication indicator. (t_strong=1, a_strong=1)"
164,"State Capacity, Capital Mobility, and Tax Competition",2016,"A Daneshmand, M Abdollah-Milani","A Daneshmand, M Abdollah-Milani - Iranian Economic Review, 2016 - ier.ut.ac.ir",1,https://ier.ut.ac.ir/article_58271_0.html,True,high,Abstract has strong replication signal. (a_strong=1)
165,Replicating Four'Quasi-Experiments' and Three Facts from Oberholzergee/Strumpf's Piracy Article,2016,SJ Liebowitz,"SJ Liebowitz - Strumpf's Piracy Article (April 28, 2016), 2016 - papers.ssrn.com",1,https://papers.ssrn.com/sol3/papers.cfm?abstract_id=2777216,True,high,"Title contains explicit replication indicator. (t_strong=1, a_strong=1)"
166,The Economic Impact of James Madison University on the Harrisonburg Metropolitan Area and Commonwealth of Virginia,2016,J Terance,"J Terance, PD Rephann - 2016 - metroai.org",1,https://www.metroai.org/reports/jmu_eis_final_05_05_2016.pdf,True,low,"One moderate signal; might be incidental use of ""replicate"". (a_mod=1)"
167,HIV development assistance and adult mortality in Africa: a replication study of Bendavid (2012),2016,,"J Luo, N Hein - Replication plan, 2016 - 3ieimpact.org",1,https://www.3ieimpact.org/sites/default/files/2018-12/hiv-development-assistance-adult-mortality-africa-replication-study-luo.pdf,True,high,"Title contains explicit replication indicator. (t_strong=2, a_strong=0)"
168,The importance of product space complexity in agent-based computational economics,2016,"I Garibay, C Gunaratne, MI Akbas, O Ozmen","I Garibay, C Gunaratne, MI Akbas, O Ozmen - 2016 - computationalsocialscience.org",1,http://computationalsocialscience.org/wp-content/uploads/2016/11/CSSSA_2016_paper_15.pdf,False,medium,"Replication language appears incidental (method step, table/figure reproduction, own results)."
169,"Economic inequality, trust, and brand leadership",2016,C Harmeling,"JT Beck, C Harmeling… - … series 16–109, 2016 - thearf-org-unified-admin.s3 …",1,http://thearf-org-unified-admin.s3.amazonaws.com/MSI/2020/06/MSI_Report_16-109.pdf,False,high,No replication signals found in title or abstract.
170,"The Self-Concordance Model: The Effects of Autonomy, Effort and Goal Progress on Subjective Well-Being in the US and Russia",2016,,"D Suchkov - Higher School of Economics Research Paper No. WP …, 2016 - papers.ssrn.com",1,https://papers.ssrn.com/sol3/papers.cfm?abstract_id=2879337,True,low,"One moderate signal; might be incidental use of ""replicate"". (a_mod=1)"
171,The Future of Illusions or the Illusions of the Future: FOMC Economic Projections 2008-2015,2016,J Marquez,"S Herrador, J Marquez - Available at SSRN 2769817, 2016 - papers.ssrn.com",1,https://papers.ssrn.com/sol3/papers.cfm?abstract_id=2769817,True,high,Abstract has strong replication signal. (a_strong=1)
172,Peer-to-peer lending and birth outcomes during national economic crises: Lessons from Indonesia.,2016,,JK Acquah - 2016 - thew.web.unc.edu,1,https://thew.web.unc.edu/wp-content/uploads/sites/5246/2013/08/acquah.pdf,False,high,No replication signals found in title or abstract.
173,Why the Oberholzer Strumpf file-sharing article is not credible,2016,SJ Liebowitz,"SJ Liebowitz - Econ Journal Watch, 2016 - jindal.utdallas.edu",1,https://jindal.utdallas.edu/files/2021/04/15_03_ec_j_watch.pdf,False,high,No replication signals found in title or abstract.
174,The One-Percent across Two Centuries: A Replication of Thomas Piketty's Data on the Distribution of Wealth for the United States,2016,R Sutch,R Sutch - 2016 - economics.ucr.edu,0,http://economics.ucr.edu/repec/ucr/wpaper/201602.pdf,True,high,"Title contains explicit replication indicator. (t_strong=2, a_strong=0)"
175,"Banking, Liquidity and Bank Runs: Replication and Analysis of the Solution Method of Gertler/Kiyotaki (2015)",2016,,N Grga - 2016 - irihs.ihs.ac.at,0,https://irihs.ihs.ac.at/id/eprint/4017/,True,high,"Title contains explicit replication indicator. (t_strong=1, a_strong=0)"
176,"A Replication of “The Political Determinants of Federal Expenditure at the State Level”(Public Choice, 2005)",2016,"S Douglas, WR Reed","S Douglas, WR Reed - Public Finance Review, 2016 - journals.sagepub.com",0,https://journals.sagepub.com/doi/abs/10.1177/1091142114553785,True,high,"Title contains explicit replication indicator. (t_strong=2, a_strong=0)"
177,RELIGION AND ECONOMIC ATTITUDES: A REPLICATION WITH ISSP DATA,2016,P Minárik,P Minárik - msed.vse.cz,0,https://msed.vse.cz/msed_2016/article/31-Minarik-Pavol-paper.pdf,True,high,"Title contains explicit replication indicator. (t_strong=1, a_strong=1)"
178,A Replication of “Political Influence behind the Veil of Peer Review” (Journal of Law and Economics 2009),2016,,"RJ Hannum - Public Finance Review, 2016 - journals.sagepub.com",0,https://journals.sagepub.com/doi/abs/10.1177/1091142115605380,True,high,"Title contains explicit replication indicator. (t_strong=2, a_strong=0)"
179,The Regai Dzive Shiri Project: results of a randomised trial of an HIV prevention intervention for Zimbabwean youth: A replication study of Cowan et al.(2010),2016,F Yu,F Yu - 2016 - 3ieimpact.org,0,https://3ieimpact.org/sites/default/files/2018-12/replicationplan-fangyu.pdf,True,high,"Title contains explicit replication indicator. (t_strong=2, a_strong=1)"
180,Interaction Economics: Instruments that Measure Social-Computational Systems,2016,,"JA Landay - NSF Award Number 1644755. Directorate for …, 2016 - ui.adsabs.harvard.edu",0,https://ui.adsabs.harvard.edu/abs/2016nsf....1644755L/abstract,False,high,No replication signals found in title or abstract.
181,Replication data for: Intercropping Teak (Tectona grandis) and Maize (Zea mays): Bioeconomic Trade-off Analysis of Agroforestry Management Practices in …,2016,"N Khasanah, A Perdana, J Roshetko","N Khasanah, A Perdana, G Manurung, J Roshetko… - 2016 - agris.fao.org",0,https://agris.fao.org/search/en/providers/123417/records/6474613b425ec3c088eddfde,True,high,"Title contains explicit replication indicator. (t_strong=1, a_strong=0)"
182,“Racial Residential Segregation and Interracial Economic Disparities” Revisited,2016,,M Meiklejohn - 2016 - academiccommons.columbia.edu,0,https://academiccommons.columbia.edu/doi/10.7916/D8M045JC,True,high,Abstract has multiple strong replication signals. (a_strong=2)
183,Data from a pre-publication independent replication initiative examining ten moral,2016,"W Tierney, M Schweinsberg, J Jordan","W Tierney, M Schweinsberg, J Jordan - Scientific Data, 3 (1), 2016 - core.ac.uk",0,https://core.ac.uk/download/pdf/484189690.pdf,False,high,No replication signals found in title or abstract.
184,UCSB replication-Presidential Economic Performance and Public Attitudes towards Political Parties,2016,"J Protzko, J Schooler","J Protzko, J Schooler - 2016 - osf.io",0,https://osf.io/rfb78/resources,False,high,No replication signals found in title or abstract.
185,Reply to “A Replication of 'Political Influence Behind the Veil of Peer Review' (Journal of Law and Economics 2009)”,2016,D Hegde,"D Hegde - Public Finance Review, 2016 - journals.sagepub.com",0,https://journals.sagepub.com/doi/abs/10.1177/1091142115605376,True,high,"Title contains explicit replication indicator. (t_strong=2, a_strong=0)"
186,17 The International Transfer of Institutional Innovations: Replicating,2016,D Hulme,"D Hulme - Development Perspectives for the 1990s, 2016 - books.google.com",0,https://books.google.com/books?hl=en&lr=&id=1u2-DAAAQBAJ&oi=fnd&pg=PA247&dq=replication+economics&ots=Oz6-2iF8NM&sig=-ZJPW9RZvvpiKqbbFYfTpx1Mcqw,False,high,No replication signals found in title or abstract.
187,Collaboration Networks for Innovation and socio-economic Development,2016,R Kataishi,"LR León, R Kataishi - academia.edu",0,https://www.academia.edu/download/44619519/collaboration-networks-and-socioeconomic-dev_LRL-RK.pdf,False,high,No replication signals found in title or abstract.
188,Revisiting the social cost of carbon,2017,WD Nordhaus,"WD Nordhaus - Proceedings of the National Academy of Sciences, 2017 - pnas.org",1644,https://www.pnas.org/doi/abs/10.1073/pnas.1609244114,False,high,No replication signals found in title or abstract.
189,Revisiting the risk of automation,2017,"M Arntz, T Gregory, U Zierahn","M Arntz, T Gregory, U Zierahn - Economics Letters, 2017 - Elsevier",886,https://www.sciencedirect.com/science/article/pii/S0165176517302811,False,high,No replication signals found in title or abstract.
190,Tax policy and heterogeneous investment behavior,2017,"E Zwick, J Mahon","E Zwick, J Mahon - American Economic Review, 2017 - aeaweb.org",802,https://www.aeaweb.org/articles?id=10.1257/aer.20140855,True,low,"One moderate signal; might be incidental use of ""replicate"". (a_mod=1)"
191,Obviously strategy-proof mechanisms,2017,S Li,"S Li - American Economic Review, 2017 - aeaweb.org",701,https://www.aeaweb.org/articles?id=10.1257/aer.20160425,False,high,No replication signals found in title or abstract.
192,Immigration in American economic history,2017,"R Abramitzky, L Boustan","R Abramitzky, L Boustan - Journal of economic literature, 2017 - aeaweb.org",585,https://www.aeaweb.org/articles?id=10.1257/jel.20151189,True,low,"One moderate signal; might be incidental use of ""replicate"". (a_mod=1)"
193,The economic and career effects of sexual harassment on working women,2017,"H McLaughlin, C Uggen, A Blackstone","H McLaughlin, C Uggen, A Blackstone - Gender & society, 2017 - journals.sagepub.com",456,https://journals.sagepub.com/doi/abs/10.1177/0891243217704631,False,high,No replication signals found in title or abstract.
194,Peer effects in the workplace,2017,"T Cornelissen, C Dustmann","T Cornelissen, C Dustmann… - American Economic …, 2017 - aeaweb.org",450,https://www.aeaweb.org/articles?id=10.1257/aer.20141300,True,high,Abstract has strong replication signal. (a_strong=1)
195,Incentives and cheating,2017,"A Kajackaite, U Gneezy","A Kajackaite, U Gneezy - Games and Economic Behavior, 2017 - Elsevier",364,https://www.sciencedirect.com/science/article/pii/S0899825617300283,True,low,"One moderate signal; might be incidental use of ""replicate"". (a_mod=1)"
196,The walking dead?: Zombie firms and productivity performance in OECD countries,2017,,"MA McGowan, D Andrews… - OECD Economic …, 2017 - search.proquest.com",341,https://search.proquest.com/openview/b897f38e3493bd6f62d871d8ff14c3a2/1?pq-origsite=gscholar&cbl=54478,False,high,No replication signals found in title or abstract.
197,Economic inequality increases risk taking,2017,"BK Payne, JL Brown-Iannuzzi, JW Hannay","BK Payne, JL Brown-Iannuzzi, JW Hannay - Proceedings of the National …, 2017 - pnas.org",328,https://www.pnas.org/doi/abs/10.1073/pnas.1616453114,True,medium,"Multiple moderate replication signals, no negatives. (a_mod=2)"
198,The real exchange rate and economic growth: Revisiting the case using external instruments,2017,MM Habib,"MM Habib, E Mileva, L Stracca - Journal of International Money and …, 2017 - Elsevier",309,https://www.sciencedirect.com/science/article/pii/S0261560617300347,True,medium,"Multiple moderate replication signals, no negatives. (a_mod=2)"
199,WSJ Category Kings–The impact of media attention on consumer and mutual fund investment decisions,2017,"R Kaniel, R Parham","R Kaniel, R Parham - Journal of Financial Economics, 2017 - Elsevier",268,https://www.sciencedirect.com/science/article/pii/S0304405X16302008,False,high,No replication signals found in title or abstract.
200,"Registered replication report: Rand, greene, and nowak (2012)",2017,"S Bouwmeester, PPJL Verkoeijen","S Bouwmeester, PPJL Verkoeijen… - Perspectives on …, 2017 - journals.sagepub.com",266,https://journals.sagepub.com/doi/abs/10.1177/1745691617693624,False,high,No replication signals found in title or abstract.
201,"A new global policy regime founded on invalid statistics? Hanushek, Woessmann, PISA, and economic growth",2017,H Komatsu,"H Komatsu, J Rappleye - Comparative Education, 2017 - Taylor & Francis",225,https://www.tandfonline.com/doi/abs/10.1080/03050068.2017.1300008,False,high,No replication signals found in title or abstract.
202,"Societal inequality and individual subjective well-being: Results from 68 societies and over 200,000 individuals, 1981–2008",2017,"J Kelley, MDR Evans","J Kelley, MDR Evans - Social science research, 2017 - Elsevier",211,https://www.sciencedirect.com/science/article/pii/S0049089X16302216,False,high,No replication signals found in title or abstract.
203,"The more, the better? The impact of instructional time on student performance",2017,SC Wolter,"MA Cattaneo, C Oggenfuss, SC Wolter - Education economics, 2017 - Taylor & Francis",198,https://www.tandfonline.com/doi/abs/10.1080/09645292.2017.1315055,False,high,No replication signals found in title or abstract.
204,"A survey of global impacts of climate change: replication, survey methods, and a statistical analysis",2017,WD Nordhaus,"WD Nordhaus, A Moffat - 2017 - nber.org",195,https://www.nber.org/papers/w23646,True,high,"Title contains explicit replication indicator. (t_strong=1, a_strong=3)"
205,"Re-examining foreign direct investment, exports, and economic growth in Asian economies using a bootstrap ARDL test for cointegration",2017,SK Goh,"SK Goh, CY Sam, R McNown - Journal of Asian Economics, 2017 - Elsevier",189,https://www.sciencedirect.com/science/article/pii/S1049007817301501,False,high,No replication signals found in title or abstract.
206,"Estimating the effect and economic impact of absenteeism, presenteeism, and work environment–related problems on reductions in productivity from a …",2017,E Aboagye,"C Strömberg, E Aboagye, J Hagberg, G Bergström… - Value in Health, 2017 - Elsevier",189,https://www.sciencedirect.com/science/article/pii/S1098301517302565,True,high,Abstract has strong replication signal. (a_strong=1)
207,Digging into the pocketbook: Evidence on economic voting from income registry data matched to a voter survey,2017,"M Persson, E Snowberg","AJ Healy, M Persson, E Snowberg - American Political Science …, 2017 - cambridge.org",186,https://www.cambridge.org/core/journals/american-political-science-review/article/digging-into-the-pocketbook-evidence-on-economic-voting-from-income-registry-data-matched-to-a-voter-survey/7FF7E7FFFDCA634B79D2289C6880CF3D,True,medium,"Multiple moderate replication signals, no negatives. (a_mod=2)"
208,No gender difference in willingness to compete when competing against self,2017,"CL Apicella, EE Demiral, J Mollerstrom","CL Apicella, EE Demiral, J Mollerstrom - American Economic Review, 2017 - aeaweb.org",142,https://www.aeaweb.org/articles?id=10.1257/aer.p20171019,True,medium,"Multiple moderate replication signals, no negatives. (a_mod=2)"
209,The Global MRIO Lab–charting the world economy,2017,"M Lenzen, A Geschke, MD Abd Rahman","M Lenzen, A Geschke, MD Abd Rahman… - Economic Systems …, 2017 - Taylor & Francis",142,https://www.tandfonline.com/doi/abs/10.1080/09535314.2017.1301887,True,low,"One moderate signal; might be incidental use of ""replicate"". (a_mod=1)"
210,When brain beats behavior: Neuroforecasting crowdfunding outcomes,2017,"A Genevsky, C Yoon, B Knutson","A Genevsky, C Yoon, B Knutson - Journal of Neuroscience, 2017 - jneurosci.org",141,https://www.jneurosci.org/content/37/36/8625.abstract,True,high,Abstract has multiple strong replication signals. (a_strong=3)
211,The new closed shop? The economic and structural effects of occupational licensure,2017,B Redbird,"B Redbird - American Sociological Review, 2017 - journals.sagepub.com",134,https://journals.sagepub.com/doi/abs/10.1177/0003122417706463,True,medium,"Multiple moderate replication signals, no negatives. (a_mod=3)"
212,Does conditionality still work? China's development assistance and democracy in Africa,2017,X Li,"X Li - Chinese Political Science Review, 2017 - Springer",133,https://link.springer.com/article/10.1007/s41111-017-0050-6,False,high,No replication signals found in title or abstract.
213,Decisions to move and decisions to stay: Life course events and mobility outcomes,2017,WAV Clark,"WAV Clark, W Lisowski - Housing Studies, 2017 - Taylor & Francis",129,https://www.tandfonline.com/doi/abs/10.1080/02673037.2016.1210100,True,high,Abstract has strong replication signal. (a_strong=1)
214,On the ambiguous economic freedom–inequality relationship,2017,"DL Bennett, B Nikolaev","DL Bennett, B Nikolaev - Empirical Economics, 2017 - Springer",125,https://link.springer.com/article/10.1007/s00181-016-1131-3,True,high,Abstract has strong replication signal. (a_strong=1)
215,Panel data designs and estimators as substitutes for randomized controlled trials in the evaluation of public programs,2017,"PJ Ferraro, JJ Miranda","PJ Ferraro, JJ Miranda - … and Resource Economists, 2017 - journals.uchicago.edu",125,https://www.journals.uchicago.edu/doi/abs/10.1086/689868,True,medium,"Multiple moderate replication signals, no negatives. (a_mod=2)"
216,Revisiting free school meal eligibility as a proxy for pupil socio‐economic deprivation,2017,"S Ilie, A Sutherland, A Vignoles","S Ilie, A Sutherland, A Vignoles - British Educational Research …, 2017 - Wiley Online Library",123,https://bera-journals.onlinelibrary.wiley.com/doi/abs/10.1002/berj.3260,False,high,No replication signals found in title or abstract.
217,The effects of economic and sociocultural stressors on the well-being of children of Latino immigrants living in poverty.,2017,"J Dmitrieva, KM Perreira","MM Mendoza, J Dmitrieva, KM Perreira… - Cultural Diversity & …, 2017 - psycnet.apa.org",122,https://psycnet.apa.org/record/2016-62043-002,True,high,Abstract has strong replication signal. (a_strong=1)
218,Economic transition and growth: a replication,2017,"J Schnurbus, H Haupt","J Schnurbus, H Haupt, V Meier - Journal of Applied …, 2017 - Wiley Online Library",118,https://onlinelibrary.wiley.com/doi/abs/10.1002/jae.2544,True,high,"Title contains explicit replication indicator. (t_strong=1, a_strong=1)"
219,Socioeconomic status and learning from financial information,2017,"CM Kuhnen, AC Miu","CM Kuhnen, AC Miu - Journal of Financial Economics, 2017 - Elsevier",117,https://www.sciencedirect.com/science/article/pii/S0304405X17300387,True,high,Abstract has strong replication signal. (a_strong=1)
220,Does it get better? Recent estimates of sexual orientation and earnings in the United States,2017,"CS Carpenter, ST Eppink","CS Carpenter, ST Eppink - Southern Economic Journal, 2017 - Wiley Online Library",107,https://onlinelibrary.wiley.com/doi/abs/10.1002/soej.12233,True,low,"One moderate signal; might be incidental use of ""replicate"". (a_mod=1)"
221,To replicate or not to replicate? Exploring reproducibility in economics through the lens of a model and a pilot study,2017,"Z Maniadis, F Tufano, JA List","Z Maniadis, F Tufano, JA List - 2017 - academic.oup.com",107,https://academic.oup.com/ej/article-abstract/127/605/F209/5069463,False,high,No replication signals found in title or abstract.
222,Economic growth and financial statement verification,2017,"P Lisowsky, M Minnis","P Lisowsky, M Minnis… - Journal of Accounting …, 2017 - Wiley Online Library",106,https://onlinelibrary.wiley.com/doi/abs/10.1111/1475-679X.12165,False,high,No replication signals found in title or abstract.
223,Revisiting the behavior of small and large firms during the 2008 financial crisis,2017,"M Kudlyak, JM Sanchez","M Kudlyak, JM Sanchez - Journal of Economic Dynamics and Control, 2017 - Elsevier",106,https://www.sciencedirect.com/science/article/pii/S0165188917300258,False,high,No replication signals found in title or abstract.
224,The competitive effects of common ownership: Economic foundations and empirical evidence,2017,"DP O'Brien, M Song","P Kennedy, DP O'Brien, M Song… - Available at SSRN …, 2017 - papers.ssrn.com",105,https://papers.ssrn.com/sol3/papers.cfm?abstract_id=3008331,True,high,Abstract has strong replication signal. (a_strong=1)
225,Does tourism sustain economic growth? Wavelet-based evidence from the United States,2017,"A Sharif, S Saha, N Loganathan","A Sharif, S Saha, N Loganathan - Tourism Analysis, 2017 - ingentaconnect.com",103,https://www.ingentaconnect.com/content/cog/ta/2017/00000022/00000004/art00002,False,high,No replication signals found in title or abstract.
226,Economic behavior and the partisan perceptual screen,2017,MC McGrath,"MC McGrath - Quarterly Journal of Political Science, 2017 - sites.northwestern.edu",102,https://sites.northwestern.edu/mcmcgrath/files/2019/10/2017-McGrath-Partisan-Screen.pdf,False,medium,"Replication language appears incidental (method step, table/figure reproduction, own results)."
227,"Money, trust and happiness in transition countries: evidence from time series",2017,"S Bartolini, M Mikucka, F Sarracino","S Bartolini, M Mikucka, F Sarracino - Social indicators research, 2017 - Springer",101,https://link.springer.com/article/10.1007/s11205-015-1130-3,True,high,Abstract has strong replication signal. (a_strong=1)
228,Unique prediction of cannabis use severity and behaviors by delay discounting and behavioral economic demand,2017,"JC Strickland, WW Stoops","JC Strickland, JA Lile, WW Stoops - Behavioural Processes, 2017 - Elsevier",99,https://www.sciencedirect.com/science/article/pii/S0376635716303898,False,high,No replication signals found in title or abstract.
229,Rational planning and politicians' preferences for spending and reform: Replication and extension of a survey experiment,2017,"B George, S Desmidt, PA Nielsen","B George, S Desmidt, PA Nielsen… - Public Management …, 2017 - Taylor & Francis",94,https://www.tandfonline.com/doi/abs/10.1080/14719037.2016.1210905,True,high,"Title contains explicit replication indicator. (t_strong=2, a_strong=1)"
230,The impact of stress on tournament entry,2017,"T Buser, A Dreber, J Mollerstrom","T Buser, A Dreber, J Mollerstrom - Experimental Economics, 2017 - Springer",92,https://link.springer.com/article/10.1007/s10683-016-9496-x,True,medium,"Multiple moderate replication signals, no negatives. (a_mod=2)"
231,Associations between supportive leadership behavior and the costs of absenteeism and presenteeism: An epidemiological and economic approach,2017,"JA Schmid, MN Jarczok, D Sonntag","JA Schmid, MN Jarczok, D Sonntag… - … of occupational and …, 2017 - journals.lww.com",92,https://journals.lww.com/joem/fulltext/2017/02000/Associations_Between_Supportive_Leadership.2.aspx,False,high,No replication signals found in title or abstract.
232,How is personality related to intelligence and achievement? A replication and extension of Borghans et al. and Salkever,2017,"C Lechner, D Danner, B Rammstedt","C Lechner, D Danner, B Rammstedt - Personality and Individual …, 2017 - Elsevier",90,https://www.sciencedirect.com/science/article/pii/S0191886917300417,True,high,"Title contains explicit replication indicator. (t_strong=2, a_strong=0)"
233,Are luxury brand labels and “green” labels costly signals of social status? An extended replication,2017,J Berger,"J Berger - PloS one, 2017 - journals.plos.org",88,https://journals.plos.org/plosone/article?id=10.1371/journal.pone.0170216,False,high,No replication signals found in title or abstract.
234,Education and religious participation: city-level evidence from Germany's secularization period 1890–1930,2017,"SO Becker, M Nagler, L Woessmann","SO Becker, M Nagler, L Woessmann - Journal of Economic Growth, 2017 - Springer",87,https://link.springer.com/article/10.1007/s10887-017-9142-2,False,high,No replication signals found in title or abstract.
235,Measuring the impacts of teachers: Reply,2017,"R Chetty, JN Friedman, JE Rockoff","R Chetty, JN Friedman, JE Rockoff - American Economic Review, 2017 - aeaweb.org",86,https://www.aeaweb.org/articles?id=10.1257/aer.20170108,True,high,Abstract has strong replication signal. (a_strong=1)
236,Does aid effectiveness depend on the quality of donors?,2017,A Minasyan,"A Minasyan, P Nunnenkamp, K Richert - World Development, 2017 - Elsevier",84,https://www.sciencedirect.com/science/article/pii/S0305750X17302516,True,medium,"Multiple moderate replication signals, no negatives. (a_mod=2)"
237,A preanalysis plan to replicate sixty economics research papers that worked half of the time,2017,"AC Chang, P Li","AC Chang, P Li - American Economic Review, 2017 - aeaweb.org",82,https://www.aeaweb.org/articles?id=10.1257/aer.p20171034,True,high,Abstract has strong replication signal. (a_strong=1)
238,"Gambling, risk-taking, and antisocial behavior: A replication study supporting the generality of deviance",2017,"S Mishra, ML Lalumiere, RJ Williams","S Mishra, ML Lalumiere, RJ Williams - Journal of Gambling Studies, 2017 - Springer",82,https://link.springer.com/article/10.1007/s10899-016-9608-8,True,medium,Title strongly indicates replication despite abstract discussion of replication broadly.
239,A reputation economy: how individual reward considerations trump systemic arguments for open access to data,2017,"B Fecher, S Friesike","B Fecher, S Friesike, M Hebing, S Linek - Palgrave Communications, 2017 - nature.com",80,https://www.nature.com/articles/palcomms201751,True,low,"Weak evidence: strong signal competes with negative signal. (a_strong=1, a_neg=1)"
240,Behavioral complexity of British gambling advertising,2017,PWS Newall,"PWS Newall - Addiction Research & Theory, 2017 - Taylor & Francis",80,https://www.tandfonline.com/doi/abs/10.1080/16066359.2017.1287901,False,high,No replication signals found in title or abstract.
241,The valuation of privacy premium features for smartphone apps: The influence of defaults and expert recommendations,2017,"L Dogruel, S Joeckel, J Vitak","L Dogruel, S Joeckel, J Vitak - Computers in Human Behavior, 2017 - Elsevier",77,https://www.sciencedirect.com/science/article/pii/S0747563217304910,False,high,No replication signals found in title or abstract.
242,Significant placebo results in difference-in-differences analysis: The case of the ACA's parental mandate,2017,D JG Slusky,"D JG Slusky - Eastern Economic Journal, 2017 - Springer",76,https://link.springer.com/article/10.1057/eej.2015.49,True,medium,"Multiple moderate replication signals, no negatives. (a_mod=2)"
243,The games economists play: Why economics students behave more selfishly than other students,2017,P Gerlach,"P Gerlach - PloS one, 2017 - journals.plos.org",74,https://journals.plos.org/plosone/article?id=10.1371/journal.pone.0183814,False,high,No replication signals found in title or abstract.
244,Gender differences in the allocation of low-promotability tasks: The role of backlash,2017,"MP Recalde, L Vesterlund","L Babcock, MP Recalde, L Vesterlund - American Economic Review, 2017 - aeaweb.org",73,https://www.aeaweb.org/articles?id=10.1257/aer.p20171018,True,medium,"Multiple moderate replication signals, no negatives. (a_mod=2)"
245,The impact of federal homelessness funding on homelessness,2017,DS Lucas,"DS Lucas - Southern Economic Journal, 2017 - Wiley Online Library",68,https://onlinelibrary.wiley.com/doi/abs/10.1002/soej.12231,False,high,No replication signals found in title or abstract.
246,"Personality, competencies, and life outcomes: results from the German PIAAC longitudinal study",2017,"B Rammstedt, C Lechner","B Rammstedt, D Danner, C Lechner - Large-scale assessments in …, 2017 - Springer",68,https://link.springer.com/article/10.1186/s40536-017-0035-9,False,high,No replication signals found in title or abstract.
247,Consumption smoothing and frequency of benefit payments of cash transfer programs,2017,"E Aguila, A Kapteyn, F Perez-Arce","E Aguila, A Kapteyn, F Perez-Arce - American Economic Review, 2017 - aeaweb.org",65,https://www.aeaweb.org/articles?id=10.1257/aer.p20171147,True,low,"One moderate signal; might be incidental use of ""replicate"". (a_mod=1)"
248,Predicting economic recessions using machine learning algorithms,2017,R Nyman,"R Nyman, P Ormerod - arXiv preprint arXiv:1701.01428, 2017 - arxiv.org",65,https://arxiv.org/abs/1701.01428,False,high,No replication signals found in title or abstract.
249,Split-second trustworthiness detection from faces in an economic game,2017,"W De Neys, A Hopfensitz","W De Neys, A Hopfensitz… - Experimental …, 2017 - econtent.hogrefe.com",61,https://econtent.hogrefe.com/doi/full/10.1027/1618-3169/a000367,True,low,"One moderate signal; might be incidental use of ""replicate"". (a_mod=1)"
250,The one percent across two centuries: A replication of Thomas Piketty's data on the concentration of wealth in the United States,2017,R Sutch,"R Sutch - Social Science History, 2017 - cambridge.org",59,https://www.cambridge.org/core/journals/social-science-history/article/one-percent-across-two-centuries-a-replication-of-thomas-pikettys-data-on-the-concentration-of-wealth-in-the-united-states/20F44C37D29070B205D5FF33B30131C1,True,high,"Title contains explicit replication indicator. (t_strong=2, a_strong=0)"
251,Conflict and the persistence of ethnic bias,2017,"M Shayo, A Zussman","M Shayo, A Zussman - American Economic Journal: Applied Economics, 2017 - aeaweb.org",59,https://www.aeaweb.org/articles?id=10.1257/app.20160220,False,high,No replication signals found in title or abstract.
252,"Winners, losers, and posers: The effect of power poses on testosterone and risk-taking following competition",2017,"KM Smith, CL Apicella","KM Smith, CL Apicella - Hormones and Behavior, 2017 - Elsevier",59,https://www.sciencedirect.com/science/article/pii/S0018506X1630023X,True,high,Abstract has multiple strong replication signals. (a_strong=2)
253,"Trade liberalization, transboundary pollution, and market size",2017,"R Forslid, T Okubo, M Sanctuary","R Forslid, T Okubo, M Sanctuary - … and Resource Economists, 2017 - journals.uchicago.edu",53,https://www.journals.uchicago.edu/doi/abs/10.1086/693562,True,low,"One moderate signal; might be incidental use of ""replicate"". (a_mod=1)"
254,Bonus versus penalty: How robust are the effects of contract framing?,2017,"J De Quidt, F Fallucchi, F Kölle, D Nosenzo","J De Quidt, F Fallucchi, F Kölle, D Nosenzo… - … of the Economic …, 2017 - cambridge.org",52,https://www.cambridge.org/core/journals/journal-of-the-economic-science-association/article/bonus-versus-penalty-how-robust-are-the-effects-of-contract-framing/D71278E5955565D0FD1D64CBC09A6110,False,high,No replication signals found in title or abstract.
255,Segregation and homeownership in the early twentieth century,2017,TD Logan,"TD Logan, JM Parman - American Economic Review, 2017 - aeaweb.org",49,https://www.aeaweb.org/articles?id=10.1257/aer.p20171081,True,medium,"Multiple moderate replication signals, no negatives. (a_mod=2)"
256,"Multiparty government and economic policy-making: Coalition agreements, prime ministerial power and spending in Western European Cabinets",2017,"H Bäck, WC Müller, B Nyblade","H Bäck, WC Müller, B Nyblade - Public Choice, 2017 - Springer",48,https://link.springer.com/article/10.1007/s11127-016-0373-0,False,high,No replication signals found in title or abstract.
257,"Shy of the character limit:"" Twitter mood predicts the stock market"" revisited",2017,"M Lachanski, S Pav","M Lachanski, S Pav - Econ Journal Watch, 2017 - academia.edu",47,https://www.academia.edu/download/102684044/LachanskiPavSept2017.pdf,True,high,Abstract has multiple strong replication signals. (a_strong=2)
258,How political orientation and vulnerability shape representations of the economic crisis in Greece and Italy,2017,"S Mari, S Papastamou","S Mari, C Volpato, S Papastamou… - … Review of Social …, 2017 - account.rips-irsp.com",47,https://account.rips-irsp.com/index.php/up-j-irsp/article/view/irsp.95,False,high,No replication signals found in title or abstract.
259,"Trust-based social capital, economic growth and property rights: explaining the relationship",2017,"M Ahmad, SG Hall","M Ahmad, SG Hall - International Journal of Social Economics, 2017 - emerald.com",47,https://www.emerald.com/insight/content/doi/10.1108/ijse-11-2014-0223/full/html,False,high,No replication signals found in title or abstract.
260,"Decline effects: Types, mechanisms, and personal reflections",2017,"J Protzko, JW Schooler","J Protzko, JW Schooler - Psychological science under scrutiny …, 2017 - Wiley Online Library",47,https://onlinelibrary.wiley.com/doi/abs/10.1002/9781119095910.ch6,True,high,Abstract has strong replication signal. (a_strong=1)
261,Randomization inference with rainfall data: Using historical weather patterns for variance estimation,2017,AD Cooperman,"AD Cooperman - Political Analysis, 2017 - cambridge.org",46,https://www.cambridge.org/core/journals/political-analysis/article/randomization-inference-with-rainfall-data-using-historical-weather-patterns-for-variance-estimation/2F86BE9EB79FDFF9FF97C8C5CC4A2ED3,True,low,"One moderate signal; might be incidental use of ""replicate"". (a_mod=1)"
262,Does religious priming increase the prosocial behaviour of a Japanese sample in an anonymous economic game?,2017,,"S Miyatake, M Higuchi - Asian Journal of Social Psychology, 2017 - Wiley Online Library",45,https://onlinelibrary.wiley.com/doi/abs/10.1111/ajsp.12164,True,high,Abstract has multiple strong replication signals. (a_strong=4)
263,Present bias and everyday self‐control failures: A day reconstruction study,2017,"L Delaney, LK Lades","L Delaney, LK Lades - Journal of behavioral decision making, 2017 - Wiley Online Library",44,https://onlinelibrary.wiley.com/doi/abs/10.1002/bdm.2031,False,high,No replication signals found in title or abstract.
264,Validation of the economic and health outcomes model of type 2 diabetes mellitus (ECHO-T2DM),2017,M Willis,"M Willis, P Johansen, A Nilsson, C Asseburg - Pharmacoeconomics, 2017 - Springer",42,https://link.springer.com/article/10.1007/s40273-016-0471-3,False,high,No replication signals found in title or abstract.
265,Clever enough to tell the truth,2017,"BJ Ruffle, Y Tobol","BJ Ruffle, Y Tobol - Experimental Economics, 2017 - Springer",40,https://link.springer.com/article/10.1007/s10683-016-9479-y,True,medium,"Multiple moderate replication signals, no negatives. (a_mod=2)"
266,"Corruption indicators, foreign capital, and economic growth in developing countries",2017,K Borja,"K Borja - The Journal of Developing Areas, 2017 - muse.jhu.edu",39,https://muse.jhu.edu/pub/51/article/662831/summary,True,high,Abstract has strong replication signal. (a_strong=1)
267,"Cost-efficiency analyses for the US of biosimilar filgrastim-sndz, reference filgrastim, pegfilgrastim, and pegfilgrastim with on-body injector in the prophylaxis of …",2017,,"A McBride, K Campbell, M Bikkina… - … of medical economics, 2017 - Taylor & Francis",39,https://www.tandfonline.com/doi/abs/10.1080/13696998.2017.1358173,False,high,No replication signals found in title or abstract.
268,External and internal consistency of choices made in convex time budgets,2017,"A Chakraborty, EM Calford, G Fenig, Y Halevy","A Chakraborty, EM Calford, G Fenig, Y Halevy - Experimental economics, 2017 - Springer",38,https://link.springer.com/article/10.1007/s10683-016-9506-z,True,high,Abstract has strong replication signal. (a_strong=1)
269,No sex for fish: empowering women to promote health and economic opportunity in a localized place in Kenya,2017,,"P Nathenson, S Slater, P Higdon… - Health promotion …, 2017 - academic.oup.com",38,https://academic.oup.com/heapro/article-abstract/32/5/800/2951017,True,high,Abstract has strong replication signal. (a_strong=1)
270,On economic interdependence and war,2017,"M Morelli, T Sonno","M Morelli, T Sonno - Journal of Economic Literature, 2017 - aeaweb.org",38,https://www.aeaweb.org/articles?id=10.1257/jel.20161353,False,high,No replication signals found in title or abstract.
271,"European unemployment revisited: Shocks, institutions, integration",2017,G Bertola,"G Bertola - Research in Economics, 2017 - Elsevier",37,https://www.sciencedirect.com/science/article/pii/S1090944317301680,False,high,No replication signals found in title or abstract.
272,Does one size fit all? The impact of cognitive skills on economic growth,2017,A Aydemir,"N Altinok, A Aydemir - Journal of Macroeconomics, 2017 - Elsevier",36,https://www.sciencedirect.com/science/article/pii/S0164070416301719,False,medium,"Replication language appears incidental (method step, table/figure reproduction, own results)."
273,The limitations of quantitative social science for informing public policy,2017,"J Jerrim, R de Vries","J Jerrim, R de Vries - Evidence & Policy, 2017 - bristoluniversitypressdigital.com",36,https://bristoluniversitypressdigital.com/view/journals/evp/13/1/article-p117.xml,True,high,Abstract has strong replication signal. (a_strong=1)
274,"The Impact of Social Norms, Trust, and Fairness on Voluntary Tax Compliance in Austria.",2017,,"M Kostritsa, I Sittler - Management (18544223), 2017 - search.ebscohost.com",35,https://search.ebscohost.com/login.aspx?direct=true&profile=ehost&scope=site&authtype=crawler&jrnl=18544223&AN=127645881&h=Fqf9NghuAcoB4lqK555Qwui9GvKVVD3qLRNCL1hebdHId3thC4uhQKekhKmklC2IUdosyk07iUf4XK3nn2UxBQ%3D%3D&crl=c,False,high,No replication signals found in title or abstract.
275,To weight or not to weight?: the case of PISA data,2017,"J Jerrim, LA Lopez-Agudo","J Jerrim, LA Lopez-Agudo… - … the Economics …, 2017 - 2017.economicsofeducation.com",34,https://2017.economicsofeducation.com/user/pdfsesiones/025.pdf,True,medium,"Multiple moderate replication signals, no negatives. (a_mod=2)"
276,Behavioural consequences of vaccination recommendations: An experimental analysis,2017,"R Böhm, NW Meier, L Korn, C Betsch","R Böhm, NW Meier, L Korn, C Betsch - Health economics, 2017 - Wiley Online Library",34,https://onlinelibrary.wiley.com/doi/abs/10.1002/hec.3584,True,high,Abstract has strong replication signal. (a_strong=1)
277,Month of birth and child height in 40 countries,2017,"N Agarwal, A Aiyar, J Cummins","N Agarwal, A Aiyar, A Bhattacharjee, J Cummins… - Economics Letters, 2017 - Elsevier",33,https://www.sciencedirect.com/science/article/pii/S0165176517301842,True,medium,"Multiple moderate replication signals, no negatives. (a_mod=2)"
278,Family structure and economic success across the life course,2017,"RI Lerman, J Price, WB Wilcox","RI Lerman, J Price, WB Wilcox - Marriage & Family Review, 2017 - Taylor & Francis",32,https://www.tandfonline.com/doi/abs/10.1080/01494929.2017.1316810,False,high,No replication signals found in title or abstract.
279,Empirically constrained climate sensitivity and the social cost of carbon,2017,"K Dayaratna, R McKitrick","K Dayaratna, R McKitrick, D Kreutzer - Climate Change Economics, 2017 - World Scientific",32,https://www.worldscientific.com/doi/abs/10.1142/S2010007817500063,True,low,"One moderate signal; might be incidental use of ""replicate"". (a_mod=1)"
280,"Trust, risk and time preferences: evidence from survey data",2017,"G de Blasio, P Sestito","G Albanese, G de Blasio, P Sestito - International Review of Economics, 2017 - Springer",31,https://link.springer.com/article/10.1007/s12232-017-0282-7,False,high,No replication signals found in title or abstract.
281,Self-reported unemployment status and recession: An analysis on the Italian population with and without mental health problems,2017,"F Starace, T Addabbo","F Starace, F Mungai, E Sarti, T Addabbo - PLoS One, 2017 - journals.plos.org",30,https://journals.plos.org/plosone/article?id=10.1371/journal.pone.0174135,True,low,"One moderate signal; might be incidental use of ""replicate"". (a_mod=1)"
282,Differences between classical and Bayesian estimates for mixed logit models: A replication study,2017,"O Elshiewy, Y Boztug","O Elshiewy, G Zenetti, Y Boztug - Journal of Applied …, 2017 - Wiley Online Library",29,https://onlinelibrary.wiley.com/doi/abs/10.1002/jae.2513,True,high,"Title contains explicit replication indicator. (t_strong=2, a_strong=2)"
283,A hard-science approach to Kondratieff's economic cycle,2017,T Modis,"T Modis - Technological forecasting and social change, 2017 - Elsevier",29,https://www.sciencedirect.com/science/article/pii/S0040162517301944,True,medium,"Multiple moderate replication signals, no negatives. (a_mod=2)"
284,Who never tells a lie?,2017,C Vanberg,"C Vanberg - Experimental Economics, 2017 - Springer",28,https://link.springer.com/article/10.1007/s10683-016-9491-2,False,high,No replication signals found in title or abstract.
285,Life satisfaction and preferences over economic growth and institutional quality,2017,DT Altindag,"DT Altindag, J Xu - Journal of Labor Research, 2017 - Springer",28,https://link.springer.com/article/10.1007/s12122-016-9235-2,False,high,No replication signals found in title or abstract.
286,A 4-study replication of the moderating effects of greed on socioeconomic status and unethical behaviour,2017,"PA Palma, L Campbell","A Balakrishnan, PA Palma, J Patenaude, L Campbell - Scientific data, 2017 - nature.com",27,https://www.nature.com/articles/sdata2016120,True,high,"Title contains explicit replication indicator. (t_strong=1, a_strong=0)"
287,"Economic Complexity:"" Buttarla in caciara"" vs a constructive approach",2017,"L Pietronero, M Cristelli, A Gabrielli, D Mazzilli","L Pietronero, M Cristelli, A Gabrielli, D Mazzilli… - arXiv preprint arXiv …, 2017 - arxiv.org",27,https://arxiv.org/abs/1709.05272,False,high,No replication signals found in title or abstract.
288,"Public assistance, economic prospect, and happiness in urban China",2017,"Q Gao, F Zhai","Q Gao, F Zhai - Social Indicators Research, 2017 - Springer",26,https://link.springer.com/article/10.1007/s11205-015-1174-4,False,high,No replication signals found in title or abstract.
289,The women of the national supported work demonstration,2017,"S Calónico, J Smith","S Calónico, J Smith - Journal of Labor Economics, 2017 - journals.uchicago.edu",26,https://www.journals.uchicago.edu/doi/abs/10.1086/692397,True,high,Abstract has strong replication signal. (a_strong=1)
290,The role of gravity models in estimating the economic impact of Brexit,2017,,"G Gudgin, KJ Coutts, N Gibson, J Buchanan - 2017 - ulster.ac.uk",25,https://www.ulster.ac.uk/epc/pdf/2017/research-collaborations/CBR_Gravity-models.pdf,True,medium,"Multiple moderate replication signals, no negatives. (a_mod=2)"
291,Rumors of the 'nonreplication'of the 'motivated numeracy effect'are greatly exaggerated,2017,"DM Kahan, E Peters","DM Kahan, E Peters - Yale Law & Economics Research Paper, 2017 - researchgate.net",25,https://www.researchgate.net/profile/Ellen-Peters/publication/319698181_Rumors_of_the_'Nonreplication'_of_the_'Motivated_Numeracy_Effect'_are_Greatly_Exaggerated/links/59bef0450f7e9b48a2988ed2/Rumors-of-the-Nonreplication-of-the-Motivated-Numeracy-Effect-are-Greatly-Exaggerated.pdf,False,high,No replication signals found in title or abstract.
292,Use of opioid substitution therapies in the treatment of opioid use disorder: results of a UK cost-effectiveness modelling study,2017,,"J Kenworthy, Y Yi, A Wright, J Brown… - … of medical economics, 2017 - Taylor & Francis",25,https://www.tandfonline.com/doi/abs/10.1080/13696998.2017.1325744,False,high,No replication signals found in title or abstract.
293,Subjective well‐being and income: A re‐examination of satiation using the regression kink model with an unknown threshold,2017,D Lien,"D Lien, Y Hu, L Liu - Journal of Applied Econometrics, 2017 - Wiley Online Library",24,https://onlinelibrary.wiley.com/doi/abs/10.1002/jae.2526,True,high,Abstract has strong replication signal. (a_strong=1)
294,News shocks and the slope of the term structure of interest rates: Comment,2017,D Cascaldi-Garcia,"D Cascaldi-Garcia - American Economic Review, 2017 - aeaweb.org",24,https://www.aeaweb.org/articles?id=10.1257/aer.20160547,False,high,No replication signals found in title or abstract.
295,"Who benefits most from a university degree?: A cross-national comparison of selection and wage returns in the US, UK, and Germany",2017,"RR Luthra, J Flashman","RR Luthra, J Flashman - Research in higher education, 2017 - Springer",23,https://link.springer.com/article/10.1007/s11162-017-9451-5,True,high,Abstract has multiple strong replication signals. (a_strong=2)
296,"Inequality, FDI and economic development: Evidence from developing countries",2017,MT Majeed,"MT Majeed - The Singapore Economic Review, 2017 - World Scientific",22,https://www.worldscientific.com/doi/abs/10.1142/S0217590815500678,True,medium,"Multiple moderate replication signals, no negatives. (a_mod=2)"
297,Are some populations resilient to recessions? Economic fluctuations and mortality during a period of economic decline and recovery in Finland,2017,M Avendano,"M Avendano, H Moustgaard, P Martikainen - European journal of …, 2017 - Springer",22,https://link.springer.com/article/10.1007/s10654-016-0152-8,True,low,"One moderate signal; might be incidental use of ""replicate"". (a_mod=1)"
298,Re‐examining the reported rates of return to food and agricultural research and development: reply,2017,"TM Hurley, X Rao, PG Pardey","TM Hurley, X Rao, PG Pardey - … of Agricultural Economics, 2017 - Wiley Online Library",22,https://onlinelibrary.wiley.com/doi/abs/10.1093/ajae/aaw079,False,high,No replication signals found in title or abstract.
299,"Savings, financial development, and economic growth in the Arab Republic of Egypt revisited",2017,"K Hussein, M Mohieldin, A Rostom","K Hussein, M Mohieldin, A Rostom - World Bank Policy Research …, 2017 - papers.ssrn.com",22,https://papers.ssrn.com/sol3/papers.cfm?abstract_id=2948487,False,high,No replication signals found in title or abstract.
300,Genetic algorithm learning in a New Keynesian macroeconomic setup,2017,"C Hommes, T Makarewicz, D Massaro","C Hommes, T Makarewicz, D Massaro… - … of Evolutionary Economics, 2017 - Springer",21,https://link.springer.com/article/10.1007/s00191-017-0511-y,True,high,Abstract has multiple strong replication signals. (a_strong=2)
301,Understanding and overcoming the barriers for cost-effective conservation,2017,KD Messer,"L Grand, KD Messer, W Allen III - Ecological Economics, 2017 - Elsevier",21,https://www.sciencedirect.com/science/article/pii/S0921800916305584,False,high,No replication signals found in title or abstract.
302,The behavioral economics of tobacco products: Innovations in laboratory methods to inform regulatory science,2017,,"WK Bickel, LN Moody, SE Snider… - … Economics and …, 2017 - taylorfrancis.com",21,https://www.taylorfrancis.com/chapters/edit/10.4324/9781315637938-3/behavioral-economics-tobacco-products-warren-bickel-lara-moody-sarah-snider-alexandra-mellis-jeffrey-stein-amanda-quisenberry,False,high,No replication signals found in title or abstract.
303,Stigma and risky behaviors among male clients of sex workers in the UK,2017,"M Della Giusta, ML Di Tommaso, SL Jewell","M Della Giusta, ML Di Tommaso, SL Jewell - Feminist Economics, 2017 - Taylor & Francis",20,https://www.tandfonline.com/doi/abs/10.1080/13545701.2016.1203453,False,high,No replication signals found in title or abstract.
304,"Replication of unconditional quantile regressions by Firpo, Fortin and Lemieux (2009)",2017,"BH Baltagi, PK Ghosh","BH Baltagi, PK Ghosh - Journal of Applied Econometrics, 2017 - Wiley Online Library",19,https://onlinelibrary.wiley.com/doi/abs/10.1002/jae.2477,True,high,"Title contains explicit replication indicator. (t_strong=2, a_strong=0)"
305,Being an economic-civic competent citizen: A technology-based assessment of commercial apprentices in Germany and Switzerland,2017,"S Schumann, E Kaufmann","S Schumann, E Kaufmann, F Eberle, A Jüttler… - Empirical Research in …, 2017 - Springer",19,https://link.springer.com/article/10.1186/s40461-017-0056-1,False,high,No replication signals found in title or abstract.
306,Recalculating-How uncertainty in local labor market definitions affects empirical findings,2017,"A Foote, MJ Kutzbach","A Foote, MJ Kutzbach, L Vilhuber - 2017 - ecommons.cornell.edu",19,https://ecommons.cornell.edu/bitstream/1813/52649/2/ces_wp_recalculating.pdf,True,high,Abstract has strong replication signal. (a_strong=1)
307,The origins and long-run consequences of the division of labor,2017,"E Depetris-Chauvin, Ö Özak","E Depetris-Chauvin, Ö Özak - Available at SSRN 2827328, 2017 - papers.ssrn.com",19,https://papers.ssrn.com/sol3/papers.cfm?abstract_id=2827328,False,high,No replication signals found in title or abstract.
308,A replication of 'Entry regulation and entrepreneurship: a natural experiment in German craftsmanship',2017,"P Runst, J Thomä","P Runst, J Thomä, K Haverkamp, K Müller - 2017 - econstor.eu",18,https://www.econstor.eu/handle/10419/191844,True,high,"Title contains explicit replication indicator. (t_strong=2, a_strong=3)"
309,Identifying state-level recessions,2017,JP Brown,"JP Brown - Economic Review, 2017 - researchgate.net",18,https://www.researchgate.net/profile/Jason-Brown-4/publication/313900795_Identifying_State-Level_Recessions/links/58af05bda6fdcc6f03f3492d/Identifying-State-Level-Recessions.pdf,False,high,No replication signals found in title or abstract.
310,The impact of research collaboration on academic performance: An empirical analysis for Russian Universities,2017,"L Aldieri, M Kotsemir, CP Vinci","L Aldieri, M Kotsemir, CP Vinci - Available at SSRN 2913517, 2017 - papers.ssrn.com",18,https://papers.ssrn.com/sol3/papers.cfm?abstract_id=2913517,False,high,No replication signals found in title or abstract.
311,Performance implications of centrality in franchisee advice networks,2017,"K Mignonac, R Perrigot","B Meiseberg, K Mignonac, R Perrigot… - … Decision Economics, 2017 - Wiley Online Library",17,https://onlinelibrary.wiley.com/doi/abs/10.1002/mde.2860,False,high,No replication signals found in title or abstract.
312,Re‐Examining the Reported Rates of Return to Food and Agricultural Research and Development: Comment,2017,JF Oehmke,"JF Oehmke - American Journal of Agricultural Economics, 2017 - Wiley Online Library",17,https://onlinelibrary.wiley.com/doi/abs/10.1093/ajae/aaw080,False,high,No replication signals found in title or abstract.
313,The impact of family income on child achievement: Evidence from the earned income tax credit: Comment,2017,,"S Lundstrom - American Economic Review, 2017 - aeaweb.org",16,https://www.aeaweb.org/articles?id=10.1257/aer.20150988,True,medium,"Multiple moderate replication signals, no negatives. (a_mod=3)"
314,At the mercy of a prisoner three dictator experiments,2017,,"T Chmura, C Engel, M Englerth - Applied Economics Letters, 2017 - Taylor & Francis",15,https://www.tandfonline.com/doi/abs/10.1080/13504851.2016.1226486,False,high,No replication signals found in title or abstract.
315,The role and capabilities of major weapon systems transferred between 1950 and 2010: Empirical examinations of an arms transfer data set,2017,RAI Johnson,"RAI Johnson - Defence and peace economics, 2017 - Taylor & Francis",15,https://www.tandfonline.com/doi/abs/10.1080/10242694.2015.1033894,False,high,No replication signals found in title or abstract.
316,Is reciprocity really outcome-based? A second look at gift-exchange with random shocks,2017,"BJ Davis, R Kerschbamer, R Oexl","BJ Davis, R Kerschbamer, R Oexl - Journal of the Economic Science …, 2017 - cambridge.org",14,https://www.cambridge.org/core/journals/journal-of-the-economic-science-association/article/is-reciprocity-really-outcomebased-a-second-look-at-giftexchange-with-random-shocks/F3E0169C67C10364F7943A6E3F6C3C9F,True,high,Abstract has multiple strong replication signals. (a_strong=2)
317,"Work ethic, social ethic, no ethic: Measuring the economic values of modern Christians",2017,CL Colvin,"CL Colvin, M McCracken - Journal of Applied Econometrics, 2017 - Wiley Online Library",14,https://onlinelibrary.wiley.com/doi/abs/10.1002/jae.2543,True,medium,"Multiple moderate replication signals, no negatives. (a_mod=2)"
318,Acts of helping and harming,2017,"A Sadrieh, M Schröder","A Sadrieh, M Schröder - Economics Letters, 2017 - Elsevier",14,https://www.sciencedirect.com/science/article/pii/S0165176517300290,True,medium,"Multiple moderate replication signals, no negatives. (a_mod=2)"
319,"Let the sunshine in? The effects of luminance on economic preferences, choice consistency and dominance violations",2017,"PW Glimcher, A Tymula","PW Glimcher, A Tymula - PLoS One, 2017 - journals.plos.org",14,https://journals.plos.org/plosone/article?id=10.1371/journal.pone.0181112,False,high,No replication signals found in title or abstract.
320,'Earnings shocks and tax-motivated income-shifting: evidence from European multinationals'–revisited,2017,C Schimanski,"C Schimanski - Applied Economics Letters, 2017 - Taylor & Francis",13,https://www.tandfonline.com/doi/abs/10.1080/13504851.2017.1327117,False,high,No replication signals found in title or abstract.
321,Insights from experiments with duopoly games: Rational incremental decision-making,2017,"MJ Lee, MJ Moon","MJ Lee, MJ Moon, J Kim - Public Management Review, 2017 - Taylor & Francis",13,https://www.tandfonline.com/doi/abs/10.1080/14719037.2017.1282002,True,low,"One moderate signal; might be incidental use of ""replicate"". (a_mod=1)"
322,Do tort reforms impact the incidence of birth by cesarean section? A reassessment,2017,"J Cano-Urbina, D Montanera","J Cano-Urbina, D Montanera - International Journal of Health Economics …, 2017 - Springer",13,https://link.springer.com/article/10.1007/s10754-016-9202-8,False,high,No replication signals found in title or abstract.
323,Mathematics self-confidence and the “prepayment effect” in riskless choices,2017,"L Xue, S Sitzia, TL Turocy","L Xue, S Sitzia, TL Turocy - Journal of Economic Behavior & Organization, 2017 - Elsevier",13,https://www.sciencedirect.com/science/article/pii/S0167268117300148,True,medium,"Multiple moderate replication signals, no negatives. (a_mod=2)"
324,Accounting for strategic response in an agent-based model of financial regulation,2017,"F Cheng, MP Wellman","F Cheng, MP Wellman - … of the 2017 ACM Conference on Economics …, 2017 - dl.acm.org",13,https://dl.acm.org/doi/abs/10.1145/3033274.3085114,True,high,Abstract has strong replication signal. (a_strong=1)
325,Innovation and institutional ownership revisited: An empirical investigation with count data models,2017,A Zeileis,"S Berger, H Stocker, A Zeileis - Empirical Economics, 2017 - Springer",13,https://link.springer.com/article/10.1007/s00181-016-1118-0,True,high,Abstract has strong replication signal. (a_strong=1)
326,Replicating health economic models: firm foundations or a house of cards?,2017,I Bermejo,"I Bermejo, P Tappenden, JH Youn - Pharmacoeconomics, 2017 - Springer",13,https://link.springer.com/article/10.1007/s40273-017-0553-x,True,high,"Title contains explicit replication indicator. (t_strong=1, a_strong=0)"
327,Campbell replication confirms little or no effect of community deworming,2017,P Garner,"D Taylor-Robinson, P Garner - The Lancet Global Health, 2017 - thelancet.com",12,https://www.thelancet.com/journals/langlo/article/PIIS2214-109X(16)30289-3/fulltext,False,high,No replication signals found in title or abstract.
328,On the poverty–growth elasticity,2017,"C Arndt, C Schimanski","C Arndt, K Mahrt, C Schimanski - 2017 - wider.unu.edu",11,https://www.wider.unu.edu/sites/default/files/Publications/Working-paper/PDF/wp2017-149.pdf,True,high,Abstract has strong replication signal. (a_strong=1)
329,The Robust Relationship Between US Food Aid and Civil Conflict,2017,"DJ Henderson, L Wang","CY Chu, DJ Henderson, L Wang - Journal of Applied …, 2017 - Wiley Online Library",11,https://onlinelibrary.wiley.com/doi/abs/10.1002/jae.2558,True,high,Abstract has strong replication signal. (a_strong=1)
330,Sustainability improvement opportunities in Brazilian sectors: analysis of DEA slacks,2017,"F de Castro Camioto, EB Mariano","F de Castro Camioto, EB Mariano… - Brazilian Journal of …, 2017 - bjopm.org.br",11,https://www.bjopm.org.br/bjopm/article/view/356,True,high,Abstract has multiple strong replication signals. (a_strong=2)
331,personality and cognition in economic decision making,2017,"MI Ibáñez, N Georgantzis","A García-Gallego, MI Ibáñez, N Georgantzis - Frontiers in Psychology, 2017 - frontiersin.org",11,https://www.frontiersin.org/articles/10.3389/fpsyg.2017.00848/full,False,high,No replication signals found in title or abstract.
332,Pious populists at the gate: A case study of economic development in Turkey under AKP,2017,E Meyersson,"E Meyersson - Economics of Transition, 2017 - Wiley Online Library",11,https://onlinelibrary.wiley.com/doi/abs/10.1111/ecot.12125,False,high,No replication signals found in title or abstract.
333,Are genetic markers of interest for economic research?,2017,"SF Lehrer, W Ding","SF Lehrer, W Ding - IZA Journal of Labor Policy, 2017 - Springer",11,https://link.springer.com/article/10.1186/s40173-017-0080-6,True,high,Abstract has strong replication signal. (a_strong=1)
334,Are athletes more cooperative than nonathletes? A laboratory experiment,2017,"J Celse, M Nicolas","J Celse, M Nicolas, P Schilling - … and Decision Economics, 2017 - Wiley Online Library",10,https://onlinelibrary.wiley.com/doi/abs/10.1002/mde.2862,True,high,Abstract has strong replication signal. (a_strong=1)
335,ERP usage model towards competitive advantage,2017,I Ramli,"I Ramli, U Widayat - … of Economic & Management Perspectives, 2017 - search.proquest.com",10,https://search.proquest.com/openview/d4873678ab69694d30704121991da9e2/1?pq-origsite=gscholar&cbl=51667,True,high,Abstract has multiple strong replication signals. (a_strong=3)
336,"Rivalries, tradition, and recession proof collegiate football attendance in El Paso",2017,TM Fullerton Jr,"TM Fullerton Jr, WA Miller - Journal of Sports Economics & …, 2017 - arastirmax.com",10,https://arastirmax.com/en/system/files/dergiler/260431/makaleler/7/2/arastirmax-rivalries-tradition-and-recession-proof-collegiate-football-attendance-el-paso.pdf,False,high,No replication signals found in title or abstract.
337,"Productivity premia for many modes of internationalization: A replication study of Békes/Muraközy, Economics Letters (2016)",2017,J Wagner,J Wagner - 2017 - econstor.eu,9,https://www.econstor.eu/handle/10419/162329,True,high,"Title contains explicit replication indicator. (t_strong=2, a_strong=1)"
338,A review of the matching process for the impact analysis of the HMP Peterborough Social Impact Bond.,2017,"JD Anders, R Dorsett","JD Anders, R Dorsett - 2017 - discovery.ucl.ac.uk",9,https://discovery.ucl.ac.uk/id/eprint/10038371/,True,high,Abstract has multiple strong replication signals. (a_strong=4)
339,When is a good time to raise the minimum wage?,2017,,"SM Lundstrom - Contemporary Economic Policy, 2017 - Wiley Online Library",9,https://onlinelibrary.wiley.com/doi/abs/10.1111/coep.12169,True,medium,"Multiple moderate replication signals, no negatives. (a_mod=3)"
340,The Effects Of Trade Liberalization Between Indonesia And Japan: A Case To Indonesian Economy,2017,AS Nugroho,"AS Nugroho - Jurnal Perspektif Bea dan Cukai, 2017 - jurnal.pknstan.ac.id",9,https://jurnal.pknstan.ac.id/index.php/PBC/article/view/115,True,high,Abstract has strong replication signal. (a_strong=1)
341,Bridging the racial generation gap is key to America's economic future,2017,M Pastor,"M Pastor, J Scoggins… - PolicyLink and the …, 2017 - nationalequityatlas.org",9,https://nationalequityatlas.org/sites/default/files/RacialGenGap_%20final_0.pdf,False,high,No replication signals found in title or abstract.
342,Temporal issues in replication: The stability of centrality-based advantage,2017,"Y Shi, O Sorenson","Y Shi, O Sorenson… - Sociological Science, 2017 - sociologicalscience.com",8,https://sociologicalscience.com/articles-v4-5-107/,False,high,"Abstract discusses replication as topic/concept, not as paper's primary action. (a_neg=1)"
343,Challenges to replication and iteration in field experiments: Evidence from two direct mail shots,2017,"J Bowers, D Karlan, S Tulman","J Bowers, N Higgins, D Karlan, S Tulman… - American Economic …, 2017 - aeaweb.org",8,https://www.aeaweb.org/articles?id=10.1257/aer.p20171060,False,high,No replication signals found in title or abstract.
344,Revisiting the effect of colonial institutions on comparative economic development,2017,"VA Assenova, M Regele","VA Assenova, M Regele - PloS one, 2017 - journals.plos.org",8,https://journals.plos.org/plosone/article?id=10.1371/journal.pone.0177100,True,high,Abstract has strong replication signal. (a_strong=1)
345,Achieving statistical significance with covariates,2017,"G Lenz, A Sahn","G Lenz, A Sahn - Unpublished manuscript available at https://osf. io …, 2017 - files.osf.io",8,https://files.osf.io/v1/resources/s42ba/providers/osfstorage/58e82561594d9002510ab37f?version=1&displayName=covariates_lenz_sahn_draft_20170407-2017-04-07T23:48:49.680Z.pdf&action=download&direct,True,medium,"Multiple moderate replication signals, no negatives. (a_mod=2)"
346,Convex incentives in financial markets: an agent-based analysis,2017,"A Fabretti, T Gärling, M Holmen","A Fabretti, T Gärling, S Herzel, M Holmen - Decisions in Economics and …, 2017 - Springer",8,https://link.springer.com/article/10.1007/s10203-017-0200-1,False,high,No replication signals found in title or abstract.
347,The Virtual IELab–an exercise in replicating part of the EXIOBASE V. 2 production pipeline in a virtual laboratory,2017,A Geschke,"RC Reyes, A Geschke, A de Koning… - Economic Systems …, 2017 - Taylor & Francis",8,https://www.tandfonline.com/doi/abs/10.1080/09535314.2017.1317237,False,high,No replication signals found in title or abstract.
348,"A replication of four quasi-experiments and three facts from 'the effect of file sharing on record sales: An empirical analysis'(journal of political economy, 2007)",2017,SJ Liebowitz,"SJ Liebowitz - Economics, 2017 - degruyter.com",7,https://www.degruyter.com/document/doi/10.5018/economics-ejournal.ja.2017-13/html,True,high,"Title contains explicit replication indicator. (t_strong=2, a_strong=2)"
349,Credit booms gone bust: replication of Schularick and Taylor (AER 2012),2017,PM Summers,"PM Summers - Journal of Applied Econometrics, 2017 - Wiley Online Library",7,https://onlinelibrary.wiley.com/doi/abs/10.1002/jae.2554,True,high,"Title contains explicit replication indicator. (t_strong=2, a_strong=1)"
350,Misperceptions and mismeasurements: An analysis of subjective economic inequality,2017,A Hadavand,A Hadavand - 2017 - ecineq.org,7,http://www.ecineq.org/milano/WP/ECINEQ2017-449.pdf,True,high,Abstract has multiple strong replication signals. (a_strong=2)
351,Does the median voter or special interests determine state highway expenditures? recent evidence,2017,J Hall,"J Hall, SB Pokharel - Atlantic Economic Journal, 2017 - Springer",6,https://link.springer.com/article/10.1007/s11293-016-9523-5,True,high,Abstract has strong replication signal. (a_strong=1)
352,"Which panel data estimator should I use?: A corrigendum and extension. Economics Discussion Papers, No 2017-58",2017,WR Reed,"M Moundigbaye, WS Rea, WR Reed - … . http://www. economics …, 2017 - degruyter.com",6,https://www.degruyter.com/document/doi/10.5018/economics-ejournal.ja.2018-4/downloadAsset/suppl/journalarticles_2018-4-sm1.pdf,True,high,Abstract has multiple strong replication signals. (a_strong=2)
353,Explicit vs implicit proprietorship: Can endowment effect theory explain exchange asymmetry?,2017,EL Khalil,"EL Khalil, K Wu - Economics Letters, 2017 - Elsevier",6,https://www.sciencedirect.com/science/article/pii/S016517651730068X,True,medium,"Multiple moderate replication signals, no negatives. (a_mod=2)"
354,Additional evidence and replication code for analyzing the effects of minimum wage increases enacted during the great recession,2017,J Clemens,"J Clemens, M Wither - 2017 - mpra.ub.uni-muenchen.de",6,https://mpra.ub.uni-muenchen.de/id/eprint/80155,False,high,No replication signals found in title or abstract.
355,"The research excellence framework 2014, journal ratings and the marginalization of heterodox economics",2017,"E Stockhammer, Q Dammerer","E Stockhammer, Q Dammerer, S Kapur - 2017 - postkeynesian.net",6,https://www.postkeynesian.net/downloads/working-papers/PKWP1715_fCgwlkp.pdf,False,high,No replication signals found in title or abstract.
356,The gender income gap and the role of family formation revisited: A replication of Bobbitt-Zeher (2007),2017,F Ochsenfeld,"F Ochsenfeld - Journal for labour market research, 2017 - Springer",5,https://link.springer.com/article/10.1007/s12651-017-0225-5,True,high,"Title contains explicit replication indicator. (t_strong=2, a_strong=2)"
357,Temporal and spatial effects of state taxes on economic growth,2017,J Bernard,"JE Anderson, J Bernard - Proceedings. Annual conference on taxation and …, 2017 - JSTOR",5,https://www.jstor.org/stable/26794431,False,high,No replication signals found in title or abstract.
358,Risking life and limb: estimating a measure of medical care economic risk and considering its implications,2017,"J Abramowitz, B O'Hara","J Abramowitz, B O'Hara, DS Morris - Health Economics, 2017 - Wiley Online Library",5,https://onlinelibrary.wiley.com/doi/abs/10.1002/hec.3325,True,high,Abstract has strong replication signal. (a_strong=1)
359,Did Protestantism promote economic prosperity via higher human capital?,2017,,J Edwards - 2017 - papers.ssrn.com,5,https://papers.ssrn.com/sol3/papers.cfm?abstract_id=3040506,True,high,Abstract has strong replication signal. (a_strong=1)
360,Conventional views and asset prices: What to expect after times of extreme opinions?,2017,JD Aromí,"JD Aromí - Journal of Applied Economics, 2017 - Elsevier",5,https://www.sciencedirect.com/science/article/pii/S151403261730003X,False,high,No replication signals found in title or abstract.
361,"A replication of willingness-to-pay estimates in"" An adding up test on contingent valuations of river and lake quality""(Land Economics, 2015)",2017,JC Whitehead,JC Whitehead - 2017 - ideas.repec.org,4,https://ideas.repec.org/p/zbw/ifwedp/201755.html,True,high,"Title contains explicit replication indicator. (t_strong=2, a_strong=2)"
362,"Narrow Replication of Fisman and Miguel's (2007a)'Corruption, Norms, and Legal Enforcement: Evidence from Diplomatic Parking Tickets'",2017,"M Albergaria, LP Fávero","M Albergaria, LP Fávero - Journal of Applied Econometrics, 2017 - Wiley Online Library",4,https://onlinelibrary.wiley.com/doi/abs/10.1002/jae.2540,True,high,"Title contains explicit replication indicator. (t_strong=1, a_strong=0)"
363,Is Economics Research Replicable? Sixty Published Papers from Thirteen Journals Say “Often Not”,2017,"AC Chang, P Li","AC Chang, P Li - Critical Finance Review, 2017 - cfr.ivo-welch.info",4,https://cfr.ivo-welch.info/published/papers/chang-li-2018.pdf,True,low,"Weak evidence: strong signal competes with negative signal. (a_strong=3, a_neg=1)"
364,How often should we believe positive results? Assessing the credibility of research findings in development economics,2017,"A Coville, E Vivalt","A Coville, E Vivalt - BITSS. Open Science Framework, 2017 - osf.io",4,https://osf.io/5nsh3_v1/download,True,high,Abstract has strong replication signal. (a_strong=1)
365,Media priming effect: a preregistered replication experiment,2017,"T Kobayashi, A Miura, K Inamasu","T Kobayashi, A Miura, K Inamasu - Journal of Experimental Political …, 2017 - cambridge.org",4,https://www.cambridge.org/core/journals/journal-of-experimental-political-science/article/media-priming-effect-a-preregistered-replication-experiment/3079F303E8022B00B275297E66D6EAC3,True,high,"Title contains explicit replication indicator. (t_strong=1, a_strong=1)"
366,Revisiting Easterly and Levine (1997): replication and extension,2017,S Vujić,"M Millrine, S Vujić - 2017 - repository.uantwerpen.be",3,https://repository.uantwerpen.be/docman/irua/1d7e34/144954.pdf,True,high,"Title contains explicit replication indicator. (t_strong=2, a_strong=1)"
367,EU Enlargement and the New Goods Margin in Austrian Trade: Comment,2017,I Del Rosal,"I Del Rosal - Open Economies Review, 2017 - Springer",3,https://link.springer.com/article/10.1007/s11079-017-9442-3,True,high,Abstract has strong replication signal. (a_strong=1)
368,Using micro-geography data to identify town-centre space in Great Britain,2017,"P Cheshire, CAL Hilber","P Cheshire, CAL Hilber, P Montebruno… - 2017 - eprints.lse.ac.uk",3,https://eprints.lse.ac.uk/83636/,True,low,"One moderate signal; might be incidental use of ""replicate"". (a_mod=1)"
369,Diversification and specialization across urban areas,2017,,"A Macheras, M Stanley - Econ Focus, 2017 - richmondfed.org",3,https://www.richmondfed.org/-/media/richmondfedorg/publications/research/econ_focus/2017/q4/district_digest_article.pdf,True,low,"One moderate signal; might be incidental use of ""replicate"". (a_mod=1)"
370,Socio-economic status and subject choice at 14: Do they interact to affect university access,2017,"JD Anders, A Sullivan","JD Anders, M Henderson, V Moulton, A Sullivan - 2017 - discovery.ucl.ac.uk",3,https://discovery.ucl.ac.uk/id/eprint/10038225/,False,high,No replication signals found in title or abstract.
371,"Fundamentals unknown: Momentum, mean-reversion and price-to-earnings trading in an artificial stock market",2017,J Schasfoort,"J Schasfoort, C Stockermans - 2017 - econstor.eu",3,https://www.econstor.eu/handle/10419/169122,True,high,Abstract has strong replication signal. (a_strong=1)
372,Gender and personality traits'(BFI-10) effect on trust,2017,"C Olexova, F Sudzina","C Olexova, F Sudzina - … Scientific Conference of Business Economics …, 2017 - ceeol.com",2,https://www.ceeol.com/search/chapter-detail?id=1104820,True,low,"Weak evidence: strong signal competes with negative signal. (a_strong=3, a_neg=1)"
373,Breaking up the relationship: dichotomous effects of positive and negative growth on the income of the poor,2017,M Poll,M Poll - 2017 - ora.ox.ac.uk,2,https://ora.ox.ac.uk/objects/uuid:d0c91310-84f2-4763-8c17-a247c2a2040a/files/ssf268554h,False,high,No replication signals found in title or abstract.
374,"Health and income: replication, theoretical model, simulation, and empirical analyses",2017,AA Atanda,AA Atanda - 2017 - ir.canterbury.ac.nz,2,https://ir.canterbury.ac.nz/bitstream/10092/14468/1/Atanda%2C%20Akinwande_Final%20PhD%20Thesis.pdf,True,high,"Title contains explicit replication indicator. (t_strong=1, a_strong=0)"
375,The Effect of Sanctions on Human Rights: Assessing the Impact of Economic Sanctions on Human Rights Violations in Targeted Countries,2017,,KF Øygarden - 2017 - duo.uio.no,2,https://www.duo.uio.no/handle/10852/57619,False,high,No replication signals found in title or abstract.
376,Health Economics & Outcome Research: Open Access,2017,,AJ Makheti - 2017 - researchgate.net,2,https://www.researchgate.net/profile/Antony-Makheti/publication/322611893_Technical_Efficiency_in_Public_Health_Facilities_in_Meru_County_Dea_Analysis/links/5a9197d2a6fdccecff03fa61/Technical-Efficiency-in-Public-Health-Facilities-in-Meru-County-Dea-Analysis.pdf,False,high,No replication signals found in title or abstract.
377,"… ipsos custodes?: Despite evidence to the contrary, the American Economic Review concluded that all was well with its archive. Economics Discussion Papers, No …",2017,BD McCullough,"BD McCullough - … . http://www. economics-ejournal. org/economics …, 2017 - degruyter.com",1,https://www.degruyter.com/document/doi/10.5018/economics-ejournal.ja.2018-52/downloadAsset/suppl/journalarticles_2018-52-sm1.pdf,True,high,Abstract has strong replication signal. (a_strong=1)
378,The Economic Impact of Imports on the Australian Pig Industry: Is it Time for the WTO's Safeguard Measures? 1. Replicating and Updating the 2008 Productivity …,2017,M Popat,"M Popat, G Griffith, S Mounter - Australasian Agribusiness …, 2017 - ageconsearch.umn.edu",1,https://ageconsearch.umn.edu/record/285012/,False,high,No replication signals found in title or abstract.
379,Replication and reanalysis of Bleakley (2007): The impacts of hookworm eradication in the American South,2017,D Roodman,D Roodman - 2017 - files.givewell.org,1,https://files.givewell.org/files/DWDA%202009/Interventions/Deworming/2017-Roodman-replication-and-reanalysis-of-Bleakley-hookworm.pdf,True,high,"Title contains explicit replication indicator. (t_strong=1, a_strong=0)"
380,"A replication of"" Education and catch-up in the Industrial Revolution""(American Economic Journal: Macroeconomics, 2011)",2017,,JSS Edwards - 2017 - degruyter.com,1,https://www.degruyter.com/document/doi/10.5018/economics-ejournal.ja.2018-3/downloadAsset/suppl/journalarticles_2018-3-sm1.pdf,True,high,"Title contains explicit replication indicator. (t_strong=2, a_strong=1)"
381,Nationalism and Economic Openness: The cross-country evidence revisited,2017,"S Afrin, RV Breunig, S Weldeegzie","V Agarwal, S Afrin, RV Breunig, S Weldeegzie, T Zhang - 2017 - papers.ssrn.com",1,https://papers.ssrn.com/sol3/papers.cfm?abstract_id=3025218,True,medium,"Multiple moderate replication signals, no negatives. (a_mod=2)"
382,Gender Effects on Loyalty: A Replication in an Emerging Market,2017,"FB Daouda, PTM Ingenbleek","FB Daouda, PTM Ingenbleek… - Journal of Marketing …, 2017 - academia.edu",1,https://www.academia.edu/download/87184262/107.0000003820220608-1-1pil6zt.pdf,True,high,"Title contains explicit replication indicator. (t_strong=1, a_strong=3)"
383,Industrialization and economic growth: A missing link or a missing point?,2017,,"H Montagu - Master of Arts dissertation in Development Studies …, 2017 - thesis.eur.nl",1,https://thesis.eur.nl/pub/41612/Montagu-Haroldo-.pdf,True,low,"One moderate signal; might be incidental use of ""replicate"". (a_mod=1)"
384,Economic consequences of numerical adaptation,2017,"M Garagnani, FM Vieider","M Garagnani, FM Vieider - Psychological Science, 2017 - journals.sagepub.com",1,https://journals.sagepub.com/doi/abs/10.1177/09567976251339195,False,high,No replication signals found in title or abstract.
385,"Microplots and food security: encouraging replication studies of policy relevant research. Economics Discussion Papers, No 2017-71",2017,"BDK Wood, M Vasquez","BDK Wood, M Vasquez - … //www. economics-ejournal. org/economics …, 2017 - degruyter.com",1,https://www.degruyter.com/document/doi/10.5018/economics-ejournal.ja.2018-50/downloadAsset/suppl/journalarticles_2018-50-sm1.pdf,True,high,Abstract has multiple strong replication signals. (a_strong=3)
386,Trends in angler expenditures and economic contributions of tourism at a trophy fishery in Texas,2017,,CR Parker - 2017 - search.proquest.com,1,https://search.proquest.com/openview/fb29f93a019457932477d1f0f61ceff8/1?pq-origsite=gscholar&cbl=18750,True,high,Abstract has multiple strong replication signals. (a_strong=2)
387,Approaching the 45th Anniversary of Downsian Model: A Meta-Analysis of Issue Attention Cycle Replicated Publications,2017,M Dyussenov,"M Dyussenov - Available at SSRN 3047301, 2017 - papers.ssrn.com",1,https://papers.ssrn.com/sol3/papers.cfm?abstract_id=3047301,False,high,No replication signals found in title or abstract.
388,A Replication Plan for:“Building State Capacity: Evidence from Biometric Smartcards in India”,2017,"AA Atanda, WR Reed","AA Atanda, WR Reed - 2017 - 3ieimpact.org",1,http://www.3ieimpact.org/sites/default/files/2018-12/atanda_revised_replication_plan.pdf,True,high,"Title contains explicit replication indicator. (t_strong=1, a_strong=0)"
389,"Historical"" Real Wage Gaps"": A Lesson for Economists from Economic History",2017,,"PA Riach - The Journal of European Economic History, 2017 - search.proquest.com",1,https://search.proquest.com/openview/63aaa711c50a7c54be87500d6452470b/1?pq-origsite=gscholar&cbl=15231,False,high,No replication signals found in title or abstract.
390,"Does online availability increase citations? A replication study of McCabe and Snyder (Review of Economics and Statistics, 2015)",2017,J Wagner,"J Wagner - … Journal for Re-Views in Empirical Economics (IREE), 2017 - econstor.eu",0,https://www.econstor.eu/bitstream/10419/168377/1/IREE-2017-02.pdf,True,high,"Title contains explicit replication indicator. (t_strong=2, a_strong=1)"
391,A replication of Pindyck's willingness to pay: on the sacrifice needed to obtain results,2017,P Pellizzari,"L Gerotto, P Pellizzari - … PAPER-DEPARTMENT OF ECONOMICS, CÀ …, 2017 - iris.unive.it",0,https://iris.unive.it/handle/10278/3693297,True,high,"Title contains explicit replication indicator. (t_strong=2, a_strong=2)"
392,"Firm size and the use of export intermediaries. A replication study of Abel-Koch (The World Economy, 2013)",2017,J Wagner,"J Wagner - … Journal for Re-Views in Empirical Economics (IREE), 2017 - econstor.eu",0,https://www.econstor.eu/handle/10419/168376,True,high,"Title contains explicit replication indicator. (t_strong=2, a_strong=4)"
393,A Replication and Extension of Hoffman and Spitzer's Coase Theorem Experiments,2017,"C Eckel, R Rholes","JD Backstrom, C Eckel, R Rholes… - 2017 - ageconsearch.umn.edu",0,https://ageconsearch.umn.edu/record/259936/files/Abstracts_17_07_11_15_52_46_13__172_16_20_110_0.pdf,True,high,"Title contains explicit replication indicator. (t_strong=2, a_strong=2)"
394,"Religious loyalty and acceptance of corruption. A replication study of Gouda and Park (Journal of Economics and Statistics, 2015)",2017,J Wagner,"J Wagner - … Journal for Re-Views in Empirical Economics (IREE), 2017 - econstor.eu",0,https://www.econstor.eu/bitstream/10419/168378/1/IREE-2017-03.pdf,True,high,"Title contains explicit replication indicator. (t_strong=2, a_strong=1)"
395,Expanding Schooling Opportunities in the Netherlands: A Replication of Leuven et al.(2010),2017,"AI Ali, AK Menclova","AI Ali, AK Menclova - 2017 - ideas.repec.org",0,https://ideas.repec.org/p/cbt/econwp/17-03.html,True,high,"Title contains explicit replication indicator. (t_strong=2, a_strong=4)"
396,Returns to Scale in Electricity Generation: Revisited and Replicated,2017,"DH Bernstein, CF Parmeter","DH Bernstein, CF Parmeter - 2017 - ideas.repec.org",0,https://ideas.repec.org/p/mia/wpaper/2017-08.html,True,high,Abstract has strong replication signal. (a_strong=1)
397,Economic Inequality on the Rise,2017,R Schwaiger,R Schwaiger - 2017 - diglib.uibk.ac.at,0,https://diglib.uibk.ac.at/download/pdf/2283283.pdf,False,high,No replication signals found in title or abstract.
398,"Replication data for"" Leading-Effect, Risk-Taking and Sabotage in Two-Stage Tournaments"". Version: 1",2017,"F Mueller-Langer, P Andreoli-Versbach","F Mueller-Langer, P Andreoli-Versbach - Journal of Economics and …, 2017 - pure.mpg.de",0,https://pure.mpg.de/pubman/faces/ViewItemOverviewPage.jsp?itemId=item_2462705,True,high,"Title contains explicit replication indicator. (t_strong=1, a_strong=0)"
399,What does Enrolment into a First-choice Programme of Study Depend on? Comparison of the Original and Replicated Study Results,2017,S Rogošić,"S Rogošić - … journal of research in economics and social sciences, 2017 - academia.edu",0,https://www.academia.edu/download/55487870/60ESSNOV-5733.pdf,True,high,Abstract has multiple strong replication signals. (a_strong=3)
400,"Replicating “Predicting the present with Google trends” by Hyunyoung Choi and Hal Varian (The Economic Record, 2012). Economics Discussion Papers, No …",2017,T Coupé,"T Coupé - … . http://www. economics-ejournal. org/economics …, 2017 - core.ac.uk",0,https://core.ac.uk/download/pdf/93378893.pdf,True,high,"Title contains explicit replication indicator. (t_strong=1, a_strong=0)"
401,The Measurement and Behavior of Uncertainty: Replication with Evidence from the US Survey of Professional Forecasters,2017,,DR de Klerk - 2017 - thesis.eur.nl,0,https://thesis.eur.nl/pub/38450/Klerk-de.pdf,True,high,"Title contains explicit replication indicator. (t_strong=1, a_strong=2)"
402,"A replication of 'Education and catch-up in the Industrial Revolution'(American Economic Journal: Macroeconomics, 2011). Economics Discussion Papers, No …",2017,,"J Edwards - … . http://www. economics-ejournal. org/economics …, 2017 - core.ac.uk",0,https://core.ac.uk/download/pdf/93369296.pdf,True,high,"Title contains explicit replication indicator. (t_strong=2, a_strong=0)"
403,"Replication of “Do Fiscal Rules Matter?” Grembi, Nannicini, Troiano American Economic Journal: Applied Economics, 2016",2017,,SLIMT Lucca - 2017 - researchgate.net,0,https://www.researchgate.net/profile/Sara-Landi/publication/325996314_Replication_of_Do_Fiscal_Rules_Matter_Grembi_Nannicini_Troiano/links/5b325891aca2720785e95219/Replication-of-Do-Fiscal-Rules-Matter-Grembi-Nannicini-Troiano.pdf,True,high,"Title contains explicit replication indicator. (t_strong=2, a_strong=0)"
404,"A Replication of “Are Competitive Banking Systems More Stable?”(Journal of Money, Credit, and Banking, 2009)",2017,"KK Das, S Bandarnayake, WR Reed","KK Das, S Bandarnayake, WR Reed - 2017 - ir.canterbury.ac.nz",0,https://ir.canterbury.ac.nz/bitstream/10092/15313/2/scw_rep.pdf,True,high,"Title contains explicit replication indicator. (t_strong=2, a_strong=2)"
405,Replication of Schuler & Wanke (2016),2017,"J Crawford, J Ruscio","J Crawford, A Fournier, J Ruscio - 2017 - osf.io",0,https://osf.io/preprints/c43bk/,True,high,"Title contains explicit replication indicator. (t_strong=2, a_strong=2)"
406,Online Appendix For: Generalizing from Survey Experiments Conducted on Mechanical Turk: A Replication Approach,2017,A Coppock,A Coppock - 2017 - alexandercoppock.com,0,https://alexandercoppock.com/coppock_2019a_appendix.pdf,True,high,"Title contains explicit replication indicator. (t_strong=1, a_strong=0)"
407,"Registered Replication Report: Rand, Greene, and Nowak",2017,"M Johannesson, G Tinghög, D Västfjäll","M Johannesson, G Tinghög, D Västfjäll… - Perspectives on …, 2017 - research.hhs.se",0,https://research.hhs.se/esploro/outputs/journalArticle/Registered-Replication-Report-Rand-Greene-and/991001480507806056,False,high,No replication signals found in title or abstract.
408,"Replication, update and, robustness analysis of 'Energy and economic growth in the USA: a multivariate approach'",2017,"S Bruns, J König, DI Stern","S Bruns, J König, DI Stern - 2017 - osf.io",0,https://osf.io/wvjt7/resources,True,high,"Title contains explicit replication indicator. (t_strong=1, a_strong=0)"
409,"Institute for Economic Studies, Keio University",2017,"R Forslid, T Okubo, M Sanctuary","M Size, R Forslid, T Okubo, M Sanctuary - 2017 - ies.keio.ac.jp",0,https://ies.keio.ac.jp/upload/pdf/en/DP2017-019.pdf,True,low,"One moderate signal; might be incidental use of ""replicate"". (a_mod=1)"
410,Revisiting savings: a replication study of facilitating savings for agriculture,2017,,"J Stage, T Thangavelu - 3ieimpact.org",0,http://www.3ieimpact.org/sites/default/files/2018-12/stage_revised_replication_plan.pdf,True,high,"Title contains explicit replication indicator. (t_strong=2, a_strong=0)"
411,Replicating Triyana (2016),2017,P Schrimpf,P Schrimpf - 2017 - faculty.arts.ubc.ca,0,https://faculty.arts.ubc.ca/pschrimpf/326/lec09-triyana2016.pdf,True,high,"Title contains explicit replication indicator. (t_strong=1, a_strong=0)"
412,Social norms and energy conservation beyond the US–A replication,2017,"A Gerster, M Andor, J Peters, CM Schmidt","A Gerster, M Andor, J Peters, CM Schmidt - Heading Towards Sustainable …, 2017 - iaee.org",0,https://www.iaee.org/proceedings/article/14483,True,high,"Title contains explicit replication indicator. (t_strong=1, a_strong=0)"
413,Economic Restructuring in the Northeast: A Replication and Extension,2017,,K Grant - 2017 - shsu-ir.tdl.org,0,https://shsu-ir.tdl.org/bitstream/20.500.11875/2175/1/GRANT-THESIS-2017.pdf,True,high,"Title contains explicit replication indicator. (t_strong=2, a_strong=1)"
414,Coding Empirical Analysis from Beginning to End: Application to Debt and Growth Relationship,2017,T Dvorak,T Dvorak - 2017 - dvorakt.github.io,0,https://dvorakt.github.io/TIER_debt_growth/documents/debt_and_growth_article.pdf,True,high,Abstract has multiple strong replication signals. (a_strong=2)
415,Can social norms lead people to choose less money over more?,2017,,SV Michelsen - 2017 - bora.uib.no,0,https://bora.uib.no/bora-xmlui/handle/1956/16694,True,high,Abstract has strong replication signal. (a_strong=1)
416,Keynote Speech on Data in Financial Economics (Presentation Slides),2017,C Trzcinka,"C Trzcinka - Kelley School of Business Research Paper, 2017 - papers.ssrn.com",0,https://papers.ssrn.com/sol3/Delivery.cfm?abstractid=3142834,True,high,Abstract has strong replication signal. (a_strong=1)
417,"AN INSIGHT INTO THE DETERMINATION OF BETA BY FINANCIAL WEBSITES: REPLICATING APPLE, INC.'S BETA AS COMPUTED BY YAHOO! FINANCE",2017,CY Tibbs,"CY Tibbs, SM Muchori - researchgate.net",0,https://www.researchgate.net/profile/Samuel-Muchori/publication/316063163_AN_INSIGHT_INTO_THE_DETERMINATION_OF_BETA_BY_FINANCIAL_WEBSITES_REPLICATING_APPLE_INC'S_BETA_AS_COMPUTED_BY_YAHOO_FINANCE/links/58ee8ef40f7e9b37ed16c605/AN-INSIGHT-INTO-THE-DETERMINATION-OF-BETA-BY-FINANCIAL-WEBSITES-REPLICATING-APPLE-INCS-BETA-AS-COMPUTED-BY-YAHOO-FINANCE.pdf,False,high,No replication signals found in title or abstract.
418,Replication Data for Does Democracy Cause Innovation? An Empirical Test of the Popper Hypothesis,2017,,"L Zang - (No Title), 2017 - cir.nii.ac.jp",0,https://cir.nii.ac.jp/crid/1880584740845140480,True,high,"Title contains explicit replication indicator. (t_strong=1, a_strong=0)"
419,Evaluating Statistical and Economic Value of the Cieslak and Povala Factor,2017,,K Helene Marie - 2017 - arno.uvt.nl,0,http://arno.uvt.nl/show.cgi?fid=143589,False,high,No replication signals found in title or abstract.
420,DELINEATING US LABOR-SHEDS FROM COMMUTER FLOW DATA: COMPARING CURRENT METHODS USING QUALITY OF FIT STATISTICS,2017,"CS Fowler, DC Rhubart","CS Fowler, L Jensen, DC Rhubart - sites.psu.edu",0,https://sites.psu.edu/psucz/files/2017/08/Labor-shed-J-Reg-Sci-paper-Submission-Draft-1iy1k6r.pdf,True,high,Abstract has strong replication signal. (a_strong=1)
421,"… supply-side system approach: how to replicate Klump, McAdam, and Willman (Review of Economics and Statistics, 2007). Economics Discussion Papers, No …",2017,"GE Daniels Jr, V Kakar","GE Daniels Jr, V Kakar - … http://www. economics-ejournal. org/economics …, 2017 - core.ac.uk",0,https://core.ac.uk/download/pdf/93378887.pdf,False,high,"Abstract discusses replication as topic/concept, not as paper's primary action. (a_neg=1)"
422,Saving Private Buying: Replicating Private Equity Returns Under Different Economic Regimes,2017,,L Quiogue - 2017 - dataspace.princeton.edu,0,https://dataspace.princeton.edu/handle/88435/dsp01xd07gw32n,False,medium,"Replication language appears incidental (method step, table/figure reproduction, own results)."
423,Economic Factors and Their Predictive Value on Presidential Elections,2017,,A Baghkhanian - 2017 - scholarworks.calstate.edu,0,https://scholarworks.calstate.edu/handle/10211.3/193533,False,high,No replication signals found in title or abstract.
424,CARLETON ECONOMIC PAPERS,2017,H Khan,"T Grieder, H Khan - CEP, 2017 - carleton.ca",0,http://www.carleton.ca/economics/wp-content/uploads/cep17-03.pdf,False,high,No replication signals found in title or abstract.
425,Replication Crisis and Its Solutions,2017,E Palosaari,E Palosaari - 2017 - users.aalto.fi,0,https://users.aalto.fi/~palosae2/Replication%20Crisis%20and%20Its%20Solutions.pdf,True,high,"Title contains explicit replication indicator. (t_strong=1, a_strong=0)"
426,Prolific. ac—A subject pool for online experiments,2018,"S Palan, C Schitter","S Palan, C Schitter - Journal of behavioral and experimental finance, 2018 - Elsevier",3875,https://www.sciencedirect.com/science/article/pii/S2214635017300989,True,high,Abstract has strong replication signal. (a_strong=1)
427,Evaluating the replicability of social science experiments in Nature and Science between 2010 and 2015,2018,"CF Camerer, A Dreber, F Holzmeister, TH Ho","CF Camerer, A Dreber, F Holzmeister, TH Ho… - Nature human …, 2018 - nature.com",1817,https://www.nature.com/articles/s41562-018-0399-z,False,high,No replication signals found in title or abstract.
428,"Bitcoin, gold and the US dollar–A replication and extension",2018,"DG Baur, T Dimpfl","DG Baur, T Dimpfl, K Kuck - Finance research letters, 2018 - Elsevier",699,https://www.sciencedirect.com/science/article/pii/S1544612317305093,True,high,"Title contains explicit replication indicator. (t_strong=2, a_strong=1)"
429,Do medical marijuana laws reduce addictions and deaths related to pain killers?,2018,"D Powell, RL Pacula, M Jacobson","D Powell, RL Pacula, M Jacobson - Journal of health economics, 2018 - Elsevier",516,https://www.sciencedirect.com/science/article/pii/S0167629617311852,True,high,Abstract has strong replication signal. (a_strong=1)
430,Relationship of gender differences in preferences to economic development and gender equality,2018,"A Falk, J Hermle","A Falk, J Hermle - Science, 2018 - science.org",515,https://www.science.org/doi/abs/10.1126/science.aas9899,True,high,Abstract has multiple strong replication signals. (a_strong=3)
431,Conducting interactive experiments online,2018,"AA Arechar, S Gächter, L Molleman","AA Arechar, S Gächter, L Molleman - Experimental economics, 2018 - Springer",509,https://link.springer.com/article/10.1007/s10683-017-9527-2,False,high,No replication signals found in title or abstract.
432,Attention variation and welfare: theory and evidence from a tax salience experiment,2018,"D Taubinsky, A Rees-Jones","D Taubinsky, A Rees-Jones - The Review of Economic Studies, 2018 - academic.oup.com",373,https://academic.oup.com/restud/article-abstract/85/4/2462/4665811,True,high,Abstract has strong replication signal. (a_strong=1)
433,The bias bias in behavioral economics,2018,G Gigerenzer,"G Gigerenzer - Review of Behavioral Economics, 2018 - nowpublishers.com",281,https://www.nowpublishers.com/article/OpenAccessDownload/RBE-0092,False,high,No replication signals found in title or abstract.
434,"Human capital, social capabilities and economic growth",2018,"M Ali, A Egbetokun, MH Memon","M Ali, A Egbetokun, MH Memon - Economies, 2018 - mdpi.com",244,https://www.mdpi.com/2227-7099/6/1/2,True,medium,"Multiple moderate replication signals, no negatives. (a_mod=2)"
435,Neighborhood sanitation and infant mortality,2018,"M Geruso, D Spears","M Geruso, D Spears - American Economic Journal: Applied Economics, 2018 - aeaweb.org",224,https://www.aeaweb.org/articles?id=10.1257/app.20150431,False,high,No replication signals found in title or abstract.
436,Sequence and alignment of external pressures in industry destabilisation: Understanding the downfall of incumbent utilities in the German energy transition (1998 …,2018,"G Kungl, FW Geels","G Kungl, FW Geels - Environmental innovation and societal transitions, 2018 - Elsevier",204,https://www.sciencedirect.com/science/article/pii/S2210422417300175,True,medium,"Multiple moderate replication signals, no negatives. (a_mod=2)"
437,The regional effects of Germany's national minimum wage,2018,"GM Ahlfeldt, D Roth","GM Ahlfeldt, D Roth, T Seidel - Economics Letters, 2018 - Elsevier",173,https://www.sciencedirect.com/science/article/pii/S0165176518303513,False,high,No replication signals found in title or abstract.
438,Nonlinearity and complex dynamics in economics and finance,2018,WA Brock,"WA Brock - The economy as an evolving complex system, 2018 - taylorfrancis.com",172,https://www.taylorfrancis.com/chapters/edit/10.1201/9780429492846-5/nonlinearity-complex-dynamics-economics-finance-william-brock,False,high,No replication signals found in title or abstract.
439,Conditional cooperation: Review and refinement,2018,"C Thöni, S Volk","C Thöni, S Volk - Economics Letters, 2018 - Elsevier",171,https://www.sciencedirect.com/science/article/pii/S0165176518302453,False,high,No replication signals found in title or abstract.
440,Running behavioral operations experiments using Amazon's Mechanical Turk,2018,E Siemsen,"YS Lee, YW Seo, E Siemsen - Production and Operations …, 2018 - journals.sagepub.com",160,https://journals.sagepub.com/doi/abs/10.1111/poms.12841,False,high,No replication signals found in title or abstract.
441,Tax structures and economic growth: New evidence from the government revenue dataset,2018,K McNabb,"K McNabb - Journal of International development, 2018 - Wiley Online Library",159,https://onlinelibrary.wiley.com/doi/abs/10.1002/jid.3345,True,high,Abstract has strong replication signal. (a_strong=1)
442,Which panel data estimator should I use?: A corrigendum and extension,2018,WR Reed,"M Moundigbaye, WS Rea, WR Reed - Economics, 2018 - degruyter.com",157,https://www.degruyter.com/document/doi/10.5018/economics-ejournal.ja.2018-4/html,True,high,Abstract has strong replication signal. (a_strong=1)
443,Ambiguity aversion is not universal,2018,MG Kocher,"MG Kocher, AM Lahno, ST Trautmann - European Economic Review, 2018 - Elsevier",145,https://www.sciencedirect.com/science/article/pii/S001429211730185X,True,medium,"Multiple moderate replication signals, no negatives. (a_mod=3)"
444,"Registered replication report on Mazar, Amir, and Ariely (2008)",2018,"B Verschuere, EH Meijer, A Jim","B Verschuere, EH Meijer, A Jim… - … in Methods and …, 2018 - journals.sagepub.com",137,https://journals.sagepub.com/doi/abs/10.1177/2515245918781032,True,high,Abstract has strong replication signal. (a_strong=1)
445,"Long‐term social, economic and fiscal effects of immigration into the EU: The role of the integration policy",2018,"A Kancs, P Lecca","A Kancs, P Lecca - The World Economy, 2018 - Wiley Online Library",128,https://onlinelibrary.wiley.com/doi/abs/10.1111/twec.12637,False,high,No replication signals found in title or abstract.
446,"Law and psychology grows up, goes online, and replicates",2018,"K Irvine, DA Hoffman","K Irvine, DA Hoffman… - Journal of Empirical …, 2018 - Wiley Online Library",122,https://onlinelibrary.wiley.com/doi/abs/10.1111/jels.12180,True,high,Abstract has strong replication signal. (a_strong=1)
447,"Wealth inequality in Sweden, 1750–1900",2018,"E Bengtsson, A Missiaia, M Olsson","E Bengtsson, A Missiaia, M Olsson… - The Economic History …, 2018 - Wiley Online Library",118,https://onlinelibrary.wiley.com/doi/abs/10.1111/ehr.12576,True,medium,"Multiple moderate replication signals, no negatives. (a_mod=2)"
448,Replicating a trading strategy by means of LSTM for financial industry applications,2018,"L Troiano, V Loia","L Troiano, EM Villa, V Loia - IEEE transactions on industrial …, 2018 - ieeexplore.ieee.org",112,https://ieeexplore.ieee.org/abstract/document/8305636/,True,high,"Title contains explicit replication indicator. (t_strong=1, a_strong=0)"
449,"Revisiting the gender gap in CEO compensation: Replication and extension of Hill, Upadhyay, and Beekun's (2015) work on CEO gender pay gap",2018,"VK Gupta, SC Mortal, X Guo","VK Gupta, SC Mortal, X Guo - Strategic Management Journal, 2018 - Wiley Online Library",109,https://onlinelibrary.wiley.com/doi/abs/10.1002/smj.2905,True,high,"Title contains explicit replication indicator. (t_strong=2, a_strong=0)"
450,"Gender, age, and competition: A disappearing gap?",2018,"JA Flory, U Gneezy, KL Leonard, JA List","JA Flory, U Gneezy, KL Leonard, JA List - Journal of Economic Behavior & …, 2018 - Elsevier",107,https://www.sciencedirect.com/science/article/pii/S0167268118301008,False,high,No replication signals found in title or abstract.
451,Intergenerational transmission of human capital: Is it a one-way street?,2018,"P Lundborg, K Majlesi","P Lundborg, K Majlesi - Journal of health economics, 2018 - Elsevier",106,https://www.sciencedirect.com/science/article/pii/S0167629617304034,True,low,"One moderate signal; might be incidental use of ""replicate"". (a_mod=1)"
452,Is faster better? Quantifying the relationship between broadband speed and economic growth,2018,GS Ford,"GS Ford - Telecommunications Policy, 2018 - Elsevier",99,https://www.sciencedirect.com/science/article/pii/S0308596118300831,False,high,No replication signals found in title or abstract.
453,A meta-analysis examining the nature of trade-offs in microfinance,2018,P Reichert,"P Reichert - Oxford Development Studies, 2018 - Taylor & Francis",93,https://www.tandfonline.com/doi/abs/10.1080/13600818.2018.1427223,False,high,No replication signals found in title or abstract.
454,Do freedom of information laws increase transparency of government? A replication of a field experiment,2018,"S Grimmelikhuijsen, P John, A Meijer","S Grimmelikhuijsen, P John, A Meijer… - Journal of Behavioral …, 2018 - eprints.bbk.ac.uk",87,http://eprints.bbk.ac.uk/24005/,True,high,"Title contains explicit replication indicator. (t_strong=2, a_strong=2)"
455,"Poverty, rural population distribution and climate change",2018,"EB Barbier, JP Hochard","EB Barbier, JP Hochard - Environment and Development Economics, 2018 - cambridge.org",81,https://www.cambridge.org/core/journals/environment-and-development-economics/article/poverty-rural-population-distribution-and-climate-change/AC50CF7C85013A57F8AACCAA49B29C09,True,high,Abstract has strong replication signal. (a_strong=1)
456,How should we think about Americans' beliefs about economic mobility?,2018,"S Davidai, T Gilovich","S Davidai, T Gilovich - Judgment and Decision making, 2018 - cambridge.org",81,https://www.cambridge.org/core/journals/judgment-and-decision-making/article/how-should-we-think-about-americans-beliefs-about-economic-mobility/6007ED89B1BB5A12699BA98624D02258,True,high,Abstract has strong replication signal. (a_strong=1)
457,Cost-effectiveness of take-home naloxone for the prevention of overdose fatalities among heroin users in the United Kingdom,2018,R Grieve,"S Langham, A Wright, J Kenworthy, R Grieve… - Value in health, 2018 - Elsevier",78,https://www.sciencedirect.com/science/article/pii/S1098301518300019,False,high,No replication signals found in title or abstract.
458,Monopsony and employer mis-optimization explain why wages bunch at round numbers,2018,"A Dube, A Manning, S Naidu","A Dube, A Manning, S Naidu - 2018 - nber.org",76,https://www.nber.org/papers/w24991,True,medium,"Multiple moderate replication signals, no negatives. (a_mod=2)"
459,Greenness and school-wide test scores are not always positively associated–A replication of “linking student performance in Massachusetts elementary schools with …,2018,"MHEM Browning, M Kuo, S Sachdeva, K Lee","MHEM Browning, M Kuo, S Sachdeva, K Lee… - Landscape and urban …, 2018 - Elsevier",76,https://www.sciencedirect.com/science/article/pii/S0169204618303086,True,high,"Title contains explicit replication indicator. (t_strong=2, a_strong=2)"
460,Estimating economic characteristics with phone data,2018,JE Blumenstock,"JE Blumenstock - AEA papers and proceedings, 2018 - aeaweb.org",74,https://www.aeaweb.org/articles?id=10.1257/pandp.20181033,True,medium,"Multiple moderate replication signals, no negatives. (a_mod=2)"
461,Error-prone inference from response time: The case of intuitive generosity in public-good games,2018,"MP Recalde, A Riedl, L Vesterlund","MP Recalde, A Riedl, L Vesterlund - Journal of Public Economics, 2018 - Elsevier",69,https://www.sciencedirect.com/science/article/pii/S0047272718300367,True,high,Abstract has strong replication signal. (a_strong=1)
462,Stepping on a rake: The fiscal theory of monetary policy,2018,JH Cochrane,"JH Cochrane - European Economic Review, 2018 - Elsevier",69,https://www.sciencedirect.com/science/article/pii/S001429211730199X,False,high,No replication signals found in title or abstract.
463,Uncertainty and the macroeconomy: evidence from an uncertainty composite indicator,2018,"O Darné, F Tripier","A Charles, O Darné, F Tripier - Applied Economics, 2018 - Taylor & Francis",69,https://www.tandfonline.com/doi/abs/10.1080/00036846.2017.1349294,False,high,No replication signals found in title or abstract.
464,"Predicting economic, social, and foreign policy conservatism: The role of right-wing authoritarianism, social dominance orientation, moral foundations orientation, and …",2018,RJ Harnish,"RJ Harnish, KR Bridges, JT Gump - Current Psychology, 2018 - Springer",68,https://link.springer.com/article/10.1007/s12144-016-9552-x,True,high,Abstract has strong replication signal. (a_strong=1)
465,Perceptions of economic inequality and support for redistribution: The role of existential and utopian standards,2018,"E García-Sánchez, GB Willis, R Rodríguez-Bailón","E García-Sánchez, GB Willis, R Rodríguez-Bailón… - Social Justice …, 2018 - Springer",64,https://link.springer.com/article/10.1007/s11211-018-0317-6,False,high,No replication signals found in title or abstract.
466,Complexity in risk elicitation may affect the conclusions: A demonstration using gender differences,2018,"G Charness, C Eckel, U Gneezy","G Charness, C Eckel, U Gneezy… - Journal of risk and …, 2018 - Springer",62,https://link.springer.com/article/10.1007/s11166-018-9274-6,True,medium,"Multiple moderate replication signals, no negatives. (a_mod=2)"
467,Overhead aversion: Do some types of overhead matter more than others?,2018,"JE Portillo, J Stinn","JE Portillo, J Stinn - Journal of behavioral and experimental economics, 2018 - Elsevier",62,https://www.sciencedirect.com/science/article/pii/S2214804317301325,True,high,Abstract has strong replication signal. (a_strong=1)
468,Perceived economic threat and anti-immigration attitudes: Effects of immigrant group size and economic conditions revisited,2018,B Meuleman,"B Meuleman - Cross-Cultural Analysis, 2018 - taylorfrancis.com",61,https://www.taylorfrancis.com/chapters/edit/10.4324/9781315537078-10/perceived-economic-threat-anti-immigration-attitudes-bart-meuleman,True,high,Abstract has strong replication signal. (a_strong=1)
469,Short-run and long-run effects of Milton Friedman's presidential address,2018,RE Hall,"RE Hall, TJ Sargent - Journal of Economic Perspectives, 2018 - aeaweb.org",59,https://www.aeaweb.org/articles?id=10.1257/jep.32.1.121,False,high,No replication signals found in title or abstract.
470,Measuring trust: A reinvestigation,2018,"B Aksoy, H Harwell","B Aksoy, H Harwell, A Kovaliukaite… - Southern Economic …, 2018 - Wiley Online Library",54,https://onlinelibrary.wiley.com/doi/abs/10.1002/soej.12259,True,medium,"Multiple moderate replication signals, no negatives. (a_mod=2)"
471,The age‐time‐cohort problem and the identification of structural parameters in life‐cycle models,2018,S Schulhofer‐Wohl,"S Schulhofer‐Wohl - Quantitative Economics, 2018 - Wiley Online Library",54,https://onlinelibrary.wiley.com/doi/abs/10.3982/QE738,False,high,No replication signals found in title or abstract.
472,"Do economic crises always undermine trust in others? The case of generalized, interpersonal, and in-group trust",2018,G Navarro-Carrillo,"G Navarro-Carrillo, I Valor-Segura, LM Lozano… - Frontiers in …, 2018 - frontiersin.org",52,https://www.frontiersin.org/articles/10.3389/fpsyg.2018.01955/full,False,high,No replication signals found in title or abstract.
473,Son preference and gender-biased breastfeeding in Pakistan,2018,,"N Hafeez… - Economic Development …, 2018 - journals.uchicago.edu",51,https://www.journals.uchicago.edu/doi/abs/10.1086/695137,True,high,Abstract has multiple strong replication signals. (a_strong=3)
474,Can education compensate the effect of population ageing on macroeconomic performance?,2018,"R Kotschy, U Sunde","R Kotschy, U Sunde - Economic Policy, 2018 - academic.oup.com",51,https://academic.oup.com/economicpolicy/article-abstract/33/96/587/5068947,True,low,"One moderate signal; might be incidental use of ""replicate"". (a_mod=1)"
475,The effects of financial education: Evidence from Finnish lower secondary schools,2018,P Kalmi,"P Kalmi - … of Banking, Finance and Monetary Economics, 2018 - Wiley Online Library",48,https://onlinelibrary.wiley.com/doi/abs/10.1111/ecno.12114,True,medium,"Multiple moderate replication signals, no negatives. (a_mod=2)"
476,Violence and risk preference: experimental evidence from Afghanistan: comment,2018,FM Vieider,"FM Vieider - American Economic Review, 2018 - aeaweb.org",47,https://www.aeaweb.org/articles?id=10.1257/aer.20160789,True,high,Abstract has multiple strong replication signals. (a_strong=2)
477,A behavioral economic approach to green consumerism: Demand for reusable shopping bags,2018,"BA Kaplan, BW Gelino, DD Reed","BA Kaplan, BW Gelino, DD Reed - Behavior and Social Issues, 2018 - Springer",46,https://link.springer.com/article/10.5210/bsi.v27i0.8003,True,high,Abstract has multiple strong replication signals. (a_strong=2)
478,The Olympic Games as a news shock: Macroeconomic implications,2018,W Maennig,"VCE Langer, W Maennig… - … of Sports Economics, 2018 - journals.sagepub.com",46,https://journals.sagepub.com/doi/abs/10.1177/1527002517690788,False,high,No replication signals found in title or abstract.
479,Cross channel effects of search engine advertising on brick & mortar retail sales: Meta analysis of large scale field experiments on Google. com,2018,"K Kalyanam, J Hodges","K Kalyanam, J McAteer, J Marek, J Hodges… - … Marketing and Economics, 2018 - Springer",45,https://link.springer.com/article/10.1007/s11129-017-9188-7,False,high,No replication signals found in title or abstract.
480,Noisy introspection in the 11–20 game,2018,"JK Goeree, P Louis, J Zhang","JK Goeree, P Louis, J Zhang - The Economic Journal, 2018 - academic.oup.com",44,https://academic.oup.com/ej/article-abstract/128/611/1509/5088352,False,high,No replication signals found in title or abstract.
481,"A nexus between air pollution, energy consumption and growth of economy: A comparative study between the USA and China-based on the ARDL bound …",2018,MA Koondhar,"MA Koondhar, L Qiu, H Li, W Liu… - Agricultural Economics …, 2018 - agriculturejournals.cz",44,https://www.agriculturejournals.cz/pdfs/age/2018/06/03.pdf,True,high,Abstract has strong replication signal. (a_strong=1)
482,Quality signaling through ex-ante voluntary information disclosure in entrepreneurial networks: Evidence from franchising,2018,"F Sadeh, M Kacker","F Sadeh, M Kacker - Small Business Economics, 2018 - Springer",43,https://link.springer.com/article/10.1007/s11187-017-9892-4,True,medium,"Multiple moderate replication signals, no negatives. (a_mod=2)"
483,Reconciling results on racial differences in police shootings,2018,,"RG Fryer Jr - AEA papers and proceedings, 2018 - aeaweb.org",43,https://www.aeaweb.org/articles?id=10.1257/pandp.20181004,True,medium,"Multiple moderate replication signals, no negatives. (a_mod=3)"
484,"Personality, cognitive skills and life outcomes: evidence from the Polish follow-up study to PIAAC",2018,"M Palczyńska, K Świst","M Palczyńska, K Świst - Large-scale Assessments in Education, 2018 - Springer",43,https://link.springer.com/article/10.1186/s40536-018-0056-z,False,high,No replication signals found in title or abstract.
485,"How important are fixed effects and time trends in estimating returns to schooling? Evidence from a replication of Jacobson, Lalonde, and Sullivan, 2005",2018,"S Dynarski, B Jacob, D Kreisman","S Dynarski, B Jacob, D Kreisman - Journal of Applied …, 2018 - Wiley Online Library",41,https://onlinelibrary.wiley.com/doi/abs/10.1002/jae.2653,True,high,"Title contains explicit replication indicator. (t_strong=2, a_strong=2)"
486,The Macro-Economic Impact of Brexit: Using the CBR Macro-Economic Model of the UK Economy (UKMOD).,2018,,"G Gudgin, K Coutts, N Gibson, J Buchanan - … & Management Economics, 2018 - ceeol.com",41,https://www.ceeol.com/search/article-detail?id=676841,True,high,Abstract has strong replication signal. (a_strong=1)
487,The impact of NHS expenditure on health outcomes in England: Alternative approaches to identification in all‐cause and disease specific models of mortality,2018,,"K Claxton, J Lomas, S Martin - Health economics, 2018 - Wiley Online Library",40,https://onlinelibrary.wiley.com/doi/abs/10.1002/hec.3650,True,high,Abstract has strong replication signal. (a_strong=1)
488,Socialist growth revisited: insights from Yugoslavia,2018,L Kukić,"L Kukić - European Review of Economic History, 2018 - academic.oup.com",39,https://academic.oup.com/ereh/article-abstract/22/4/403/4917667,True,high,Abstract has strong replication signal. (a_strong=1)
489,"The effects of union dissolution on the economic resources of men and women: A comparative analysis of Germany and the United States, 1985–2013",2018,"G Bayaz-Ozturk, RV Burkhauser","G Bayaz-Ozturk, RV Burkhauser… - The Annals of the …, 2018 - journals.sagepub.com",38,https://journals.sagepub.com/doi/abs/10.1177/0002716218793608,False,high,No replication signals found in title or abstract.
490,Who are the losers of the economic crisis? Explaining the vote for right-wing populist parties in Europe after the Great Recession,2018,"J Rama, G Cordero","J Rama, G Cordero - Revista Española de Ciencia Política, 2018 - recyt.fecyt.es",37,https://recyt.fecyt.es/index.php/recp/article/download/64643/pdf_120/214494,True,medium,"Multiple moderate replication signals, no negatives. (a_mod=2)"
491,"Measurement error in macroeconomic data and economics research: Data revisions, gross domestic product, and gross domestic income",2018,"AC Chang, P Li","AC Chang, P Li - Economic Inquiry, 2018 - Wiley Online Library",37,https://onlinelibrary.wiley.com/doi/abs/10.1111/ecin.12567,True,high,Abstract has strong replication signal. (a_strong=1)
492,Management and bureaucratic effectiveness: Evidence from the ghanaian civil service,2018,"I Rasul, D Rogger, MJ Williams","I Rasul, D Rogger, MJ Williams - World Bank Policy Research …, 2018 - papers.ssrn.com",36,https://papers.ssrn.com/sol3/papers.cfm?abstract_id=3255989,True,high,Abstract has strong replication signal. (a_strong=1)
493,Cooperation in public good games. Calculated or confused?,2018,"T Goeschl, J Lohse","T Goeschl, J Lohse - European Economic Review, 2018 - Elsevier",35,https://www.sciencedirect.com/science/article/pii/S0014292118300850,False,high,No replication signals found in title or abstract.
494,People making deontological judgments in the Trapdoor dilemma are perceived to be more prosocial in economic games than they actually are,2018,"V Capraro, B Zhao, L Hornischer","V Capraro, J Sippel, B Zhao, L Hornischer, M Savary… - PLoS …, 2018 - journals.plos.org",34,https://journals.plos.org/plosone/article?id=10.1371/journal.pone.0205066,False,high,No replication signals found in title or abstract.
495,Price-based quality inferences for insects as food,2018,"S Berger, F Christandl","S Berger, F Christandl, C Schmidt, C Baertsch - British Food Journal, 2018 - emerald.com",34,https://www.emerald.com/insight/content/doi/10.1108/BFJ-08-2017-0434/full/html,False,high,No replication signals found in title or abstract.
496,Push button replication: Is impact evaluation evidence for international development verifiable?,2018,"BDK Wood, AN Brown","BDK Wood, R Müller, AN Brown - PloS one, 2018 - journals.plos.org",33,https://journals.plos.org/plosone/article?id=10.1371/journal.pone.0209416,False,medium,"Replication language appears incidental (method step, table/figure reproduction, own results)."
497,"Institutions, economic freedom and structural transformation in 11 sub-Saharan African countries",2018,A Carraro,"A Carraro, P Karfakis - 2018 - ageconsearch.umn.edu",33,https://ageconsearch.umn.edu/record/288957/,True,medium,"Multiple moderate replication signals, no negatives. (a_mod=2)"
498,Need for cognitive closure and political ideology,2018,"A Panno, G Carrus, A Brizi, F Maricchiolo","A Panno, G Carrus, A Brizi, F Maricchiolo… - Social …, 2018 - econtent.hogrefe.com",33,https://econtent.hogrefe.com/doi/full/10.1027/1864-9335/a000333,False,high,No replication signals found in title or abstract.
499,Economic uncertainty and fertility cycles: The case of the post-WWII baby boom,2018,"B Chabé-Ferret, P Gobbi","B Chabé-Ferret, P Gobbi - 2018 - papers.ssrn.com",33,https://papers.ssrn.com/sol3/papers.cfm?abstract_id=3298790,True,medium,"Multiple moderate replication signals, no negatives. (a_mod=2)"
500,Learning to alternate,2018,"J Arifovic, J Ledyard","J Arifovic, J Ledyard - Experimental Economics, 2018 - Springer",32,https://link.springer.com/article/10.1007/s10683-018-9568-1,True,low,"One moderate signal; might be incidental use of ""replicate"". (a_mod=1)"
501,How persistent is the effect of conflict on primary education? Long-run evidence from the Rwandan genocide,2018,G La Mattina,"G La Mattina - Economics Letters, 2018 - Elsevier",30,https://www.sciencedirect.com/science/article/pii/S0165176517304482,True,high,Abstract has strong replication signal. (a_strong=1)
502,Slow touch targeting CT-fibres does not increase prosocial behaviour in economic laboratory tasks,2018,"LA Rosenberger, A Ree, C Eisenegger, U Sailer","LA Rosenberger, A Ree, C Eisenegger, U Sailer - Scientific reports, 2018 - nature.com",30,https://www.nature.com/articles/s41598-018-25601-7,True,high,Abstract has multiple strong replication signals. (a_strong=2)
503,Dorsolateral and medial prefrontal cortex mediate the influence of incidental priming on economic decision making in obesity,2018,"F Morys, S Bode, A Horstmann","F Morys, S Bode, A Horstmann - Scientific Reports, 2018 - nature.com",28,https://www.nature.com/articles/s41598-018-35834-1,True,low,"One moderate signal; might be incidental use of ""replicate"". (a_mod=1)"
504,A new metric of consensus for Likert scales,2018,O Claveria,"O Claveria - arXiv preprint arXiv:1809.10493, 2018 - arxiv.org",28,https://arxiv.org/abs/1809.10493,True,low,"One moderate signal; might be incidental use of ""replicate"". (a_mod=1)"
505,How motivations for tipping vary with occupational differences in descriptive tipping norms,2018,M Lynn,"M Lynn - Journal of behavioral and experimental economics, 2018 - Elsevier",28,https://www.sciencedirect.com/science/article/pii/S2214804318302878,True,high,Abstract has strong replication signal. (a_strong=1)
506,Real or bogus: Predicting susceptibility to phishing with economic experiments,2018,"Y Chen, I YeckehZaare","Y Chen, I YeckehZaare, AF Zhang - PloS one, 2018 - journals.plos.org",27,https://journals.plos.org/plosone/article?id=10.1371/journal.pone.0198213,True,medium,"Multiple moderate replication signals, no negatives. (a_mod=2)"
507,Does institutional quality resolve the Lucas Paradox?,2018,"M Akhtaruzzaman, C Hajzler, PD Owen","M Akhtaruzzaman, C Hajzler, PD Owen - Applied Economics, 2018 - Taylor & Francis",27,https://www.tandfonline.com/doi/abs/10.1080/00036846.2017.1321840,True,medium,"Multiple moderate replication signals, no negatives. (a_mod=2)"
508,"Genetic distance, trade, and the diffusion of development",2018,"V Bove, G Gokmen","V Bove, G Gokmen - Journal of Applied Econometrics, 2018 - Wiley Online Library",26,https://onlinelibrary.wiley.com/doi/abs/10.1002/jae.2622,True,low,"One moderate signal; might be incidental use of ""replicate"". (a_mod=1)"
509,The sad truth about happiness scales: Empirical results,2018,"TN Bond, K Lang","TN Bond, K Lang - 2018 - nber.org",25,https://www.nber.org/papers/w24853,True,medium,"Multiple moderate replication signals, no negatives. (a_mod=2)"
510,Non-naïvety may reduce the effect of intuition manipulations,2018,DG Rand,"DG Rand - Nature Human Behaviour, 2018 - nature.com",24,https://www.nature.com/articles/s41562-018-0404-6,True,high,Abstract has multiple strong replication signals. (a_strong=3)
511,Does economic freedom affect the production frontier? A semiparametric approach with panel data,2018,"J Hall, F Yao","F Zhang, J Hall, F Yao - Economic Inquiry, 2018 - Wiley Online Library",22,https://onlinelibrary.wiley.com/doi/abs/10.1111/ecin.12548,False,high,No replication signals found in title or abstract.
512,Nonlinear effects of cognitive ability on economic productivity,2018,"TR Coyle, H Rindermann","TR Coyle, H Rindermann, D Hancock… - Journal of Individual …, 2018 - econtent.hogrefe.com",22,https://econtent.hogrefe.com/doi/full/10.1027/1614-0001/a000247,False,high,No replication signals found in title or abstract.
513,Testing the influence of testosterone administration on men's honesty in a large laboratory experiment,2018,"A Henderson, A Nadler, J Barraza","A Henderson, G Thoelen, A Nadler, J Barraza… - Scientific Reports, 2018 - nature.com",21,https://www.nature.com/articles/s41598-018-29928-z,True,high,Abstract has strong replication signal. (a_strong=1)
514,The regional economic effects of military base realignments and closures,2018,J Lee,"J Lee - Defence and Peace Economics, 2018 - Taylor & Francis",21,https://www.tandfonline.com/doi/abs/10.1080/10242694.2016.1170335,True,medium,"Multiple moderate replication signals, no negatives. (a_mod=2)"
515,Revisiting gender differences in ultimatum bargaining: experimental evidence from the US and China,2018,"S Li, D Houser","S Li, X Qin, D Houser - Journal of the Economic Science Association, 2018 - cambridge.org",20,https://www.cambridge.org/core/journals/journal-of-the-economic-science-association/article/revisiting-gender-differences-in-ultimatum-bargaining-experimental-evidence-from-the-us-and-china/FAA2BF3571EB696F8FC4CD3055A231FB,True,high,Abstract has multiple strong replication signals. (a_strong=2)
516,Normatively framed relative performance feedback–field experiment and replication,2018,"R Brade, O Himmler","R Brade, O Himmler, R Jäckle - 2018 - mpra.ub.uni-muenchen.de",19,https://mpra.ub.uni-muenchen.de/id/eprint/88830,True,high,Abstract has strong replication signal. (a_strong=1)
517,Protective behavioral strategies mediate the relationship between behavioral economic risk factors and alcohol-related problems.,2018,"AT Voss, KE Soltis, AA Dennhardt","AT Voss, KE Soltis, AA Dennhardt… - Experimental and …, 2018 - psycnet.apa.org",19,https://psycnet.apa.org/record/2018-00807-001,False,high,No replication signals found in title or abstract.
518,Does it actually feel right? A replication attempt of the rounded price effect,2018,C Harms,"C Harms, HA Genau, C Meschede… - Royal Society open …, 2018 - royalsocietypublishing.org",19,https://royalsocietypublishing.org/doi/abs/10.1098/rsos.171127,False,medium,"Title has replication but abstract discusses replication as a topic, not action. (a_neg=1)"
519,Regional concentration and national economic growth in Brazil and Chile,2018,"P Aroca, C Azzoni, M Sarrias","P Aroca, C Azzoni, M Sarrias - Letters in Spatial and Resource Sciences, 2018 - Springer",18,https://link.springer.com/article/10.1007/s12076-018-0217-2,True,high,Abstract has multiple strong replication signals. (a_strong=2)
520,Econometric error nullifies finding of the impact of broadband speed on county-level employment,2018,"BE Whitacre, MR Alam, BJ Lobo","BE Whitacre, MR Alam, BJ Lobo - Information Economics and Policy, 2018 - Elsevier",18,https://www.sciencedirect.com/science/article/pii/S0167624518300878,True,high,Abstract has strong replication signal. (a_strong=1)
521,Convex time budgets and individual discount rates in the long run,2018,"JL Lusk, R Rong, WD Shaw","TC Grijalva, JL Lusk, R Rong, WD Shaw - … and Resource Economics, 2018 - Springer",17,https://link.springer.com/article/10.1007/s10640-017-0149-0,False,high,No replication signals found in title or abstract.
522,A review on the resource curse,2018,L Szalai,"L Szalai - Periodica Polytechnica Social and Management …, 2018 - pp.bme.hu",17,https://pp.bme.hu/so/article/view/10021,True,high,Abstract has multiple strong replication signals. (a_strong=2)
523,Narcissus oeconomicus: Facets of narcissism and socio-economic decision-making,2018,"R Fatfouta, K Rentzsch","R Fatfouta, K Rentzsch, M Schröder-Abé - Journal of Research in …, 2018 - Elsevier",17,https://www.sciencedirect.com/science/article/pii/S0092656618300473,False,high,No replication signals found in title or abstract.
524,Consensus between ratings of red Bordeaux wines by prominent critics and correlations with prices 2004–2010 and 2011–2016: Ashton revisited and expanded,2018,,"MF Luxen - Journal of Wine Economics, 2018 - cambridge.org",16,https://www.cambridge.org/core/journals/journal-of-wine-economics/article/consensus-between-ratings-of-red-bordeaux-wines-by-prominent-critics-and-correlations-with-prices-20042010-and-20112016-ashton-revisited-and-expanded/FDF1ED97BA4EC82512C558E02E4932C5,False,high,No replication signals found in title or abstract.
525,Evaluating the impact of manufacturing extension services on establishment performance,2018,"CA Lipscomb, J Youtie, P Shapira","CA Lipscomb, J Youtie, P Shapira… - Economic …, 2018 - journals.sagepub.com",16,https://journals.sagepub.com/doi/abs/10.1177/0891242417744050,False,high,No replication signals found in title or abstract.
526,The effects of wars on postwar homicide rates: a replication and extension of Archer and Gartner's classic study,2018,,"JP Stamatel, SH Romans - Journal of contemporary criminal …, 2018 - journals.sagepub.com",15,https://journals.sagepub.com/doi/abs/10.1177/1043986218769989,True,high,"Title contains explicit replication indicator. (t_strong=2, a_strong=1)"
527,The effects of young adult‐dependent coverage and contraception mandates on young women,2018,"J Trudeau, KS Conway","J Trudeau, KS Conway - Contemporary Economic Policy, 2018 - Wiley Online Library",14,https://onlinelibrary.wiley.com/doi/abs/10.1111/coep.12223,True,high,Abstract has strong replication signal. (a_strong=1)
528,Testing the effect of cooperative/competitive priming on the prisoner's dilemma. a replication study,2018,"A Belaus, C Reyna, E Freidin","A Belaus, C Reyna, E Freidin - PloS one, 2018 - journals.plos.org",13,https://journals.plos.org/plosone/article?id=10.1371/journal.pone.0209263,True,high,"Title contains explicit replication indicator. (t_strong=2, a_strong=4)"
529,Will the real specification please stand up? A comment on Andrew Bird and Stephen Karolyi,2018,A Young,"A Young - Econ Journal Watch, 2018 - econjwatch.org",13,https://econjwatch.org/File+download/1047/YoungJan2018.pdf,True,high,Abstract has multiple strong replication signals. (a_strong=4)
530,"Gender, expectations, and the price of giving",2018,"ML Rigdon, AS Levine","ML Rigdon, AS Levine - Review of Behavioral Economics, 2018 - researchgate.net",13,https://www.researchgate.net/profile/Mary-Rigdon/publication/256010114_Gender_Expectations_and_the_Price_of_Giving/links/5a5d397aa6fdcc68fa96f573/Gender-Expectations-and-the-Price-of-Giving.pdf,False,high,No replication signals found in title or abstract.
531,Aggregate demand shortfalls and economic freedom,2018,"RH Murphy, TL Smith","RH Murphy, TL Smith - The Review of Austrian Economics, 2018 - Springer",13,https://link.springer.com/article/10.1007/s11138-017-0377-0,True,medium,"Multiple moderate replication signals, no negatives. (a_mod=2)"
532,Can technology really help to reduce underage drinking? New evidence on the effects of false ID laws with scanner provisions,2018,,"EY Zheng - Journal of health economics, 2018 - Elsevier",13,https://www.sciencedirect.com/science/article/pii/S0167629617309967,False,high,No replication signals found in title or abstract.
533,"Replicating “predicting the present with google trends” by Hyunyoung Choi and Hal Varian (the economic record, 2012)",2018,T Coupé,"T Coupé - Economics, 2018 - degruyter.com",12,https://www.degruyter.com/document/doi/10.5018/economics-ejournal.ja.2018-34/html,True,high,"Title contains explicit replication indicator. (t_strong=1, a_strong=0)"
534,"Corruption, interest rates and business cycles: comparison of emerging economies",2018,,"T Suzuki - Economic Change and Restructuring, 2018 - Springer",12,https://link.springer.com/article/10.1007/s10644-017-9206-5,False,high,No replication signals found in title or abstract.
535,Evolutionary climate-change modelling: A multi-agent climate-economic model,2018,,"S Geisendorf - Computational Economics, 2018 - Springer",12,https://link.springer.com/article/10.1007/s10614-017-9740-2,False,high,No replication signals found in title or abstract.
536,"Institutions and information flows, and their effect on capital flows",2018,M Pinar,"M Pinar, E Volkan - Information Economics and Policy, 2018 - Elsevier",12,https://www.sciencedirect.com/science/article/pii/S0167624517301506,True,medium,"Multiple moderate replication signals, no negatives. (a_mod=2)"
537,"Keeping up with the Zhangs: Relative income and wealth, and household saving behavior",2018,N Gruber,"N Gruber - Journal of Macroeconomics, 2018 - Elsevier",12,https://www.sciencedirect.com/science/article/pii/S0164070417301015,False,high,No replication signals found in title or abstract.
538,Testing the boundaries of the double auction: The effects of complete information and market power,2018,"EO Kimbrough, A Smyth","EO Kimbrough, A Smyth - Journal of Economic Behavior & Organization, 2018 - Elsevier",12,https://www.sciencedirect.com/science/article/pii/S0167268118300179,False,high,No replication signals found in title or abstract.
539,Recidivism and education revisited: evidence for the USA,2018,"J Fogarty, M Giles","J Fogarty, M Giles - 2018 - ageconsearch.umn.edu",11,https://ageconsearch.umn.edu/record/275642/,True,high,Abstract has multiple strong replication signals. (a_strong=3)
540,Revisiting the past: replicating fifty-year-old flow analysis using contemporary taxi flow data,2018,"U Demšar, J Reades, E Manley","U Demšar, J Reades, E Manley… - Annals of the American …, 2018 - Taylor & Francis",11,https://www.tandfonline.com/doi/abs/10.1080/24694452.2017.1374164,True,high,Abstract has strong replication signal. (a_strong=1)
541,The psychology of economic attitudes–moral foundations predict economic attitudes beyond socio-demographic variables,2018,"N Erceg, Z Galić, A Bubić","N Erceg, Z Galić, A Bubić - Croatian economic survey, 2018 - hrcak.srce.hr",11,https://hrcak.srce.hr/clanak/299082,False,high,No replication signals found in title or abstract.
542,Coordination and transfer,2018,"DJ Cooper, J Van Huyck","DJ Cooper, J Van Huyck - Experimental Economics, 2018 - Springer",10,https://link.springer.com/article/10.1007/s10683-017-9521-8,True,low,"One moderate signal; might be incidental use of ""replicate"". (a_mod=1)"
543,"Reply: cost-efficiency analyses for the US of biosimilar filgrastim-sndz, reference filgrastim, pegfilgrastim, and pegfilgrastim with on-body injector in the prophylaxis of …",2018,,"A McBride, K Campbell, M Bikkina… - … of Medical Economics, 2018 - Taylor & Francis",10,https://www.tandfonline.com/doi/abs/10.1080/13696998.2018.1452749,True,high,Abstract has strong replication signal. (a_strong=1)
544,Decision heuristic in pge-product generation engineering,2018,"N Bursac, S Rapp","N Bursac, N Tanaiutchawoot, S Rapp… - Proceedings of …, 2018 - researchgate.net",10,https://www.researchgate.net/profile/Nikola-Bursac/publication/326031958_DECISION_HEURISTIC_IN_PGE-PRODUCT_GENERATION_ENGINEERING/links/5b4b7af345851519b4c01a24/DECISION-HEURISTIC-IN-PGE-PRODUCT-GENERATION-ENGINEERING.pdf,False,high,No replication signals found in title or abstract.
545,Twenty-five years after the fall of the Berlin Wall: An empirical revisit of West German consumers' attitudes toward products and brands from former East Germany,2018,R Felix,"ZU Ahmed, W Hinck, R Felix - Journal of Promotion Management, 2018 - Taylor & Francis",10,https://www.tandfonline.com/doi/abs/10.1080/10496491.2017.1408529,False,high,No replication signals found in title or abstract.
546,The deep roots of economic development in the US states: an application of Putterman and Weil (2010),2018,"RH Murphy, A Nowrasteh","RH Murphy, A Nowrasteh - Journal of Bioeconomics, 2018 - Springer",9,https://link.springer.com/article/10.1007/s10818-017-9255-x,False,high,No replication signals found in title or abstract.
547,Predicting crude oil prices: Replication of the empirical results in “What do we learn from the price of crude oil?”,2018,A Pak,"A Pak - Journal of Applied Econometrics, 2018 - Wiley Online Library",9,https://onlinelibrary.wiley.com/doi/abs/10.1002/jae.2584,True,high,"Title contains explicit replication indicator. (t_strong=2, a_strong=1)"
548,Is altruism sensitive to scope? The role of tangibility,2018,"A Imas, G Loewenstein","A Imas, G Loewenstein - AEA Papers and Proceedings, 2018 - aeaweb.org",9,https://www.aeaweb.org/articles?id=10.1257/pandp.20181094,True,high,Abstract has strong replication signal. (a_strong=1)
549,Motives behind voting and the perception of the motives: Paradox of voting in Bosnia and Herzegovina,2018,J Prochazka,"A Krajina, J Prochazka - Eurasian Economic Review, 2018 - Springer",9,https://link.springer.com/article/10.1007/s40822-017-0087-8,True,low,"One moderate signal; might be incidental use of ""replicate"". (a_mod=1)"
550,Do economists punish less?,2018,"JP Kaiser, AK Koch","JP Kaiser, KS Pedersen, AK Koch - Games, 2018 - mdpi.com",9,https://www.mdpi.com/2073-4336/9/4/75,True,high,Abstract has strong replication signal. (a_strong=1)
551,The economic impact of Olympic Games: Effects of host country announcements on stock market returns,2018,"B Engelhardt, V Matheson","B Engelhardt, V Matheson, A Yen, M Chisholm - 2018 - crossworks.holycross.edu",9,https://crossworks.holycross.edu/econ_working_papers/178/,False,high,No replication signals found in title or abstract.
552,Derivation of the economic value of R0 for macroparasitic diseases and application to sea lice in salmon,2018,H Komen,"K Janssen, H Komen, HW Saatkamp… - Genetics Selection …, 2018 - Springer",9,https://link.springer.com/article/10.1186/s12711-018-0418-6,True,high,Abstract has strong replication signal. (a_strong=1)
553,Does charitable giving crowd out support for government spending?,2018,SH Werfel,"SH Werfel - Economics Letters, 2018 - Elsevier",9,https://www.sciencedirect.com/science/article/pii/S0165176518302696,False,high,No replication signals found in title or abstract.
554,The reproducibility of economics research: A case study,2018,,"H Kingi, L Vilhuber, S Herbert, F Stanchi - 2018 - ecommons.cornell.edu",9,https://ecommons.cornell.edu/bitstream/1813/60838/3/bitss_slides_kingi_vilhuber_v3.pdf,False,high,No replication signals found in title or abstract.
555,Disappointment Aversion and Social Comparisons in a Real‐Effort Competition,2018,"S Gächter, L Huang, M Sefton","S Gächter, L Huang, M Sefton - Economic Inquiry, 2018 - Wiley Online Library",8,https://onlinelibrary.wiley.com/doi/abs/10.1111/ecin.12498,True,medium,"Multiple moderate replication signals, no negatives. (a_mod=2)"
556,Flexible estimation of demand systems: A copula approach,2018,,"M Velásquez‐Giraldo… - Journal of Applied …, 2018 - Wiley Online Library",8,https://onlinelibrary.wiley.com/doi/abs/10.1002/jae.2651,True,high,Abstract has multiple strong replication signals. (a_strong=3)
557,"Political inequality, centralized sanctioning institutions, and the maintenance of public goods",2018,"CT Dawes, T Johnson","HI Chang, CT Dawes, T Johnson - Bulletin of Economic …, 2018 - Wiley Online Library",8,https://onlinelibrary.wiley.com/doi/abs/10.1111/boer.12140,True,medium,"Multiple moderate replication signals, no negatives. (a_mod=2)"
558,Exploring knowledge sharing in a professional network: A Central Eurasian case,2018,"R Fang, O Holmes IV","DL Ford, LL Ziegler, R Fang, O Holmes IV… - … Business and Economics, 2018 - ejbe.org",8,https://www.ejbe.org/EJBE2018Vol11No21p001FORD-ZIEGLER-FANG-HOLMES.pdf,True,high,Abstract has strong replication signal. (a_strong=1)
559,"Is Economics a Science? Well, Not Yet.",2018,R Dahis,"R Dahis - Well, Not Yet.(February 10, 2018), 2018 - ricardodahis.com",8,https://www.ricardodahis.com/papers/Dahis_IEAS.pdf,False,high,No replication signals found in title or abstract.
560,Testing efficient risk sharing with heterogeneous risk preferences: Comment,2018,"A Shrinivas, M Fafchamps","A Shrinivas, M Fafchamps - American Economic Review, 2018 - aeaweb.org",7,https://www.aeaweb.org/articles?id=10.1257/aer.20170413,True,high,Abstract has strong replication signal. (a_strong=1)
561,What do we know about the impact of microfinance? The problems of power and precision,2018,"M Dahal, N Fiala","M Dahal, N Fiala - 2018 - econstor.eu",7,https://www.econstor.eu/handle/10419/179963,False,high,No replication signals found in title or abstract.
562,Measuring skills in developing countries,2018,"K Macours, R Laajaj","K Macours, R Laajaj - 2018 - ideas.repec.org",7,https://ideas.repec.org/p/cpr/ceprdp/13271.html,True,medium,"Multiple moderate replication signals, no negatives. (a_mod=2)"
563,Discrete choice experiments on the acceptability of monetary-based health treatments: A replication and extension to deposit contracts,2018,"LM Stedman-Falls, J Dallery, RG Salloum","LM Stedman-Falls, J Dallery, RG Salloum - The Psychological Record, 2018 - Springer",7,https://link.springer.com/article/10.1007/s40732-018-0296-x,True,high,"Title contains explicit replication indicator. (t_strong=2, a_strong=0)"
564,Maximum-entropy tools for economic fitness and complexity,2018,"V Gemmetto, D Garlaschelli","R Krantz, V Gemmetto, D Garlaschelli - Entropy, 2018 - mdpi.com",7,https://www.mdpi.com/1099-4300/20/10/743,True,high,Abstract has strong replication signal. (a_strong=1)
565,Behavioral economics and behavioral change policies: Theoretical foundations and practical applications to promote well-being in the Italian context,2018,,M Cesareo - 2018 - tesidottorato.depositolegale.it,7,https://tesidottorato.depositolegale.it/handle/20.500.14242/61133,False,high,No replication signals found in title or abstract.
566,"The impacts of hookworm eradication in the American South. A replication study of Bleakley (the Quarterly Journal of Economics, 2007)",2018,D Roodman,"D Roodman - … Journal for Re-Views in Empirical Economics (IREE), 2018 - econstor.eu",6,https://www.econstor.eu/handle/10419/190496,True,high,"Title contains explicit replication indicator. (t_strong=2, a_strong=0)"
567,A dual theory approach to estimating risk preferences in the parimutuel betting market,2018,J Saastamoinen,"N Suhonen, J Saastamoinen, M Linden - Empirical Economics, 2018 - Springer",6,https://link.springer.com/article/10.1007/s00181-017-1258-x,True,medium,"Multiple moderate replication signals, no negatives. (a_mod=2)"
568,Alternative Values-Based'Recipes' for Life Satisfaction: German Results with an Australian Replication,2018,GG Wagner,"B Headey, GG Wagner - 2018 - econstor.eu",6,https://www.econstor.eu/handle/10419/185278,False,high,No replication signals found in title or abstract.
569,"Quis custodiet ipsos custodes?: Despite evidence to the contrary, the American Economic Review concluded that all was well with its archive",2018,BD McCullough,"BD McCullough - Economics, 2018 - degruyter.com",6,https://www.degruyter.com/document/doi/10.5018/economics-ejournal.ja.2018-52/html,True,high,Abstract has multiple strong replication signals. (a_strong=2)
570,Cooperation stability: A representative sample in the lab,2018,TR Fosgaard,TR Fosgaard - 2018 - econstor.eu,6,https://www.econstor.eu/handle/10419/204425,False,high,No replication signals found in title or abstract.
571,An analysis of scientific research performance in Italy: evaluation criteria and public funding,2018,,"G Guida - International Journal of Economics and Finance, 2018 - scholar.archive.org",6,https://scholar.archive.org/work/ggqo4ijizzeslgbhmlzizczgxy/access/wayback/http://pdfs.semanticscholar.org/6561/53acc602ffc814843f98e4f4e44e306a6bb7.pdf,True,medium,"Multiple moderate replication signals, no negatives. (a_mod=2)"
572,"Normalized CES supply systems: Replication of Klump, McAdam, and Willman (2007)",2018,KG Stewart,"KG Stewart - Journal of Applied Econometrics, 2018 - Wiley Online Library",5,https://onlinelibrary.wiley.com/doi/abs/10.1002/jae.2591,True,high,"Title contains explicit replication indicator. (t_strong=2, a_strong=1)"
573,Framing effects on bribery behaviour: experimental evidence from China and Uganda,2018,"A Gaggero, S Appleton, L Song","A Gaggero, S Appleton, L Song - Journal of the Economic Science …, 2018 - cambridge.org",5,https://www.cambridge.org/core/journals/journal-of-the-economic-science-association/article/framing-effects-on-bribery-behaviour-experimental-evidence-from-china-and-uganda/D657D3964E3A3179CE5787C39F37997F,False,high,No replication signals found in title or abstract.
574,The contribution of educated workers to firms' efficiency gains: The key role of proximity to the 'local'frontier,2018,V Vandenberghe,"V Vandenberghe - De Economist, 2018 - Springer",5,https://link.springer.com/article/10.1007/s10645-018-9322-2,True,high,Abstract has strong replication signal. (a_strong=1)
575,"Inflation and broadband revisited: Evidence from an OECD Panel. A replication study of Yi and Choi (Journal of Policy Modeling, 2005)",2018,K Friesenbichler,"K Friesenbichler - … Journal for Re-Views in Empirical Economics (IREE), 2018 - econstor.eu",4,https://www.econstor.eu/handle/10419/180654,True,high,"Title contains explicit replication indicator. (t_strong=2, a_strong=2)"
576,Trends in state government park and recreation: Expenditures and employment–2000 to 2014,2018,"N Pitas, BD Taff","N Pitas, AG Barrett, BD Taff… - Journal of Park and …, 2018 - researchgate.net",4,https://www.researchgate.net/profile/Nick-Pitas/publication/328944696_Trends_in_State_Government_Park_and_Recreation_Expenditures_and_Employment_-_2000_to_2014/links/5bf310ef299bf1124fde5e65/Trends-in-State-Government-Park-and-Recreation-Expenditures-and-Employment-2000-to-2014.pdf,True,high,Abstract has multiple strong replication signals. (a_strong=2)
577,"A Replication of “Do Voters Affect or Elect Policies? Evidence from the US House” (Quarterly Journal of Economics, 2004)",2018,P Button,"P Button - Public Finance Review, 2018 - journals.sagepub.com",4,https://journals.sagepub.com/doi/abs/10.1177/1091142117721739,True,high,"Title contains explicit replication indicator. (t_strong=2, a_strong=0)"
578,"Normalized CES supply-side system approach: how to replicate Klump, McAdam, and Willman (2007)",2018,"GE Daniels Jr, V Kakar","GE Daniels Jr, V Kakar - Economics, 2018 - degruyter.com",4,https://www.degruyter.com/document/doi/10.5018/economics-ejournal.ja.2018-19/html,True,high,Abstract has strong replication signal. (a_strong=1)
579,Social responsible behavior of credit co-operatives–A replication study of an Austrian example,2018,D Roessl,"D Roessl, G Rabong - Journal of Co …, 2018 - hubble-live-assets.s3.amazonaws …",4,http://hubble-live-assets.s3.amazonaws.com/uk-society-for-co-operative-studies/redactor2_assets/files/196/S03-RoesslRabong-152.pdf,True,high,"Title contains explicit replication indicator. (t_strong=2, a_strong=3)"
580,Precious property or magnificent money? How money salience but not temperature priming affects first-offer anchors in economic transactions,2018,"YM Leusch, DD Loschelder, F Basso","YM Leusch, DD Loschelder, F Basso - Frontiers in Psychology, 2018 - frontiersin.org",4,https://www.frontiersin.org/articles/10.3389/fpsyg.2018.01099/full,True,high,Abstract has strong replication signal. (a_strong=1)
581,Microplots and food security: encouraging replication studies of policy relevant research,2018,"BDK Wood, M Vasquez","BDK Wood, M Vasquez - Economics, 2018 - degruyter.com",4,https://www.degruyter.com/document/doi/10.5018/economics-ejournal.ja.2018-50/html,True,high,Abstract has multiple strong replication signals. (a_strong=2)
582,Citizen Preferences for Local Growth Controls:: Trends in US Suburban Support for a New Political Culture Movement,2018,,"M Baldassare - The New Political Culture, 2018 - taylorfrancis.com",4,https://www.taylorfrancis.com/chapters/edit/10.4324/9780429496158-8/citizen-preferences-local-growth-controls-mark-baldassare,False,high,No replication signals found in title or abstract.
583,Exploring the accrual landscape by open science,2018,J Gassen,J Gassen - 2018 - accounting.uni-frankfurt.de,4,https://www.accounting.uni-frankfurt.de/fileadmin/user_upload/dateien_abteilungen/abt_rec/Dokumente/Gassen_2019_expacc_paper.pdf,False,high,No replication signals found in title or abstract.
584,A Factor Augmented Vector Autoregressive (FAVAR) approach for Monetary Policy: Replication of the empirical results in “Measuring the effects of Monetary Policy”,2018,,"D Luvsannyam, K Batmunkh - 2018 - mpra.ub.uni-muenchen.de",3,https://mpra.ub.uni-muenchen.de/id/eprint/89814,True,high,"Title contains explicit replication indicator. (t_strong=2, a_strong=5)"
585,A replication study: Understanding Muslims' support for suicide bombing in West Africa,2018,CC Fair,"CC Fair, S Savla - Available at SSRN 3226690, 2018 - papers.ssrn.com",3,https://papers.ssrn.com/sol3/papers.cfm?abstract_id=3226690,True,high,"Title contains explicit replication indicator. (t_strong=2, a_strong=2)"
586,Comment: the impacts of hookworm eradication in the American South,2018,D Roodman,"D Roodman - San Francisco, 2018 - files.givewell.org",3,https://files.givewell.org/files/droodman/Bleakley-replication-9.pdf,False,high,No replication signals found in title or abstract.
587,Education & replication: essays on the determinants of college choice and the predictability of lab replications,2018,,A Altmejd - 2018 - research.hhs.se,3,https://research.hhs.se/esploro/outputs/doctoral/Education--replication--essays-on/991001480563306056?institution=46SSOE_INST,False,high,No replication signals found in title or abstract.
588,Do red prices also work online?: An extension of Puccinelli et al.(2013),2018,"E Van Droogenbroeck, L Van Hove","E Van Droogenbroeck, L Van Hove… - Color Research & …, 2018 - Wiley Online Library",3,https://onlinelibrary.wiley.com/doi/abs/10.1002/col.22147,False,high,No replication signals found in title or abstract.
589,Genetic diversity and economic development: Assessing the key findings in Ashraf and Galor (2013),2018,"R Caraher, M Ash","R Caraher, M Ash - 2018 - scholarworks.umass.edu",2,https://scholarworks.umass.edu/items/7f6299ca-9338-4db3-b951-370ab7cc27bd,True,high,Abstract has strong replication signal. (a_strong=1)
590,Exchange rates expectations and chaotic dynamics: a replication study,2018,,"J Belaire-Franch - Economics, 2018 - degruyter.com",2,https://www.degruyter.com/document/doi/10.5018/economics-ejournal.ja.2018-37/html,True,high,"Title contains explicit replication indicator. (t_strong=2, a_strong=2)"
591,Comparing cross‐country estimates of Lorenz curves using a Dirichlet distribution across estimators and datasets,2018,"AC Chang, P Li","AC Chang, P Li, SM Martin - Journal of Applied Econometrics, 2018 - Wiley Online Library",2,https://onlinelibrary.wiley.com/doi/abs/10.1002/jae.2595,True,medium,"Multiple moderate replication signals, no negatives. (a_mod=2)"
592,Misclassification error when identifying job stayers in the Current Population Survey,2018,CS Eck,CS Eck - 2018 - accessecon.com,2,http://www.accessecon.com/Pubs/EB/2018/Volume38/EB-18-V38-I2-P104.pdf,True,high,Abstract has strong replication signal. (a_strong=1)
593,Uncertainty and the US economy: an investigation of the economic effects of economic policy uncertainty shocks originating in the US and Europe,2018,A Curth,"A Curth - Undergraduate thesis, Rotterdam: Erasmus University …, 2018 - thesis.eur.nl",2,https://thesis.eur.nl/pub/43919/Curth.pdf,True,high,Abstract has multiple strong replication signals. (a_strong=2)
594,The impact of human capital and population age structure on economic growth,2018,,M Topinka - 2018 - dspace.cuni.cz,2,https://dspace.cuni.cz/handle/20.500.11956/102412,False,high,No replication signals found in title or abstract.
595,An analytical formula for vix futures and its applications: Error corrections and replication,2018,Q Liu,"Q Liu, S Guo - Available at SSRN 3293437, 2018 - papers.ssrn.com",2,https://papers.ssrn.com/sol3/papers.cfm?abstract_id=3293437,False,high,No replication signals found in title or abstract.
596,Relationship between family income and child health in Indonesia,2018,A Damayanti,"D Budiman, A Damayanti - … (Management and Economics …, 2018 - ejournal.uin-malang.ac.id",2,http://ejournal.uin-malang.ac.id/index.php/mec/article/view/5596,False,high,No replication signals found in title or abstract.
597,Cost-effectiveness modeling for neuropathic pain treatments: investigating the relative importance of parameters using an open-source model,2018,G Baio,"M Hirst, MW Bending, G Baio… - … of Medical Economics, 2018 - Taylor & Francis",2,https://www.tandfonline.com/doi/abs/10.1080/13696998.2018.1486845,False,high,No replication signals found in title or abstract.
598,Unifying National Income Inequality and Regional Economic Divergence,2018,R Manduca,R Manduca - 2018 - osf.io,2,https://osf.io/preprints/socarxiv/9hmes/,True,medium,"Multiple moderate replication signals, no negatives. (a_mod=3)"
599,In Search of Missing Risk Factors: Hedge Fund Return Replication with ETFs,2018,"J Duanmu, A Malakhov","J Duanmu, Y Li, A Malakhov - Available at SSRN 2411910, 2018 - papers.ssrn.com",2,https://papers.ssrn.com/sol3/papers.cfm?abstract_id=2411910,False,high,"Excluded: non-social-science use of ""replication"" (computing/biology/finance)."
600,"A replication of 'Education and catch-up in the Industrial Revolution'(American Economic Journal: Macroeconomics, 2011)",2018,,"J Edwards - Economics, 2018 - degruyter.com",1,https://www.degruyter.com/document/doi/10.5018/economics-ejournal.ja.2018-3/html,True,high,"Title contains explicit replication indicator. (t_strong=2, a_strong=1)"
601,On the financial connectedness of the commodity market: a replication of the Diebold and Yilmaz (2012) study,2018,"A Cipollini, S Muzzioli","F Caloia, A Cipollini, S Muzzioli - DEMB WORKING PAPER …, 2018 - iris.unimore.it",1,https://iris.unimore.it/handle/11380/1167023,True,high,"Title contains explicit replication indicator. (t_strong=2, a_strong=3)"
602,"Malaria eradication in the Americas: A replication study of Bleakley (American Economic Journal. Applied Economics, 2010)",2018,D Roodman,"D Roodman - … Journal for Re-Views in Empirical Economics (IREE), 2018 - econstor.eu",1,https://www.econstor.eu/handle/10419/192939,True,high,"Title contains explicit replication indicator. (t_strong=2, a_strong=0)"
603,"Verifying the internal validity of a flagship rct: A review of crépon, devoto, duflo and pariente (american economic journal: Applied economics, 2015)",2018,"F Bédécarrats, I Guérin","F Bédécarrats, I Guérin, S Morvant-Roux… - DIAL (Développement …, 2018 - ideas.repec.org",1,https://ideas.repec.org/p/dia/wpaper/dt201809.html,True,medium,"Multiple moderate replication signals, no negatives. (a_mod=2)"
604,Gender Differences in Relative Risk Aversion with Data from the US Federal Reserve Board's Survey of Consumer Finances,2018,E Korkou,"E Korkou - International Journal of Business and Economics, 2018 - ijbe.fcu.edu.tw",1,https://ijbe.fcu.edu.tw/assets/ijbe/past_issue/No.17-3/pdf/vol_17-3-1.pdf,True,high,Abstract has strong replication signal. (a_strong=1)
605,Replication Data for:'Household Time Use Among Older Couples: Evidence and Implications for Labor Supply Parameters',2018,"R Rogerson, J Wallenius","R Rogerson, J Wallenius - 2018 - research.hhs.se",1,https://research.hhs.se/esploro/outputs/dataset/Replication-Data-for-Household-Time-Use/991001532899406056?institution=46SSOE_INST,True,high,"Title contains explicit replication indicator. (t_strong=1, a_strong=0)"
606,Curvilinear Relationship between Diversification and Performance: A Replication and Extension of Previous Research,2018,E Scifres,"P Stetz, E Scifres - 2018 - scholarworks.sfasu.edu",1,https://scholarworks.sfasu.edu/management_facultypubs/19/,True,high,"Title contains explicit replication indicator. (t_strong=2, a_strong=1)"
607,"Gender and risk taking: in need of replication, structure and common sense",2018,M Adamus,"M Adamus, K Dudeková - Science, 2018 - cogsci.fmph.uniba.sk",1,http://cogsci.fmph.uniba.sk/kuz2019/files/zbornik/adamus-dudekova.pdf,True,high,Abstract has multiple strong replication signals. (a_strong=6)
608,The Hopeless Forecast under the Gloomy Sky. Crisis of Political Legitimacy and Role of Future Perspective in Hard Times,2018,P Colloca,"P Colloca - Partecip. Conflitto, 2018 - core.ac.uk",1,https://core.ac.uk/download/pdf/150459577.pdf,False,high,No replication signals found in title or abstract.
609,Organisational Capabilities and Replicating Successful Programs Designed to Empower Poor Youths: A Correlational Study,2018,V Naidoo,"I Igbinakhase, V Naidoo - Journal of Economics and …, 2018 - pdfs.semanticscholar.org",1,https://pdfs.semanticscholar.org/ba8f/7821f7e1410d56ca3a876762033c96851f89.pdf,False,high,No replication signals found in title or abstract.
610,Hormones and competitive behavior,2018,,Z Sýkora - 2018 - dspace.cuni.cz,1,https://dspace.cuni.cz/handle/20.500.11956/99536,False,high,No replication signals found in title or abstract.
611,The value of money: on how childhood economic resources influence value assessments later in life,2018,"G Einarsdóttir, A Hansla","G Einarsdóttir, A Hansla… - Comprehensive Results in …, 2018 - Taylor & Francis",1,https://www.tandfonline.com/doi/abs/10.1080/23743603.2018.1465804,False,high,No replication signals found in title or abstract.
612,The psychology of inflation on commitment bonds and citizenship intent: the case of Ghana,2018,,"EO Akoto - International Journal of Business and Emerging …, 2018 - inderscienceonline.com",1,https://www.inderscienceonline.com/doi/abs/10.1504/IJBEM.2018.090508,False,high,No replication signals found in title or abstract.
613,Replication in experimental economics: A historical and quantitative approach focused on public good game experiments,2018,"D Jullien, N Vallois","D Jullien, N Vallois - The Center for the History of Political …, 2018 - papers.ssrn.com",1,https://papers.ssrn.com/sol3/papers.cfm?abstract_id=3116245,True,high,"Title contains explicit replication indicator. (t_strong=1, a_strong=0)"
614,"A Replication of “Bank Competition and Financial Stability: Much Ado About Nothing?”(Journal of Economic Surveys, 2016)",2018,"S Bandaranayake, KK Das, WR Reed","S Bandaranayake, KK Das, WR Reed - 2018 - ideas.repec.org",0,https://ideas.repec.org/p/cbt/econwp/18-18.html,True,high,"Title contains explicit replication indicator. (t_strong=2, a_strong=4)"
615,"Federal minimum wage hikes do reduce teenage employment. A replication study of Bazen & Marimoutou (Oxford Bulletin of Economics and Statistics, 2002)",2018,S Bazen,"S Bazen, V Marimoutou - … for Re-Views in Empirical Economics, 2018 - shs.hal.science",0,https://shs.hal.science/halshs-01981119/,True,high,"Title contains explicit replication indicator. (t_strong=2, a_strong=0)"
616,Returns to Early Formal Education: A Replication of Leuven et al.(2010),2018,"AI Ali, AK Menclova","AI Ali, AK Menclova - 2018 - ideas.repec.org",0,https://ideas.repec.org/p/cbt/econwp/18-19.html,True,high,"Title contains explicit replication indicator. (t_strong=2, a_strong=4)"
617,Online Appendix for A factor augmented vector autoregressive (FAVAR) approach for monetary policy: Replication of the empirical results in Measuring the …,2018,,"D Luvsannyam, K Batmunkh - EXCHANGE, 2018 - journaldata.zbw.eu",0,https://journaldata.zbw.eu/dataset/f27a7381-e329-41e9-a845-9b327f4d4992/resource/ffbd346d-e7e0-4e4c-8b73-a56472c55cc3/download/lb-appendix.pdf,True,high,"Title contains explicit replication indicator. (t_strong=2, a_strong=1)"
618,Replication and reconciling of the CICE evaluations on employment (2013-2014),2018,,"R Monin, MS Castillo - 2018 - ideas.repec.org",0,https://ideas.repec.org/p/nse/doctra/g2018-11.html,True,high,"Title contains explicit replication indicator. (t_strong=1, a_strong=0)"
619,The Effects of Land Titling on the Urban Poor: A Replication of Property Rights for the Poor,2018,"P Winters, D Cameron, E Whitney","P Winters, D Cameron, E Whitney - Journal of Development …, 2018 - papers.ssrn.com",0,https://papers.ssrn.com/sol3/papers.cfm?abstract_id=3306575,True,high,"Title contains explicit replication indicator. (t_strong=2, a_strong=1)"
620,Can Classroom EFL Instruction Improve Willingness to Communicate over One Academic Year? A Third Long Term Replica with Lower-ranked Japanese College …,2018,,"MR Redfield, F Yujin - Journal of Osaka University of Economics, 2018 - jstage.jst.go.jp",0,https://www.jstage.jst.go.jp/article/keidaironshu/69/4/69_155/_article/-char/ja/,False,high,No replication signals found in title or abstract.
621,"A replication of"" Inherited Trust and Growth""",2018,,"C Eder - Economics Bulletin, 2018 - accessecon.com",0,http://www.accessecon.com/Pubs/EB/2018/Volume38/EB-18-V38-I1-P55.pdf,True,high,"Title contains explicit replication indicator. (t_strong=2, a_strong=1)"
622,"Replication of Goolsbee, Lovenheim, and Slemrod's “Playing with Fire: Cigarettes, Taxes, and Competition from the Internet”(American Economic Journal: Economic …",2018,E Satterthwaite,"E Satterthwaite - Public Finance Review, 2018 - journals.sagepub.com",0,https://journals.sagepub.com/doi/abs/10.1177/1091142117690437,True,high,"Title contains explicit replication indicator. (t_strong=2, a_strong=2)"
623,Giving to the Government: A Replication and Two Extensions.,2018,"RA Luccasen III, MK Thomas","RA Luccasen III, MK Thomas - Available at SSRN 3205456, 2018 - papers.ssrn.com",0,https://papers.ssrn.com/sol3/papers.cfm?abstract_id=3205456,True,high,"Title contains explicit replication indicator. (t_strong=1, a_strong=0)"
624,Progresso Tecnologico Endogeno e Fattori Determinanti della Crescita di Lungo Periodo,2018,,R NORBIATO - 2018 - unitesi.unito.it,0,https://unitesi.unito.it/handle/20.500.14240/50418,True,high,Abstract has multiple strong replication signals. (a_strong=2)
625,Attentional processing: Replication and extension of selection bias as a predictor of intertemporal choice behavior,2018,,D Rutter - 2018 - commons.lib.jmu.edu,0,https://commons.lib.jmu.edu/context/master201019/article/1583/viewcontent/auto_convert.pdf,True,high,"Title contains explicit replication indicator. (t_strong=2, a_strong=1)"
626,"Low Socio-Economic Status and Self-esteem among Moroccans, students of Ouarzazaete city, as a key study.",2018,,E OUTBIR - academia.edu,0,https://www.academia.edu/download/57181255/Socio-Economic_Status_and_Self-esteem.pdf,True,high,Abstract has strong replication signal. (a_strong=1)
627,Three essays in empirical financial economics,2018,,TJ Grieder - 2018 - carleton.scholaris.ca,0,https://carleton.scholaris.ca/items/3f1c74c8-c467-4ec4-bba4-9620f2938c1f/full,False,high,No replication signals found in title or abstract.
628,Replicating and extending” Testing and Valuing Dynamic Correlations for Asset Allocation”,2018,,S Rigter - 2018 - thesis.eur.nl,0,https://thesis.eur.nl/pub/43788/Rigter.pdf,True,high,"Title contains explicit replication indicator. (t_strong=1, a_strong=0)"
629,Can Classroom EFL Instruction Improve Willingness to Communicate over One Academic Year? A Long Term Replica,2018,,"Y Fukatsu, MR Redfield - Journal of Osaka University of Economics, 2018 - jstage.jst.go.jp",0,https://www.jstage.jst.go.jp/article/keidaironshu/69/1/69_91/_article/-char/ja/,False,high,No replication signals found in title or abstract.
630,"DEPARTMENT OF ECONOMICS AND FINANCE SCHOOL OF BUSINESS AND ECONOMICS UNIVERSITY OF CANTERBURY CHRISTCHURCH, NEW …",2018,,"WR Reed, L Röseler, M Saam, L Wallrich - 2018 - repec.canterbury.ac.nz",0,https://repec.canterbury.ac.nz/cbt/econwp/1822.pdf,True,high,Abstract has strong replication signal. (a_strong=1)
631,Large-scale Replication Initiative in Entrepreneurship,2018,M Dejardin,"M Dejardin, JM Pollack - researchgate.net",0,https://www.researchgate.net/profile/Marcus-Dejardin/publication/325381845_Large-scale_Replication_Initiative_in_Entrepreneurship_-_Call_for_papers_-_Journal_of_Business_Venturing_Insights/links/5b0933260f7e9b1ed7f621b3/Large-scale-Replication-Initiative-in-Entrepreneurship-Call-for-papers-Journal-of-Business-Venturing-Insights.pdf,False,high,No replication signals found in title or abstract.
632,The Prevalence of Conditional Cooperation: A Replication Study in Egypt,2018,E Amin,"E Amin - Available at SSRN 3280926, 2018 - papers.ssrn.com",0,https://papers.ssrn.com/sol3/papers.cfm?abstract_id=3280926,True,high,"Title contains explicit replication indicator. (t_strong=2, a_strong=0)"
633,… the Contribution of Self-Regulation and Executive Function Skills to School Readiness and Longer-Term Achievement Gaps: A Replication and Extension in …,2018,,JK Finders - 2018 - ir.library.oregonstate.edu,0,https://ir.library.oregonstate.edu/concern/graduate_thesis_or_dissertations/mp48sk264,True,high,"Title contains explicit replication indicator. (t_strong=2, a_strong=0)"
634,"Replication: Macroeconomic Uncertainty, Stock Market Risk and Potential Outcomes Causality",2018,JG Astaiza-Gómez,"JG Astaiza-Gómez - Stock Market Risk and Potential Outcomes …, 2018 - papers.ssrn.com",0,https://papers.ssrn.com/sol3/papers.cfm?abstract_id=2947314,True,high,"Title contains explicit replication indicator. (t_strong=1, a_strong=0)"
635,Size and value in China,2019,"RF Stambaugh, Y Yuan","J Liu, RF Stambaugh, Y Yuan - Journal of financial economics, 2019 - Elsevier",741,https://www.sciencedirect.com/science/article/pii/S0304405X19300625,True,high,Abstract has multiple strong replication signals. (a_strong=2)
636,Industrial pollution in economic development: the environmental Kuznets curve revisited,2019,,"H Hettige, M Mani, D Wheeler - The economics of water quality, 2019 - taylorfrancis.com",573,https://www.taylorfrancis.com/chapters/edit/10.4324/9781315240060-4/industrial-pollution-economic-development-environmental-kuznets-curve-revisited-hemamala-hettige-muthukumara-mani-david-wheeler,False,high,No replication signals found in title or abstract.
637,Influential observations and inference in accounting research,2019,"AJ Leone, M Minutti-Meza","AJ Leone, M Minutti-Meza… - The Accounting …, 2019 - publications.aaahq.org",384,https://publications.aaahq.org/accounting-review/article-abstract/94/6/337/4342,True,low,"One moderate signal; might be incidental use of ""replicate"". (a_mod=1)"
638,Family health behaviors,2019,"I Fadlon, TH Nielsen","I Fadlon, TH Nielsen - American Economic Review, 2019 - aeaweb.org",280,https://www.aeaweb.org/articles?id=10.1257/aer.20171993,True,medium,"Multiple moderate replication signals, no negatives. (a_mod=2)"
639,"Do investors actually value sustainability indices? Replication, development, and new evidence on CSR visibility",2019,"R Durand, L Paugam, H Stolowy","R Durand, L Paugam, H Stolowy - Strategic Management …, 2019 - Wiley Online Library",266,https://onlinelibrary.wiley.com/doi/abs/10.1002/smj.3035,False,high,No replication signals found in title or abstract.
640,Estimating the impact of drought on agriculture using the US Drought Monitor,2019,"Y Kuwayama, A Thompson","Y Kuwayama, A Thompson, R Bernknopf… - … Economics, 2019 - Wiley Online Library",242,https://onlinelibrary.wiley.com/doi/abs/10.1093/ajae/aay037,False,high,No replication signals found in title or abstract.
641,Measuring global real economic activity: Do recent critiques hold up to scrutiny?,2019,L Kilian,"L Kilian - Economics Letters, 2019 - Elsevier",236,https://www.sciencedirect.com/science/article/pii/S0165176519300746,False,high,No replication signals found in title or abstract.
642,Dynamic norms drive sustainable consumption: Norm-based nudging helps café customers to avoid disposable to-go-cups,2019,"DD Loschelder, H Siepelmeyer, D Fischer","DD Loschelder, H Siepelmeyer, D Fischer… - Journal of Economic …, 2019 - Elsevier",234,https://www.sciencedirect.com/science/article/pii/S0167487018303155,True,high,Abstract has multiple strong replication signals. (a_strong=2)
643,Mangroves shelter coastal economic activity from cyclones,2019,"JP Hochard, S Hamilton, EB Barbier","JP Hochard, S Hamilton, EB Barbier - … of the National Academy of Sciences, 2019 - pnas.org",224,https://www.pnas.org/doi/abs/10.1073/pnas.1820067116,False,high,No replication signals found in title or abstract.
644,Some recent explanations of income inequality,2019,,"E Weede, H Tiefenbach - The Gap Between Rich and Poor, 2019 - taylorfrancis.com",199,https://www.taylorfrancis.com/chapters/edit/10.4324/9780429311208-19/recent-explanations-income-inequality-erich-weede-horst-tiefenbach,True,high,Abstract has multiple strong replication signals. (a_strong=2)
645,Incentivized resume rating: Eliciting employer preferences without deception,2019,"JB Kessler, C Low, CD Sullivan","JB Kessler, C Low, CD Sullivan - American Economic Review, 2019 - aeaweb.org",190,https://www.aeaweb.org/articles?id=10.1257/aer.20181714,True,high,Abstract has strong replication signal. (a_strong=1)
646,Household matters: Revisiting the returns to capital among female microentrepreneurs,2019,"R Pande, N Rigol","A Bernhardt, E Field, R Pande, N Rigol - American Economic Review …, 2019 - aeaweb.org",188,https://www.aeaweb.org/articles?id=10.1257/aeri.20180444,False,high,No replication signals found in title or abstract.
647,A new economic policy uncertainty index for Spain,2019,"C Ghirelli, JJ Pérez, A Urtasun","C Ghirelli, JJ Pérez, A Urtasun - Economics Letters, 2019 - Elsevier",185,https://www.sciencedirect.com/science/article/pii/S0165176519301806,True,low,"One moderate signal; might be incidental use of ""replicate"". (a_mod=1)"
648,Politico-economic regimes and attitudes: Female workers under state socialism,2019,"P Campa, M Serafinelli","P Campa, M Serafinelli - Review of Economics and Statistics, 2019 - direct.mit.edu",182,https://direct.mit.edu/rest/article-abstract/101/2/233/58512,False,high,No replication signals found in title or abstract.
649,Economic grievances and political protest,2019,"T Kurer, S Häusermann, B Wüest","T Kurer, S Häusermann, B Wüest… - European Journal of …, 2019 - Wiley Online Library",178,https://ejpr.onlinelibrary.wiley.com/doi/abs/10.1111/1475-6765.12318,True,high,Abstract has strong replication signal. (a_strong=1)
650,Revisiting the farm size‐productivity relationship based on a relatively wide range of farm sizes: Evidence from Kenya,2019,"M Muyanga, TS Jayne","M Muyanga, TS Jayne - … Journal of Agricultural Economics, 2019 - Wiley Online Library",176,https://onlinelibrary.wiley.com/doi/abs/10.1093/ajae/aaz003,True,high,Abstract has strong replication signal. (a_strong=1)
651,Maimonides rule redux,2019,"JD Angrist, V Lavy, J Leder-Luis, A Shany","JD Angrist, V Lavy, J Leder-Luis, A Shany - American Economic Review …, 2019 - aeaweb.org",155,https://www.aeaweb.org/articles?id=10.1257/aeri.20180120,False,high,No replication signals found in title or abstract.
652,Tax policy and economic growth: does it really matter?,2019,"P Profeta, R Puglisi, S Scabrosetti","D Baiardi, P Profeta, R Puglisi, S Scabrosetti - International tax and public …, 2019 - Springer",142,https://link.springer.com/article/10.1007/s10797-018-9494-3,True,high,Abstract has strong replication signal. (a_strong=1)
653,SNAP benefits and crime: Evidence from changing disbursement schedules,2019,"JB Carr, A Packham","JB Carr, A Packham - Review of Economics and Statistics, 2019 - direct.mit.edu",141,https://direct.mit.edu/rest/article-abstract/101/2/310/58516,True,high,Abstract has strong replication signal. (a_strong=1)
654,Globalization and the growing defects of international economic statistics,2019,"L Linsi, DK Mügge","L Linsi, DK Mügge - Review of international political economy, 2019 - Taylor & Francis",132,https://www.tandfonline.com/doi/abs/10.1080/09692290.2018.1560353,True,low,"One moderate signal; might be incidental use of ""replicate"". (a_mod=1)"
655,"FDI, income, and environmental pollution in Latin America: Replication and extension using panel quantiles regression analysis",2019,"CT Albulescu, AK Tiwari, SM Yoon, SH Kang","CT Albulescu, AK Tiwari, SM Yoon, SH Kang - Energy Economics, 2019 - Elsevier",128,https://www.sciencedirect.com/science/article/pii/S0140988319302853,True,high,"Title contains explicit replication indicator. (t_strong=2, a_strong=2)"
656,Green consumption does not make people cheat: Three attempts to replicate moral licensing effect due to pro-environmental behavior,2019,"Š Bahník, MB Kohlová","J Urban, Š Bahník, MB Kohlová - Journal of Environmental Psychology, 2019 - Elsevier",115,https://www.sciencedirect.com/science/article/pii/S0272494418304225,True,high,Abstract has strong replication signal. (a_strong=1)
657,The dynamic effects of personal and corporate income tax changes in the United States: Comment,2019,"C Jentsch, KG Lunsford","C Jentsch, KG Lunsford - American Economic Review, 2019 - aeaweb.org",115,https://www.aeaweb.org/articles?id=10.1257/aer.20162011,False,high,No replication signals found in title or abstract.
658,Learning from mum: Cross-national evidence linking maternal employment and adult children's outcomes,2019,M Ruiz Castro,"KL McGinn, M Ruiz Castro… - Work, Employment and …, 2019 - journals.sagepub.com",114,https://journals.sagepub.com/doi/abs/10.1177/0950017018760167,True,high,Abstract has strong replication signal. (a_strong=1)
659,The effects of facial attractiveness and trustworthiness in online peer-to-peer markets,2019,"B Jaeger, WWA Sleegers, AM Evans, M Stel","B Jaeger, WWA Sleegers, AM Evans, M Stel… - Journal of Economic …, 2019 - Elsevier",113,https://www.sciencedirect.com/science/article/pii/S0167487018302794,True,high,Abstract has multiple strong replication signals. (a_strong=2)
660,Volatility estimation for Bitcoin: Replication and robustness,2019,O Darné,"A Charles, O Darné - International Economics, 2019 - Elsevier",108,https://www.sciencedirect.com/science/article/pii/S2110701718300088,True,high,"Title contains explicit replication indicator. (t_strong=1, a_strong=2)"
661,"Trust, ethnic diversity, and personal contact: A field experiment",2019,"H Finseraas, T Hanson, ÅA Johnsen","H Finseraas, T Hanson, ÅA Johnsen… - … of Public Economics, 2019 - Elsevier",105,https://www.sciencedirect.com/science/article/pii/S0047272719300209,True,medium,"Multiple moderate replication signals, no negatives. (a_mod=2)"
662,The vicious cycle of economic inequality: The role of ideology in shaping the relationship between “what is” and “what ought to be” in 41 countries,2019,"E Garcia-Sanchez, J Van der Toorn","E Garcia-Sanchez, J Van der Toorn… - Social …, 2019 - journals.sagepub.com",102,https://journals.sagepub.com/doi/abs/10.1177/1948550618811500,False,high,No replication signals found in title or abstract.
663,The economic burden of malaria: revisiting the evidence,2019,N Sarma,"N Sarma, E Patouillard, RE Cibulskis… - The American journal …, 2019 - pmc.ncbi.nlm.nih.gov",100,https://pmc.ncbi.nlm.nih.gov/articles/PMC6896867/,False,high,No replication signals found in title or abstract.
664,No evidence that economic inequality moderates the effect of income on generosity,2019,"SC Schmukle, B Egloff","SC Schmukle, M Korndörfer, B Egloff - Proceedings of the National …, 2019 - pnas.org",99,https://www.pnas.org/doi/abs/10.1073/pnas.1807942116,True,high,Abstract has multiple strong replication signals. (a_strong=3)
665,"The causal relationship between energy consumption, energy prices and economic growth in Asian developing countries: A replication",2019,"A Carfora, RV Pansini, G Scandurra","A Carfora, RV Pansini, G Scandurra - Energy Strategy Reviews, 2019 - Elsevier",96,https://www.sciencedirect.com/science/article/pii/S2211467X18301160,True,high,"Title contains explicit replication indicator. (t_strong=1, a_strong=1)"
666,Terrain ruggedness and land cover: Improved data for most research designs,2019,"A Shaver, DB Carter","A Shaver, DB Carter, TW Shawa - Conflict Management and …, 2019 - journals.sagepub.com",96,https://journals.sagepub.com/doi/abs/10.1177/0738894216659843,False,high,No replication signals found in title or abstract.
667,Food versus fuel: An updated and expanded evidence,2019,"K Janda, L Kristoufek, D Zilberman","O Filip, K Janda, L Kristoufek, D Zilberman - Energy Economics, 2019 - Elsevier",90,https://www.sciencedirect.com/science/article/pii/S0140988317303742,True,high,Abstract has multiple strong replication signals. (a_strong=2)
668,"Fiscal policy, potential output, and the shifting goalposts",2019,A Fatás,"A Fatás - IMF Economic Review, 2019 - Springer",90,https://link.springer.com/article/10.1057/s41308-019-00087-z,True,low,"One moderate signal; might be incidental use of ""replicate"". (a_mod=1)"
669,Sustainability knowledge and training: Outcomes and firm performance,2019,"LM Birou, KW Green, RA Inman","LM Birou, KW Green, RA Inman - Journal of Manufacturing …, 2019 - emerald.com",88,https://www.emerald.com/insight/content/doi/10.1108/jmtm-05-2018-0148/full/html,False,high,No replication signals found in title or abstract.
670,Health and voting in young adulthood,2019,"C Ojeda, J Pacheco","C Ojeda, J Pacheco - British Journal of Political Science, 2019 - cambridge.org",86,https://www.cambridge.org/core/journals/british-journal-of-political-science/article/health-and-voting-in-young-adulthood/CE35D28E62EBDF9E8633ABAE531DA8FA,True,high,Abstract has strong replication signal. (a_strong=1)
671,"An exercise in self-replication: Replicating Shah, Mullainathan, and Shafir (2012)",2019,"AK Shah, S Mullainathan","AK Shah, S Mullainathan, E Shafir - Journal of Economic Psychology, 2019 - Elsevier",85,https://www.sciencedirect.com/science/article/pii/S016748701830309X,False,high,"Abstract discusses replication as topic/concept, not as paper's primary action. (a_neg=1)"
672,Defense spending and economic growth in developing countries,2019,,"B Biswas - Defense spending and economic growth, 2019 - taylorfrancis.com",84,https://www.taylorfrancis.com/chapters/edit/10.4324/9780429040863-11/defense-spending-economic-growth-developing-countries-basudeb-biswas,False,high,No replication signals found in title or abstract.
673,Linkages between oil price shocks and stock returns revisited,2019,"FD Tchatoka, V Masson","FD Tchatoka, V Masson, S Parry - Energy Economics, 2019 - Elsevier",81,https://www.sciencedirect.com/science/article/pii/S0140988318300744,False,high,No replication signals found in title or abstract.
674,lpirfs: An R package to estimate impulse response functions by local projections,2019,P Adämmer,P Adämmer - 2019 - digitalcommons.unl.edu,79,https://digitalcommons.unl.edu/r-journal/193/,False,high,No replication signals found in title or abstract.
675,Trust and power as predictors of tax compliance: global evidence,2019,"A Mas' ud, NA Abd Manaf, N Saad","A Mas' ud, NA Abd Manaf, N Saad - Economics & Sociology, 2019 - search.proquest.com",79,https://search.proquest.com/openview/cb0379f1589a5b06e1f7d84ed9d0c2a0/1?pq-origsite=gscholar&cbl=1416337,False,high,No replication signals found in title or abstract.
676,In search of sustainable behaviour: The role of core values and personality traits,2019,,"J Marcus, J Roy - Journal of Business Ethics, 2019 - Springer",78,https://link.springer.com/article/10.1007/s10551-017-3682-4,True,low,"One moderate signal; might be incidental use of ""replicate"". (a_mod=1)"
677,The nexus between tax revenue and economic growth in Nigeria,2019,IE Ajayi,"DG Edewusi, IE Ajayi - International Journal of Applied Economics …, 2019 - academia.edu",78,https://www.academia.edu/download/102907024/5cf37735a66d11a3cc88b4fc1461d5c9c1dd.pdf,False,high,No replication signals found in title or abstract.
678,On the impact of Honesty-Humility and a cue of being watched on cheating behavior,2019,"S Pfattheicher, S Schindler","S Pfattheicher, S Schindler, L Nockur - Journal of Economic Psychology, 2019 - Elsevier",78,https://www.sciencedirect.com/science/article/pii/S0167487017306189,False,high,No replication signals found in title or abstract.
679,Attitudes toward economic inequality: The illusory agreement,2019,"RT Pedersen, DC Mutz","RT Pedersen, DC Mutz - Political Science Research and Methods, 2019 - cambridge.org",77,https://www.cambridge.org/core/journals/political-science-research-and-methods/article/attitudes-toward-economic-inequality-the-illusory-agreement/91EFFDC6B9E10C61624473A55013AAA3,True,high,Abstract has multiple strong replication signals. (a_strong=2)
680,Economic reasoning with a racial hue: is the immigration consensus purely race neutral?,2019,"BJ Newman, N Malhotra","BJ Newman, N Malhotra - The Journal of Politics, 2019 - journals.uchicago.edu",75,https://www.journals.uchicago.edu/doi/abs/10.1086/700109,True,medium,"Multiple moderate replication signals, no negatives. (a_mod=3)"
681,Economic development and democracy: An electoral connection,2019,"CH Knutsen, J Gerring, SE Skaaning","CH Knutsen, J Gerring, SE Skaaning… - European Journal of …, 2019 - Wiley Online Library",74,https://ejpr.onlinelibrary.wiley.com/doi/abs/10.1111/1475-6765.12282,True,medium,"Multiple moderate replication signals, no negatives. (a_mod=2)"
682,Revisiting the effect of warrantless domestic violence arrest laws on intimate partner homicides,2019,S Cunningham,"YM Chin, S Cunningham - Journal of Public Economics, 2019 - Elsevier",73,https://www.sciencedirect.com/science/article/pii/S0047272719301331,True,high,Abstract has strong replication signal. (a_strong=1)
683,A comparison of machine learning model validation schemes for non-stationary time series data,2019,M Schnaubelt,M Schnaubelt - 2019 - econstor.eu,73,https://www.econstor.eu/handle/10419/209136,True,high,Abstract has multiple strong replication signals. (a_strong=2)
684,ConvergenceClubs: A package for performing the phillips and sul's club convergence clustering procedure,2019,P Pizzuto,"R Sichera, P Pizzuto - 2019 - digitalcommons.unl.edu",70,https://digitalcommons.unl.edu/r-journal/208/,False,high,No replication signals found in title or abstract.
685,How do normalization schemes affect net spillovers? A replication of the Diebold and Yilmaz (2012) study,2019,"FG Caloia, A Cipollini, S Muzzioli","FG Caloia, A Cipollini, S Muzzioli - Energy Economics, 2019 - Elsevier",69,https://www.sciencedirect.com/science/article/pii/S0140988319303317,True,high,"Title contains explicit replication indicator. (t_strong=2, a_strong=2)"
686,On the long term effects of the 1918 US influenza pandemic,2019,"R Brown, D Thomas","R Brown, D Thomas - 2019 - ibread.org",69,https://www.ibread.org/wp-content/uploads/2021/03/wp_569.pdf,True,high,Abstract has strong replication signal. (a_strong=1)
687,Estimating the volatility of cryptocurrencies during bearish markets by employing GARCH models,2019,ΝA Kyriazis,"ΝA Kyriazis, K Daskalou, M Arampatzis, P Prassa… - Heliyon, 2019 - cell.com",68,https://www.cell.com/heliyon/fulltext/S2405-8440(19)35899-2,True,medium,"Multiple moderate replication signals, no negatives. (a_mod=2)"
688,Explaining governmental preferences on economic and monetary union reform,2019,"S Târlea, S Bailer, H Degner","S Târlea, S Bailer, H Degner… - European Union …, 2019 - journals.sagepub.com",67,https://journals.sagepub.com/doi/abs/10.1177/1465116518814336,True,medium,"Multiple moderate replication signals, no negatives. (a_mod=2)"
689,"… differences in welfare chauvinism between and within individuals over time: The role of subjective and objective economic risk, economic egalitarianism, and ethnic …",2019,"M Kros, M Coenders","M Kros, M Coenders - European Sociological Review, 2019 - academic.oup.com",67,https://academic.oup.com/esr/article-abstract/35/6/860/5519994,True,medium,"Multiple moderate replication signals, no negatives. (a_mod=2)"
690,Student understanding of graph slope and area under a curve: A replication study comparing first-year physics and economics students,2019,"P Klein, S Küchemann","P Klein, S Küchemann, S Brückner… - Physical Review Physics …, 2019 - APS",64,https://journals.aps.org/prper/abstract/10.1103/PhysRevPhysEducRes.15.020116,True,high,"Title contains explicit replication indicator. (t_strong=2, a_strong=1)"
691,Explaining cooperative behavior in public goods games: How preferences and beliefs affect contribution levels,2019,"KA Ackermann, RO Murphy","KA Ackermann, RO Murphy - Games, 2019 - mdpi.com",64,https://www.mdpi.com/2073-4336/10/1/15,False,high,No replication signals found in title or abstract.
692,Do risk attitudes reflect in the eye of the beholder?,2019,"BA Mellers, A Schwartz, EU Weber","BA Mellers, A Schwartz, EU Weber - Choice, decision, and …, 2019 - taylorfrancis.com",63,https://www.taylorfrancis.com/chapters/edit/10.4324/9781315789408-5/risk-attitudes-reflect-eye-beholder-barbara-mellers-alan-schwartz-elke-weber,True,low,"One moderate signal; might be incidental use of ""replicate"". (a_mod=1)"
693,Short-sighted greed? Focusing on the future promotes reputation-basedgenerosity,2019,H Sjåstad,"H Sjåstad - Judgment and Decision making, 2019 - cambridge.org",62,https://www.cambridge.org/core/journals/judgment-and-decision-making/article/shortsighted-greed-focusing-on-the-future-promotes-reputationbasedgenerosity/9681778E0761E389124A8C81D943C737,True,high,Abstract has multiple strong replication signals. (a_strong=2)
694,"Risk, time pressure, and selection effects",2019,"MG Kocher, D Schindler, Y Xu","MG Kocher, D Schindler, ST Trautmann, Y Xu - Experimental Economics, 2019 - Springer",62,https://link.springer.com/article/10.1007/s10683-018-9576-1,False,high,No replication signals found in title or abstract.
695,Difficulty of reaching respondents and nonresponse Bias: Evidence from large government surveys,2019,O Heffetz,"O Heffetz, DB Reeves - Review of Economics and Statistics, 2019 - direct.mit.edu",59,https://direct.mit.edu/rest/article-abstract/101/1/176/58655,True,high,Abstract has strong replication signal. (a_strong=1)
696,A multidimensional understanding of prosperity and well-being at country level: Data-driven explorations,2019,"M Joshanloo, V Jovanović","M Joshanloo, V Jovanović, T Taylor - PloS one, 2019 - journals.plos.org",58,https://journals.plos.org/plosone/article?id=10.1371/journal.pone.0223221,True,high,Abstract has multiple strong replication signals. (a_strong=2)
697,Antecedents and consequences of self-congruity: replication and extension,2019,"ECX Aw, LR Flynn","ECX Aw, LR Flynn, HX Chong - Journal of Consumer Marketing, 2019 - emerald.com",58,https://www.emerald.com/insight/content/doi/10.1108/jcm-10-2017-2424/full/html,True,high,"Title contains explicit replication indicator. (t_strong=2, a_strong=0)"
698,Recent drivers of the real oil price: Revisiting and extending Kilian's (2009) findings,2019,"G Kim, D Vera","G Kim, D Vera - Energy Economics, 2019 - Elsevier",55,https://www.sciencedirect.com/science/article/pii/S0140988317304401,True,high,Abstract has strong replication signal. (a_strong=1)
699,Attitudes toward asylum seekers: Evidence from Germany,2019,"A Hager, S Veit","A Hager, S Veit - Public Opinion Quarterly, 2019 - academic.oup.com",55,https://academic.oup.com/poq/article-abstract/83/2/412/5548900,True,medium,"Multiple moderate replication signals, no negatives. (a_mod=2)"
700,Can cultural consumption increase future earnings? Exploring the economic returns to cultural capital,2019,"A Reeves, R De Vries","A Reeves, R De Vries - The British journal of sociology, 2019 - Wiley Online Library",53,https://onlinelibrary.wiley.com/doi/abs/10.1111/1468-4446.12374,True,medium,"Multiple moderate replication signals, no negatives. (a_mod=2)"
701,"Economic incentives, home production and gender identity norms",2019,"A Ichino, M Olsson, B Petrongolo, P Skogman Thoursie","A Ichino, M Olsson, B Petrongolo, P Skogman Thoursie - 2019 - econstor.eu",51,https://www.econstor.eu/handle/10419/202737,True,high,Abstract has strong replication signal. (a_strong=1)
702,Top 1 percent income shares: Comparing estimates using tax data,2019,D Splinter,"G Auten, D Splinter - AEA Papers and Proceedings, 2019 - aeaweb.org",50,https://www.aeaweb.org/articles?id=10.1257/pandp.20191038,False,high,No replication signals found in title or abstract.
703,A carbon price by another name may seem sweeter: Consumers prefer upstream offsets to downstream taxes,2019,"DJ Hardisty, R Lubowski","DJ Hardisty, AT Beall, R Lubowski, A Petsonk… - Journal of …, 2019 - Elsevier",50,https://www.sciencedirect.com/science/article/pii/S0272494419300647,False,high,No replication signals found in title or abstract.
704,Capital-labour-energy substitution in a nested CES framework: A replication and update of Kemfert (1998),2019,"A Henningsen, G Henningsen, E van der Werf","A Henningsen, G Henningsen, E van der Werf - Energy Economics, 2019 - Elsevier",48,https://www.sciencedirect.com/science/article/pii/S0140988317304395,True,high,"Title contains explicit replication indicator. (t_strong=2, a_strong=3)"
705,Round giving: a field experiment on suggested donation amounts in public‐television fundraising,2019,"D Reiley, A Samek","D Reiley, A Samek - Economic Inquiry, 2019 - Wiley Online Library",48,https://onlinelibrary.wiley.com/doi/abs/10.1111/ecin.12742,True,medium,"Multiple moderate replication signals, no negatives. (a_mod=2)"
706,Liquidity risk after 20 years,2019,"L Pastor, RF Stambaugh","L Pastor, RF Stambaugh - 2019 - nber.org",47,https://www.nber.org/papers/w25774,True,high,Abstract has strong replication signal. (a_strong=1)
707,A model replication with an extension of students' perception of prospective employer attractiveness,2019,,"K Babíková, J Bucek - Journal of Competitiveness, 2019 - cjournal.cz",47,https://www.cjournal.cz/files/322.pdf,True,high,Abstract has strong replication signal. (a_strong=1)
708,Considering the benefits of hosting refugees: evidence of refugee camps influencing local labour market activity and economic welfare in Rwanda,2019,"C Loschmann, Ö Bilgili, M Siegel","C Loschmann, Ö Bilgili, M Siegel - IZA Journal of Development and …, 2019 - Springer",46,https://link.springer.com/article/10.1186/s40176-018-0138-2,True,medium,"Multiple moderate replication signals, no negatives. (a_mod=2)"
709,The impact of India's Janani Suraksha Yojana conditional cash transfer programme: A replication study,2019,"N Carvalho, S Rokicki","N Carvalho, S Rokicki - The Journal of Development Studies, 2019 - Taylor & Francis",45,https://www.tandfonline.com/doi/abs/10.1080/00220388.2018.1506578,True,high,"Title contains explicit replication indicator. (t_strong=2, a_strong=0)"
710,The effect of language on economic behavior: Examining the causal link between future tense and time preference in the lab,2019,"JI Chen, TS He, YE Riyanto","JI Chen, TS He, YE Riyanto - European Economic Review, 2019 - Elsevier",45,https://www.sciencedirect.com/science/article/pii/S001429211930159X,False,high,No replication signals found in title or abstract.
711,On the scope of externalities in experimental markets,2019,"B Bartling, V Valero, R Weber","B Bartling, V Valero, R Weber - Experimental Economics, 2019 - Springer",43,https://link.springer.com/article/10.1007/s10683-017-9549-9,False,high,No replication signals found in title or abstract.
712,Measuring geographic distribution for political research,2019,"DW Lee, M Rogers","DW Lee, M Rogers - Political Analysis, 2019 - cambridge.org",42,https://www.cambridge.org/core/journals/political-analysis/article/measuring-geographic-distribution-for-political-research/3EFD1595DB544E76FF26CFE9416AF032,True,high,Abstract has strong replication signal. (a_strong=1)
713,Clarifications of a puzzle: The decline in nutritional status at the onset of modern economic growth in the United States,2019,"J Komlos, B A'Hearn","J Komlos, B A'Hearn - The Journal of Economic History, 2019 - cambridge.org",42,https://www.cambridge.org/core/journals/journal-of-economic-history/article/clarifications-of-a-puzzle-the-decline-in-nutritional-status-at-the-onset-of-modern-economic-growth-in-the-united-states/B8BF1234B8AD834D16A536C3061FA9EE,True,high,Abstract has strong replication signal. (a_strong=1)
714,"Child poverty amongst young carers in the UK: prevalence and trends in the wake of the financial crisis, economic downturn and onset of austerity",2019,"P Obolenskaya, T Burchardt","P Vizard, P Obolenskaya, T Burchardt - Child Indicators Research, 2019 - Springer",40,https://link.springer.com/article/10.1007/s12187-018-9608-6,False,high,No replication signals found in title or abstract.
715,Industry effects of oil price shocks: A re-examination,2019,S Jo,"S Jo, L Karnizova, A Reza - Energy Economics, 2019 - Elsevier",40,https://www.sciencedirect.com/science/article/pii/S0140988318304924,False,high,No replication signals found in title or abstract.
716,Replication of Strazicich and List (2003): Are CO2 emission levels converging among industrial countries?,2019,"E Karakaya, S Alataş","E Karakaya, S Alataş, B Yılmaz - Energy Economics, 2019 - Elsevier",39,https://www.sciencedirect.com/science/article/pii/S0140988317303006,True,high,"Title contains explicit replication indicator. (t_strong=2, a_strong=1)"
717,Estimating US Agricultural Export Demand Elasticities: Econometric and Economic Issues 1,2019,,"PC Abbott - Elasticities in International Agricultural Trade, 2019 - taylorfrancis.com",39,https://www.taylorfrancis.com/chapters/edit/10.1201/9780429041945-3/estimating-agricultural-export-demand-elasticities-econometric-economic-issues-1-philip-abbott,False,high,No replication signals found in title or abstract.
718,Can a conditional cash transfer reduce teen fertility? The case of Brazil's Bolsa Familia,2019,SA Reynolds,"Z Olson, RG Clark, SA Reynolds - Journal of health economics, 2019 - Elsevier",39,https://www.sciencedirect.com/science/article/pii/S0167629617307920,True,high,Abstract has strong replication signal. (a_strong=1)
719,Reexamining how utility and weighting functions get their shapes: A quasi-adversarial collaboration providing a new interpretation,2019,"D Alempaki, TL Mullett","D Alempaki, E Canic, TL Mullett… - Management …, 2019 - pubsonline.informs.org",36,https://pubsonline.informs.org/doi/abs/10.1287/mnsc.2018.3170,True,medium,"Multiple moderate replication signals, no negatives. (a_mod=3)"
720,"A machine learning approach to low-value health care: wasted tests, missed heart attacks and mis-predictions",2019,"S Mullainathan, Z Obermeyer","S Mullainathan, Z Obermeyer - 2019 - nber.org",36,https://www.nber.org/system/files/working_papers/w26168/revisions/w26168.rev1.pdf?mod=article_inline,False,high,No replication signals found in title or abstract.
721,What determines the economic size of a nation in the world: Determinants of a nation's share in world GDP vs. per capita GDP,2019,"J Park, K Lee","J Park, D Ryu, K Lee - Structural Change and Economic Dynamics, 2019 - Elsevier",35,https://www.sciencedirect.com/science/article/pii/S0954349X18302856,False,high,No replication signals found in title or abstract.
722,Reputational penalties for environmental violations: A pure and scientific replication study,2019,"MF Evans, EW Wehrly","J Brady, MF Evans, EW Wehrly - … Review of Law and Economics, 2019 - Elsevier",34,https://www.sciencedirect.com/science/article/pii/S0144818818302291,True,high,"Title contains explicit replication indicator. (t_strong=1, a_strong=0)"
723,Regional entrepreneurial ecosystems in Mexico: a comparative analysis,2019,"AO Villegas Mateos, JE Amorós","AO Villegas Mateos, JE Amorós - Journal of Entrepreneurship in …, 2019 - emerald.com",34,https://www.emerald.com/insight/content/doi/10.1108/jeee-02-2019-0024/full/html,True,high,Abstract has strong replication signal. (a_strong=1)
724,Wealth concentration in the US after augmenting the upper tail of the survey of consumer finances,2019,"J Bricker, P Hansen, AH Volz","J Bricker, P Hansen, AH Volz - Economics Letters, 2019 - Elsevier",33,https://www.sciencedirect.com/science/article/pii/S0165176519303295,True,low,"One moderate signal; might be incidental use of ""replicate"". (a_mod=1)"
725,"A comparative analysis of the status anxiety hypothesis of socio-economic inequalities in health based on 18,349 individuals in four countries and five cohort studies",2019,"R Layte, C McCrory, CN Cheallaigh, N Bourke","R Layte, C McCrory, CN Cheallaigh, N Bourke… - Scientific reports, 2019 - nature.com",33,https://www.nature.com/articles/s41598-018-37440-7,False,high,No replication signals found in title or abstract.
726,How well does economic uncertainty forecast economic activity?,2019,"J Rogers, J Xu","J Rogers, J Xu - 2019 - federalreserve.gov",32,https://www.federalreserve.gov/econres/feds/how-well-does-economic-uncertainty-forecast-economic-activity.htm,True,high,Abstract has strong replication signal. (a_strong=1)
727,Risk premia in the German day-ahead electricity market revisited: The impact of negative prices,2019,,"N Valitov - Energy Economics, 2019 - Elsevier",32,https://www.sciencedirect.com/science/article/pii/S0140988318300288,False,high,No replication signals found in title or abstract.
728,Carbon emissions and economic growth: a replication and extension,2019,TL Sheldon,"TL Sheldon - Energy Economics, 2019 - Elsevier",31,https://www.sciencedirect.com/science/article/pii/S0140988317300828,True,high,"Title contains explicit replication indicator. (t_strong=2, a_strong=2)"
729,An experiment on the vote-buy gap with application to cage-free eggs,2019,"JL Lusk, FB Norwood, GT Tonsor","AS Paul, JL Lusk, FB Norwood, GT Tonsor - … and Experimental Economics, 2019 - Elsevier",31,https://www.sciencedirect.com/science/article/pii/S2214804318300508,True,high,Abstract has strong replication signal. (a_strong=1)
730,Environmental enrichment and drug value: a behavioral economic analysis in male rats,2019,"JR Yates, JS Beckmann","JR Yates, MT Bardo, JS Beckmann - Addiction biology, 2019 - Wiley Online Library",31,https://onlinelibrary.wiley.com/doi/abs/10.1111/adb.12581,False,high,No replication signals found in title or abstract.
731,Law enforcement leaders and the racial composition of arrests,2019,G Bulman,"G Bulman - Economic Inquiry, 2019 - Wiley Online Library",31,https://onlinelibrary.wiley.com/doi/abs/10.1111/ecin.12800,False,high,No replication signals found in title or abstract.
732,Are the crude oil markets really becoming more efficient over time? Some new evidence,2019,L Kristoufek,"L Kristoufek - Energy Economics, 2019 - Elsevier",29,https://www.sciencedirect.com/science/article/pii/S0140988318301002,True,high,Abstract has strong replication signal. (a_strong=1)
733,How to use economic theory to improve estimators: Shrinking toward theoretical restrictions,2019,"P Fessler, M Kasy","P Fessler, M Kasy - Review of Economics and Statistics, 2019 - direct.mit.edu",28,https://direct.mit.edu/rest/article-abstract/101/4/681/58568,True,medium,"Multiple moderate replication signals, no negatives. (a_mod=3)"
734,A robust approach to estimating production functions: Replication of the ACF procedure,2019,"K Kim, Y Luo, Y Su","K Kim, Y Luo, Y Su - Journal of Applied Econometrics, 2019 - Wiley Online Library",27,https://onlinelibrary.wiley.com/doi/abs/10.1002/jae.2697,True,high,"Title contains explicit replication indicator. (t_strong=2, a_strong=0)"
735,Durable democracy? Economic inequality and democratic accountability in the new gilded age,2019,"BJ Newman, TJ Hayes","BJ Newman, TJ Hayes - Political Behavior, 2019 - Springer",27,https://link.springer.com/article/10.1007/s11109-017-9435-3,True,medium,"Multiple moderate replication signals, no negatives. (a_mod=2)"
736,The digit ratio (2D: 4D) and economic preferences: no robust associations in a sample of 330 women,2019,E Ranehill,"E Parslow, E Ranehill, N Zethraeus… - … of the Economic …, 2019 - cambridge.org",27,https://www.cambridge.org/core/journals/journal-of-the-economic-science-association/article/digit-ratio-2d4d-and-economic-preferences-no-robust-associations-in-a-sample-of-330-women/4B5B21ECA084458CC6B40E04FDD2A8F0,False,high,No replication signals found in title or abstract.
737,When a nudge backfires: Using observation with social and economic incentives to promote pro-social behavior,2019,"GE Bolton, E Dimant, U Schmidt","GE Bolton, E Dimant, U Schmidt - 2019 - econstor.eu",26,https://www.econstor.eu/handle/10419/200435,False,high,No replication signals found in title or abstract.
738,Social competence in parents increases children's educational attainment: Replicable genetically-mediated effects of parenting revealed by non-transmitted DNA,2019,"TC Bates, BS Maher, L Colodro-Conde","TC Bates, BS Maher, L Colodro-Conde… - Twin Research and …, 2019 - cambridge.org",26,https://www.cambridge.org/core/journals/twin-research-and-human-genetics/article/social-competence-in-parents-increases-childrens-educational-attainment-replicable-geneticallymediated-effects-of-parenting-revealed-by-nontransmitted-dna/A3686F6B876F33BA210EEB178864A8C8,False,high,No replication signals found in title or abstract.
739,Rising economic burden of renal cell carcinoma among elderly patients in the USA: Part II—an updated analysis of SEER-Medicare data,2019,"YCT Shih, CR Chien, B Kim, Y Shen, L Li","YCT Shih, Y Xu, CR Chien, B Kim, Y Shen, L Li… - …, 2019 - Springer",26,https://link.springer.com/article/10.1007/s40273-019-00824-2,True,high,Abstract has strong replication signal. (a_strong=1)
740,Big data insights into social macro trends (1800–2000): A replication study,2019,"S Roth, V Valentinov, K Žažar","S Roth, P Schwede, V Valentinov, K Žažar… - … Forecasting and Social …, 2019 - Elsevier",26,https://www.sciencedirect.com/science/article/pii/S0040162519311941,True,high,"Title contains explicit replication indicator. (t_strong=2, a_strong=0)"
741,"… with low take-up, contamination and inconsistent data. A replication study of Crépon, Devoto, Duflo, and Pariente (American Economic Journal: Applied Economics …",2019,"F Bédécarrats, I Guérin","F Bédécarrats, I Guérin, S Morvant-Roux… - … in Empirical Economics …, 2019 - econstor.eu",25,https://www.econstor.eu/handle/10419/206819,True,high,"Title contains explicit replication indicator. (t_strong=2, a_strong=1)"
742,Distance from a distance: the robustness of psychological distance effects,2019,,"ST Trautmann - Theory and Decision, 2019 - Springer",25,https://link.springer.com/article/10.1007/s11238-019-09696-6,False,high,No replication signals found in title or abstract.
743,The intergenerational transmission of family-income advantages in the United States,2019,"PA Mitnik, M Weber","PA Mitnik, V Bryant, M Weber - Sociological Science, 2019 - sociologicalscience.com",25,https://sociologicalscience.com/articles-v6-15-380/,False,high,No replication signals found in title or abstract.
744,"The geography of polarization, 1950 to 2015",2019,"T VanHeuvelen, K Copas","T VanHeuvelen, K Copas - … : The Russell Sage Foundation Journal of …, 2019 - rsfjournal.org",25,https://www.rsfjournal.org/content/5/4/77.short,False,high,No replication signals found in title or abstract.
745,Assessing the efficacy of consumer boycotts of US target firms: A shareholder wealth analysis,2019,,"KM Tomlin - Southern Economic Journal, 2019 - Wiley Online Library",25,https://onlinelibrary.wiley.com/doi/abs/10.1002/soej.12389,True,high,Abstract has multiple strong replication signals. (a_strong=2)
746,Foreclosure's fallout: Economic adversity and voter turnout,2019,"P Shah, A Wichowsky","P Shah, A Wichowsky - Political Behavior, 2019 - Springer",24,https://link.springer.com/article/10.1007/s11109-018-9509-x,True,medium,"Multiple moderate replication signals, no negatives. (a_mod=2)"
747,The behavioral economics of alcohol demand in French and American university students,2019,"MP Martinetti, HL Berman","MP Martinetti, RL Caughron, HL Berman… - Alcoholism: Clinical …, 2019 - Wiley Online Library",24,https://onlinelibrary.wiley.com/doi/abs/10.1111/acer.13954,True,high,Abstract has strong replication signal. (a_strong=1)
748,The value of statistical life for adults and children: Comparisons of the contingent valuation and chained approaches,2019,"B Balmford, IJ Bateman, B Day","B Balmford, IJ Bateman, K Bolt, B Day… - … and Energy Economics, 2019 - Elsevier",23,https://www.sciencedirect.com/science/article/pii/S0928765518303014,False,high,No replication signals found in title or abstract.
749,On the effect of business and economic university education on political ideology: An empirical note,2019,"MD Delis, I Hasan, M Iosifidi","MD Delis, I Hasan, M Iosifidi - Journal of Business Ethics, 2019 - Springer",23,https://link.springer.com/article/10.1007/s10551-017-3483-9,True,high,Abstract has strong replication signal. (a_strong=1)
750,Expansionary austerity and reverse causality: A critique of the conventional approach,2019,C Breuer,"C Breuer - Institute for New Economic Thinking Working Paper …, 2019 - ineteconomics.org",23,https://www.ineteconomics.org/uploads/papers/WP_98-Breuer.pdf,True,high,Abstract has strong replication signal. (a_strong=1)
751,The effect of the conservation reserve program on rural economies: Deriving a statistical verdict from a null finding,2019,"JP Brown, DM Lambert","JP Brown, DM Lambert… - … of Agricultural Economics, 2019 - Wiley Online Library",22,https://onlinelibrary.wiley.com/doi/abs/10.1093/ajae/aay046,True,high,Abstract has strong replication signal. (a_strong=1)
752,"National gross domestic product, science interest, and science achievement: A direct replication and extension of the Tucker-Drob, Cheung, and Briley (2014) study",2019,"A Zheng, EM Tucker-Drob","A Zheng, EM Tucker-Drob… - Psychological Science, 2019 - journals.sagepub.com",21,https://journals.sagepub.com/doi/abs/10.1177/0956797619835768,True,high,"Title contains explicit replication indicator. (t_strong=2, a_strong=0)"
753,Sensitivity of university rankings: Implications of stochastic dominance efficiency analysis,2019,"M Pinar, J Milla, T Stengos","M Pinar, J Milla, T Stengos - Education Economics, 2019 - Taylor & Francis",21,https://www.tandfonline.com/doi/abs/10.1080/09645292.2018.1512560,True,medium,"Multiple moderate replication signals, no negatives. (a_mod=2)"
754,Economic benefits from virus screening: a case study of grapevine leafroll in the North Coast of California,2019,"KB Fuller, JM Alston","KB Fuller, JM Alston, DA Golino - American Journal of Enology and …, 2019 - ajevonline.org",21,https://www.ajevonline.org/content/70/2/139.abstract,True,high,Abstract has strong replication signal. (a_strong=1)
755,Does national culture change as countries develop? Evidence from generational cleavages,2019,,"D Tarabar - Journal of Institutional Economics, 2019 - cambridge.org",21,https://www.cambridge.org/core/journals/journal-of-institutional-economics/article/does-national-culture-change-as-countries-develop-evidence-from-generational-cleavages/755051753EDE1FB5493F452FDF4A09A3,False,high,No replication signals found in title or abstract.
756,"Inferiority, not similarity of the decoy to target, is what drives the transfer of attention underlying the attraction effect: Evidence from an eye-tracking study with real …",2019,"M Król, M Król","M Król, M Król - … of Neuroscience, Psychology, and Economics, 2019 - psycnet.apa.org",21,https://psycnet.apa.org/record/2019-09816-001,True,high,Abstract has strong replication signal. (a_strong=1)
757,"Mobile money, risk sharing, and transaction costs: a replication study of evidence from Kenya's mobile money revolution",2019,,"N Alinaghi - Journal of Development Effectiveness, 2019 - Taylor & Francis",21,https://www.tandfonline.com/doi/abs/10.1080/19439342.2019.1684343,True,high,"Title contains explicit replication indicator. (t_strong=2, a_strong=0)"
758,The political economy of higher education finance: how information and design affect public preferences for tuition,2019,"P Lergetporer, L Woessmann","P Lergetporer, L Woessmann - 2019 - JSTOR",21,https://www.jstor.org/stable/pdf/resrep58797.pdf?acceptTC=true&coverpage=false&addFooter=false,True,medium,"Multiple moderate replication signals, no negatives. (a_mod=2)"
759,Replicating rockets and feathers,2019,J Fosten,"S Cook, J Fosten - Energy Economics, 2019 - Elsevier",21,https://www.sciencedirect.com/science/article/pii/S0140988317304413,False,medium,"Title has replication but abstract discusses replication as a topic, not action. (a_neg=1)"
760,Trial by Skype: a causality-oriented replication exploring the use of remote video adjudication in immigration removal proceedings,2019,"D Thorley, J Mitts","D Thorley, J Mitts - International Review of Law and Economics, 2019 - Elsevier",20,https://www.sciencedirect.com/science/article/pii/S0144818818303326,True,low,"Weak evidence: strong signal competes with negative signal. (a_strong=3, a_neg=1)"
761,Could the literature on the economic determinants of sanctions be biased?,2019,"PAG Bergeijk, BA Demena","PAG Bergeijk, BA Demena, A Reta… - Peace Economics …, 2019 - degruyter.com",19,https://www.degruyter.com/document/doi/10.1515/peps-2019-0048/html,False,high,"Abstract discusses replication as topic/concept, not as paper's primary action. (a_neg=1)"
762,Airline regulation and common markets in Sub-Saharan Africa,2019,"K Button, G Martini, D Scotti, N Volta","K Button, G Martini, D Scotti, N Volta - Transportation Research Part E …, 2019 - Elsevier",19,https://www.sciencedirect.com/science/article/pii/S1366554519300833,False,high,No replication signals found in title or abstract.
763,The cyclicality of R&D investment revisited,2019,N van Giersbergen,"H van Ophem, N van Giersbergen… - Journal of Applied …, 2019 - Wiley Online Library",18,https://onlinelibrary.wiley.com/doi/abs/10.1002/jae.2667,True,high,Abstract has multiple strong replication signals. (a_strong=2)
764,"Aid, policies, and growth: why so much confusion?",2019,"S Jia, CR Williamson","S Jia, CR Williamson - Contemporary Economic Policy, 2019 - Wiley Online Library",18,https://onlinelibrary.wiley.com/doi/abs/10.1111/coep.12418,True,high,Abstract has strong replication signal. (a_strong=1)
765,Leverage effect in energy futures revisited,2019,"MA Carnero, A Pérez","MA Carnero, A Pérez - Energy Economics, 2019 - Elsevier",18,https://www.sciencedirect.com/science/article/pii/S0140988318300021,True,high,Abstract has strong replication signal. (a_strong=1)
766,A protocol for Replicating Systems Dynamics-based Simulation models,2019,"A Elizondo-Noriega, N Tiruvengadam","A Elizondo-Noriega, N Tiruvengadam… - … on Management of …, 2019 - ieeexplore.ieee.org",18,https://ieeexplore.ieee.org/abstract/document/8893838/,False,high,No replication signals found in title or abstract.
767,"Balancing rigor, replication, and relevance: A case for multiple-cohort, longitudinal experiments",2019,"D Blazar, MA Kraft","D Blazar, MA Kraft - Aera Open, 2019 - journals.sagepub.com",18,https://journals.sagepub.com/doi/abs/10.1177/2332858419876252,True,high,Abstract has multiple strong replication signals. (a_strong=2)
768,Gender robustness of overconfidence and excess entry,2019,M Servátka,"K Danková, M Servátka - Journal of Economic Psychology, 2019 - Elsevier",17,https://www.sciencedirect.com/science/article/pii/S0167487019300376,True,high,Abstract has multiple strong replication signals. (a_strong=3)
769,Teams promise but do not deliver,2019,"K Nielsen, P Bhattacharya, JH Kagel","K Nielsen, P Bhattacharya, JH Kagel… - Games and Economic …, 2019 - Elsevier",17,https://www.sciencedirect.com/science/article/pii/S0899825619301113,True,high,Abstract has strong replication signal. (a_strong=1)
770,"Sustaining cooperation through self-sorting: The good, the bad, and the conditional",2019,"KE Hauge, KA Brekke, K Nyborg, JT Lind","KE Hauge, KA Brekke, K Nyborg, JT Lind - Proceedings of the National …, 2019 - pnas.org",17,https://www.pnas.org/doi/abs/10.1073/pnas.1802875115,True,medium,"Multiple moderate replication signals, no negatives. (a_mod=2)"
771,Economic empowerment of poor women with grameen bank patterns on baitul mal wa tamwil ibadurrahman,2019,"DH Sobana, UA Husaeni","DH Sobana, UA Husaeni - … Journal of Islamic Economics and …, 2019 - dergipark.org.tr",17,https://dergipark.org.tr/en/doi/10.25272/ijisef.450600,True,high,Abstract has strong replication signal. (a_strong=1)
772,Biased judgements of fairness in bargaining: A replication in the laboratory,2019,"S Hippel, S Hoeppner","S Hippel, S Hoeppner - International Review of Law and Economics, 2019 - Elsevier",16,https://www.sciencedirect.com/science/article/pii/S0144818818302758,True,high,"Title contains explicit replication indicator. (t_strong=1, a_strong=1)"
773,"No personality change following unemployment: A registered replication of Boyce, Wood, Daly, and Sedikides (2015)",2019,"T Gnambs, B Stiglbauer","T Gnambs, B Stiglbauer - Journal of Research in Personality, 2019 - Elsevier",16,https://www.sciencedirect.com/science/article/pii/S0092656619300625,True,high,"Title contains explicit replication indicator. (t_strong=1, a_strong=0)"
774,Asset pricing with liquidity risk: A replication and out-of-sample tests with the recent US and the Japanese market data,2019,"F Fang, F Takeda","E Kazumori, F Fang, R Sharman, F Takeda… - Critical Finance …, 2019 - cfr.ivo-welch.info",16,https://cfr.ivo-welch.info/published/papers/kazumori2020asset.pdf,True,high,"Title contains explicit replication indicator. (t_strong=1, a_strong=2)"
775,Backlash: Undesirable effects of female economic empowerment,2019,,"S Ericsson - … , Department of Economics and Centre of Economic …, 2019 - econstor.eu",16,https://www.econstor.eu/bitstream/10419/260282/1/wp2019-012.pdf,True,medium,"Multiple moderate replication signals, no negatives. (a_mod=3)"
776,"Trading costs, short sale constraints, and the performance of stock market anomalies in Emerging Europe",2019,A Zaremba,"A Zaremba, J Nikorowski - Economic research-Ekonomska istraživanja, 2019 - hrcak.srce.hr",16,https://hrcak.srce.hr/228579,False,high,No replication signals found in title or abstract.
777,How the economics profession got it wrong on Brexit,2019,,"K Coutts, G Gudgin, J Buchanan - 2019 - Springer",16,https://link.springer.com/chapter/10.1007/978-3-030-18103-1_13,False,high,No replication signals found in title or abstract.
778,Why be generous? Tests of the partner choice and threat premium models of resource division,2019,"AB Eisenbruch, JR Roney","AB Eisenbruch, RL Grillot, JR Roney - Adaptive Human Behavior and …, 2019 - Springer",16,https://link.springer.com/article/10.1007/s40750-019-00117-0,False,high,No replication signals found in title or abstract.
779,Barriers and facilitators to model replication within health economics,2019,"E McManus, D Turner, E Gray","E McManus, D Turner, E Gray, H Khawar, T Okoli… - Value in Health, 2019 - Elsevier",16,https://www.sciencedirect.com/science/article/pii/S1098301519321928,True,high,Abstract has strong replication signal. (a_strong=1)
780,"Towards a sustainable and inclusive low-carbon economy: Why carbon taxes, and not schemes of emission trading, are a cost-effective economic instrument to curb …",2019,L Ionescu,"L Ionescu - … of Self-Governance and Management Economics, 2019 - ceeol.com",15,https://www.ceeol.com/search/article-detail?id=818356,False,high,No replication signals found in title or abstract.
781,From the field to the lab. An experiment on the representativeness of standard laboratory subjects,2019,"L Frigau, V Pelligra","L Frigau, T Medda, V Pelligra - … of behavioral and experimental economics, 2019 - Elsevier",14,https://www.sciencedirect.com/science/article/pii/S2214804318302027,True,medium,"Multiple moderate replication signals, no negatives. (a_mod=2)"
782,Replication and robustness analysis of 'energy and economic growth in the USA: A multivariate approach',2019,"SB Bruns, J König, DI Stern","SB Bruns, J König, DI Stern - Energy Economics, 2019 - Elsevier",14,https://www.sciencedirect.com/science/article/pii/S0140988318304031,True,high,"Title contains explicit replication indicator. (t_strong=1, a_strong=2)"
783,Does fiscal consolidation hurt economic growth? Empirical evidence from Spanish regions,2019,"S Lago-Peñas, A Vaquero-Garcia","S Lago-Peñas, A Vaquero-Garcia… - Economics, 2019 - degruyter.com",14,https://www.degruyter.com/document/doi/10.5018/economics-ejournal.ja.2019-42/html,True,medium,"Multiple moderate replication signals, no negatives. (a_mod=2)"
784,Does economic insecurity really impact on gun violence at US schools?,2019,"E Pappa, A Lagerborg, MO Ravn","E Pappa, A Lagerborg, MO Ravn - Nature human behaviour, 2019 - nature.com",14,https://www.nature.com/articles/s41562-018-0351-2,False,high,No replication signals found in title or abstract.
785,Testing for time variation in the natural rate of interest,2019,B Kempa,"T Berger, B Kempa - Journal of Applied Econometrics, 2019 - Wiley Online Library",14,https://onlinelibrary.wiley.com/doi/abs/10.1002/jae.2698,True,medium,"Multiple moderate replication signals, no negatives. (a_mod=2)"
786,Teaching students to “think like economists” as democratic citizenship preparation,2019,,"CA Ayers - The Journal of Social Studies Research, 2019 - journals.sagepub.com",14,https://journals.sagepub.com/doi/abs/10.1016/j.jssr.2018.10.002,True,high,Abstract has multiple strong replication signals. (a_strong=2)
787,Returns to scale in electricity generation: Replicated and revisited,2019,"DH Bernstein, CF Parmeter","DH Bernstein, CF Parmeter - Energy Economics, 2019 - Elsevier",13,https://www.sciencedirect.com/science/article/pii/S0140988317304449,True,high,Abstract has strong replication signal. (a_strong=1)
788,Commentary: revisiting the marshmallow test: a conceptual replication investigating links between early delay of gratification and later outcomes,2019,"G Barragan-Jason, CM Atance, A Hopfensitz","G Barragan-Jason, CM Atance, A Hopfensitz… - Frontiers in …, 2019 - frontiersin.org",13,https://www.frontiersin.org/articles/10.3389/fpsyg.2018.02719/full,True,high,"Title contains explicit replication indicator. (t_strong=1, a_strong=0)"
789,The Introduction of Bitcoin futures: An examination of volatility and potential spillover effects,2019,BM Blau,"BM Blau, RJ Whitby - Economics Bulletin, 2019 - digitalcommons.usu.edu",13,https://digitalcommons.usu.edu/econ_facpubs/942/,True,medium,"Multiple moderate replication signals, no negatives. (a_mod=2)"
790,"Prediction is difficult, even when it's about the past: A hindcast experiment using Res-IRF, an integrated energy-economy model",2019,"C Bourgeois, LG Giraudet, P Quirion","D Glotin, C Bourgeois, LG Giraudet, P Quirion - Energy Economics, 2019 - Elsevier",13,https://www.sciencedirect.com/science/article/pii/S0140988319302336,False,high,No replication signals found in title or abstract.
791,Re-examining the movements of crude oil spot and futures prices over time,2019,"MJ Holmes, J Otero","MJ Holmes, J Otero - Energy Economics, 2019 - Elsevier",13,https://www.sciencedirect.com/science/article/pii/S0140988317303018,True,high,Abstract has strong replication signal. (a_strong=1)
792,Examining the long-term mortality effects of early health shocks,2019,JM Fletcher,"JM Fletcher - Applied Economics Letters, 2019 - Taylor & Francis",12,https://www.tandfonline.com/doi/abs/10.1080/13504851.2018.1520960,True,low,"One moderate signal; might be incidental use of ""replicate"". (a_mod=1)"
793,New evidence on information disclosure through restaurant hygiene grading: Reply,2019,"GZ Jin, P Leslie","GZ Jin, P Leslie - American Economic Journal: Economic Policy, 2019 - aeaweb.org",12,https://www.aeaweb.org/articles?id=10.1257/pol.20180543,False,high,No replication signals found in title or abstract.
794,Estimating Uptake for Reduced-nicotine Cigarettes Using Behavioral Economics.,2019,"BA Kaplan, DA Pope, WB DeHart","BA Kaplan, DA Pope, WB DeHart… - American Journal of …, 2019 - search.ebscohost.com",12,https://search.ebscohost.com/login.aspx?direct=true&profile=ehost&scope=site&authtype=crawler&jrnl=10873244&AN=136145992&h=SjdAJ9CxwUDoPL5BvEfR%2FZdGEc9gxXoE1gimuwz2EY%2FIEJzQ5r%2BPudTsE5TsIQMfZQDIeyHOGULdqEFn3xp4jw%3D%3D&crl=c,True,high,Abstract has strong replication signal. (a_strong=1)
795,"Private returns to R&D in the presence of spillovers, revisited",2019,G Millo,"G Millo - Journal of Applied Econometrics, 2019 - Wiley Online Library",12,https://onlinelibrary.wiley.com/doi/abs/10.1002/jae.2662,False,high,No replication signals found in title or abstract.
796,"Capuchin monkeys (Sapajus apella) play Nash equilibria in dynamic games, but their decisions are likely not influenced by oxytocin",2019,BJ Wilson,"MF Smith, KL Leverett, BJ Wilson… - American Journal of …, 2019 - Wiley Online Library",12,https://onlinelibrary.wiley.com/doi/abs/10.1002/ajp.22973,False,high,No replication signals found in title or abstract.
797,"Cyber-physical smart manufacturing systems: sustainable industrial networks, cognitive automation, and big data-driven innovation",2019,,"K Coatney - Economics, Management, and Financial Markets, 2019 - ceeol.com",12,https://www.ceeol.com/search/article-detail?id=818553,False,high,No replication signals found in title or abstract.
798,The timing of the demographic transition and economic growth,2019,"M Cervellati, G Meyerheim, U Sunde","M Cervellati, G Meyerheim, U Sunde - Economics Letters, 2019 - Elsevier",12,https://www.sciencedirect.com/science/article/pii/S0165176519301442,False,high,No replication signals found in title or abstract.
799,"… of 'The relationship between energy consumption, energy prices, and economic growth: Time series evidence from Asian developing countries'(Energy Economics …",2019,"J Mann, P Sephton","J Mann, P Sephton - Energy economics, 2019 - Elsevier",11,https://www.sciencedirect.com/science/article/pii/S0140988318301725,True,high,Abstract has multiple strong replication signals. (a_strong=2)
800,"Automation, economic growth, and the labor share-A Comment on Prettner (2019)-",2019,"B Heer, A Irmen","B Heer, A Irmen - 2019 - econstor.eu",11,https://www.econstor.eu/handle/10419/201956,True,high,Abstract has strong replication signal. (a_strong=1)
801,The surprising capacity of the company you keep: revealing group cohesion as a powerful factor of team production,2019,"S Gächter, C Starmer, F Tufano","S Gächter, C Starmer, F Tufano - 2019 - econstor.eu",11,https://www.econstor.eu/handle/10419/228362,True,high,Abstract has multiple strong replication signals. (a_strong=2)
802,When happy people make society unhappy: How incidental emotions affect compliance behavior,2019,"M Fochmann, E Kirchler, PNC Mohr","M Fochmann, F Hechtner, E Kirchler, PNC Mohr - 2019 - econstor.eu",11,https://www.econstor.eu/handle/10419/200237,False,high,No replication signals found in title or abstract.
803,Dating the business cycle: Evidence from Mongolia,2019,,"D Luvsannyam, K Batmunkh, K Buyankhishig - Central Bank Review, 2019 - Elsevier",11,https://www.sciencedirect.com/science/article/pii/S1303070119300666,True,low,"One moderate signal; might be incidental use of ""replicate"". (a_mod=1)"
804,Savings revisited: a replication study of a savings intervention in Malawi,2019,,"J Stage, T Thangavelu - Journal of Development Effectiveness, 2019 - Taylor & Francis",10,https://www.tandfonline.com/doi/abs/10.1080/19439342.2019.1679859,True,high,"Title contains explicit replication indicator. (t_strong=2, a_strong=2)"
805,Understanding the (perverse) effects of disclosing conflicts of interest: A direct replication study,2019,S Sah,"S Sah - Journal of Economic Psychology, 2019 - Elsevier",10,https://www.sciencedirect.com/science/article/pii/S0167487018302964,True,high,"Title contains explicit replication indicator. (t_strong=2, a_strong=1)"
806,Information improves provider behaviour: A replication study of a community-based monitoring programme in Uganda,2019,,"K Donato, A Garcia Mosqueira - The Journal of Development …, 2019 - Taylor & Francis",10,https://www.tandfonline.com/doi/abs/10.1080/00220388.2018.1506577,True,high,"Title contains explicit replication indicator. (t_strong=2, a_strong=2)"
807,Not lost in translation: Successfully replicating Prospect Theory in 19 countries,2019,"K Ruggeri, G Bertoldo","K Ruggeri, S Alí, ML Berge, G Bertoldo… - 2019 - osf.io",10,https://osf.io/preprints/2nyd6/,False,high,No replication signals found in title or abstract.
808,Impacts of rural roads on household welfare in Vietnam: evidence from a replication study,2019,CV Nguyen,"CV Nguyen - Journal of Economics and Development, 2019 - emerald.com",10,https://www.emerald.com/insight/content/doi/10.1108/jed-06-2019-0002/full/html,True,high,"Title contains explicit replication indicator. (t_strong=2, a_strong=0)"
809,Replicating and extending Martin-Quinn scores,2019,,"M Kovac - International Review of Law and Economics, 2019 - Elsevier",10,https://www.sciencedirect.com/science/article/pii/S0144818819302261,True,high,"Title contains explicit replication indicator. (t_strong=1, a_strong=0)"
810,Gender gap in Swiss vocational education and training teachers' economics content knowledge and the role of teaching experience,2019,M Förster,"D Holtsch, S Brückner, M Förster… - … and Economics …, 2019 - journals.sagepub.com",10,https://journals.sagepub.com/doi/abs/10.1177/2047173419893595,True,low,"One moderate signal; might be incidental use of ""replicate"". (a_mod=1)"
811,The social costs of gun ownership revisited,2019,"B Hayo, C Westphal","B Hayo, F Neumeier, C Westphal - Empirical economics, 2019 - Springer",9,https://link.springer.com/article/10.1007/s00181-018-1496-6,True,high,Abstract has multiple strong replication signals. (a_strong=3)
812,Does subjective SES moderate the effect of money priming on socioeconomic system support? A replication of Schuler and Wänke (2016),2019,JT Crawford,"JT Crawford, A Fournier… - Social Psychological and …, 2019 - journals.sagepub.com",9,https://journals.sagepub.com/doi/abs/10.1177/1948550617740941,True,high,"Title contains explicit replication indicator. (t_strong=2, a_strong=0)"
813,"Can mutual fund stars still pick stocks?: A replication and extension of Kosowski, Timmermann, Wermers, and White (2006)",2019,TB Riley,"TB Riley - Critical Finance Review, 2019 - cfr.ivo-welch.info",9,https://cfr.ivo-welch.info/published/papers/riley.pdf,True,high,"Title contains explicit replication indicator. (t_strong=2, a_strong=1)"
814,“When your anchor sinks your boat”: A replication and extension study,2019,"CM Jiang, JT Ma","CM Jiang, JT Ma - Journal of Economic Psychology, 2019 - Elsevier",9,https://www.sciencedirect.com/science/article/pii/S0167487018302642,True,high,"Title contains explicit replication indicator. (t_strong=2, a_strong=0)"
815,Energy and economic growth in the USA two decades later: Replication and reanalysis,2019,"B Leiva, Z Liu","B Leiva, Z Liu - Energy Economics, 2019 - Elsevier",9,https://www.sciencedirect.com/science/article/pii/S0140988318300525,True,high,"Title contains explicit replication indicator. (t_strong=1, a_strong=0)"
816,"Epstein–Zin Utility, Asset Prices, and the Business Cycle Revisited",2019,,"C Heiberger, H Ruf - German Economic Review, 2019 - degruyter.com",9,https://www.degruyter.com/document/doi/10.1111/geer.12186/html,False,high,No replication signals found in title or abstract.
817,Forecast density combinations with dynamic learning for large data sets in economics and finance,2019,"R Casarin, F Ravazzollo, HK van Dijk","R Casarin, S Grassi, F Ravazzollo, HK van Dijk - 2019 - econstor.eu",9,https://www.econstor.eu/handle/10419/205315,True,high,Abstract has multiple strong replication signals. (a_strong=2)
818,Cross-cultural contrasts of preferences for bus rapid transit and light rail transit,2019,"DA Hensher, C Balbontin, CQ Ho","DA Hensher, C Balbontin, CQ Ho… - … of Transport Economics …, 2019 - ingentaconnect.com",9,https://www.ingentaconnect.com/content/lse/jtep/2019/00000053/00000001/art00004,True,high,Abstract has strong replication signal. (a_strong=1)
819,Financial regimes for polymetallic nodule mining: A comparison of four economic models,2019,"R Kirchain, R Roth","R Kirchain, FR Field, R Roth - Working Group Meeting: Kingston, Jamaica, 2019 - isa.org.jm",9,https://www.isa.org.jm/wp-content/uploads/2022/06/mit.pdf,True,high,Abstract has strong replication signal. (a_strong=1)
820,"Replication of mismatch research: Ayres, Brooks and Ho",2019,,"R Sander - International Review of Law and Economics, 2019 - Elsevier",9,https://www.sciencedirect.com/science/article/pii/S0144818818302357,True,high,"Title contains explicit replication indicator. (t_strong=2, a_strong=0)"
821,"A Replication of “Agency Problems of Excess Endowment Holdings in Not-for-profit Firms” (Journal of Accounting and Economics, 2006)",2019,"TD Calabrese, A Gupta","TD Calabrese, A Gupta - Public Finance Review, 2019 - journals.sagepub.com",8,https://journals.sagepub.com/doi/abs/10.1177/1091142118765788,True,high,"Title contains explicit replication indicator. (t_strong=2, a_strong=1)"
822,Electricity market deregulation and environmental regulation: Evidence from US nuclear power,2019,DH Karney,"DH Karney - Energy Economics, 2019 - Elsevier",8,https://www.sciencedirect.com/science/article/pii/S0140988319302816,True,low,"One moderate signal; might be incidental use of ""replicate"". (a_mod=1)"
823,The relevance of positive word-of-mouth effects on the customer lifetime value-A replication and extension in the context of start-ups,2019,"C Brock, M Hubert","M Grossmann, C Brock, M Hubert… - SMR-Journal of Service …, 2019 - nomos-elibrary.de",8,https://www.nomos-elibrary.de/de/10.15358/2511-8676-2019-3-148.pdf,True,high,"Title contains explicit replication indicator. (t_strong=2, a_strong=3)"
824,A macroeconomic analysis of literacy and economic performance,2019,"G Schwerdt, S Wiederhold","G Schwerdt, S Wiederhold - 2019 - dataangel.ca",8,http://www.dataangel.ca/docs/A%20Macroeconomic%20Analysis%20of%20Literacy_February2019.pdf,False,high,No replication signals found in title or abstract.
825,"The Goldilocks effect: Convergence in national income distributions, 1990–2015",2019,R Clark,"R Clark - Social Science Research, 2019 - Elsevier",8,https://www.sciencedirect.com/science/article/pii/S0049089X18305854,True,medium,"Multiple moderate replication signals, no negatives. (a_mod=3)"
826,Overearning–revisited,2019,R Stueber,"N Riedel, R Stueber - Journal of Economic Psychology, 2019 - Elsevier",8,https://www.sciencedirect.com/science/article/pii/S0167487018303064,True,high,Abstract has strong replication signal. (a_strong=1)
827,Crisis? What crisis? Measuring economic crisis in political science,2019,S Krishnarajan,"S Krishnarajan - Quality & Quantity, 2019 - Springer",8,https://link.springer.com/article/10.1007/s11135-018-0823-5,False,high,No replication signals found in title or abstract.
828,The education–suicide mortality gradient,2019,A Cook,"A Cook - Applied economics letters, 2019 - Taylor & Francis",7,https://www.tandfonline.com/doi/abs/10.1080/13504851.2018.1489499,True,high,Abstract has strong replication signal. (a_strong=1)
829,Detecting Historical Inequality Patterns: A Replication of Thomas Piketty's Wealth Concentration Estimates for the United Kingdom,2019,PW Magness,"PW Magness - Social Science Quarterly, 2019 - Wiley Online Library",7,https://onlinelibrary.wiley.com/doi/abs/10.1111/ssqu.12672,True,high,"Title contains explicit replication indicator. (t_strong=2, a_strong=2)"
830,Reassessment of the proximate determinants of income levels and growth of nations,2019,AS Abu-Qarn,"AS Abu-Qarn - Atlantic Economic Journal, 2019 - Springer",7,https://link.springer.com/article/10.1007/s11293-019-09647-0,True,high,Abstract has strong replication signal. (a_strong=1)
831,Voluntary contributions of time: Time-based incentives in a linear public goods game,2019,,"J Jouxtel - Journal of Economic Psychology, 2019 - Elsevier",7,https://www.sciencedirect.com/science/article/pii/S0167487018303350,True,high,Abstract has multiple strong replication signals. (a_strong=2)
832,Observational Open Science: An Application to the Literature on Irrelevant Events and Voting Behavior,2019,"MH Graham, GA Huber, N Malhotra, CH Mo","MH Graham, GA Huber, N Malhotra, CH Mo - Unpublished Manuscript, 2019 - files.osf.io",7,https://files.osf.io/v1/resources/udfs9/providers/osfstorage/5ca530a8f77305001b3b6abe?action=download&version=1&direct&format=pdf,False,high,No replication signals found in title or abstract.
833,Can homo economicus be an altruist? A classroom experimental method,2019,"T Kopczewski, I Okhrimenko","T Kopczewski, I Okhrimenko - International Review of Economics …, 2019 - Elsevier",7,https://www.sciencedirect.com/science/article/pii/S1477388018301051,False,high,No replication signals found in title or abstract.
834,Transparency in empirical economic research,2019,,"CB Blanco-Perez - IZA World of Labor, 2019 - wol.iza.org",6,https://wol.iza.org/articles/transparency-in-empirical-economic-research/long,True,low,"Weak evidence: strong signal competes with negative signal. (a_strong=2, a_neg=1)"
835,The role of industry and economic context in open innovation,2019,"A Egbetokun, D Adeyeye","A Egbetokun, O Oluwatope, D Adeyeye… - Open innovation and …, 2019 - Springer",6,https://link.springer.com/chapter/10.1007/978-3-030-16912-1_5,False,high,No replication signals found in title or abstract.
836,Biometric Smartcards and payment disbursement: a replication study of building state capacity in India,2019,AA Atanda,"AA Atanda - Journal of Development Effectiveness, 2019 - Taylor & Francis",5,https://www.tandfonline.com/doi/abs/10.1080/19439342.2019.1646782,True,high,"Title contains explicit replication indicator. (t_strong=2, a_strong=1)"
837,Development status and decision-making in investment treaty arbitration,2019,W Rao,"W Rao - International Review of Law and Economics, 2019 - Elsevier",5,https://www.sciencedirect.com/science/article/pii/S0144818818302436,True,high,Abstract has multiple strong replication signals. (a_strong=2)
838,The short-term impact of unconditional cash transfers: a replication study of a randomized controlled trial in Kenya,2019,H Wang,"H Wang, J Luo - Journal of Development Effectiveness, 2019 - Taylor & Francis",5,https://www.tandfonline.com/doi/abs/10.1080/19439342.2019.1666900,True,high,"Title contains explicit replication indicator. (t_strong=2, a_strong=1)"
839,"A Replication Study of “Openness, Country Size, and Government Size” (Journal of Public Economics 2009)",2019,A Musau,"A Musau - Public Finance Review, 2019 - journals.sagepub.com",5,https://journals.sagepub.com/doi/abs/10.1177/1091142118765786,True,high,"Title contains explicit replication indicator. (t_strong=2, a_strong=1)"
840,Improving well-being through mobile money: A replication study in Niger,2019,OA Elorreaga,"JP Meneses, ET Ventura, OA Elorreaga… - Journal of …, 2019 - Taylor & Francis",5,https://www.tandfonline.com/doi/abs/10.1080/19439342.2019.1679860,True,high,"Title contains explicit replication indicator. (t_strong=2, a_strong=3)"
841,Tweet sixteen and pregnant: Missing links in the causal chain from reality TV to fertility,2019,"DA Jaeger, TJ Joyce, R Kaestner","DA Jaeger, TJ Joyce, R Kaestner - 2019 - nber.org",5,https://www.nber.org/papers/w25446,False,high,No replication signals found in title or abstract.
842,Does blind tasting work? Another look,2019,KW Capehart,"KW Capehart - Journal of Wine Economics, 2019 - cambridge.org",5,https://www.cambridge.org/core/journals/journal-of-wine-economics/article/does-blind-tasting-work-another-look/71C643538D7634DBBB41ACAE470FEAAB,False,high,No replication signals found in title or abstract.
843,"“Replication of mismatch research: Ayers, Brooks, and Ho”(Comment)",2019,D Bjerk,"D Bjerk - International Review of Law and Economics, 2019 - Elsevier",5,https://www.sciencedirect.com/science/article/pii/S0144818818302631,True,high,"Title contains explicit replication indicator. (t_strong=1, a_strong=3)"
844,The bogus paper that gutted workers' rights,2019,,"S Storm - Institute for New Economic Thinking. Retrieved from …, 2019 - repository.tudelft.nl",5,https://repository.tudelft.nl/file/File_63a77d52-d1dc-474e-8850-9790ab48fd81?preview=1,False,high,No replication signals found in title or abstract.
845,"Revisiting the Drivers of Natural Gas Prices. A replication study of Brown & Yücel (The Energy Journal, 2008)",2019,G Roberts,"G Roberts - … Journal for Re-Views in Empirical Economics (IREE), 2019 - econstor.eu",4,https://www.econstor.eu/handle/10419/206818,True,high,"Title contains explicit replication indicator. (t_strong=2, a_strong=4)"
846,Something for nothing? How growing rent-seeking is at the heart of America's Economic Troubles,2019,,"L Carey, A Nasir - Journal of Public and International Affairs, 2019 - jpia.princeton.edu",4,https://jpia.princeton.edu/news/something-nothing-how-growing-rent-seeking-heart-americas-economic-troubles,True,medium,"Multiple moderate replication signals, no negatives. (a_mod=2)"
847,Recalling extra data: A replication study of finding missing markets,2019,BDK Wood,"BDK Wood, M Dong - The Journal of Development Studies, 2019 - Taylor & Francis",4,https://www.tandfonline.com/doi/abs/10.1080/00220388.2018.1506574,True,high,"Title contains explicit replication indicator. (t_strong=2, a_strong=0)"
848,"A Replication of “Is Public Expenditure Productive?” (Journal of Monetary Economics, 1989)",2019,"C Clarke, RG Batina","C Clarke, RG Batina - Public Finance Review, 2019 - journals.sagepub.com",4,https://journals.sagepub.com/doi/abs/10.1177/1091142117736606,True,high,"Title contains explicit replication indicator. (t_strong=2, a_strong=1)"
849,A Journal-Based Replication of “Being Chosen to Lead”,2019,"A Drazen, EY Ozbay, E Snowberg","A Drazen, AD Almenberg, EY Ozbay, E Snowberg - 2019 - nber.org",4,https://www.nber.org/papers/w26444,True,high,"Title contains explicit replication indicator. (t_strong=1, a_strong=1)"
850,"Limits to arbitrage, investor sentiment, and factor returns in international government bond markets",2019,"A Zaremba, JJ Szczygielski","A Zaremba, JJ Szczygielski - Economic research-Ekonomska …, 2019 - hrcak.srce.hr",4,https://hrcak.srce.hr/228846,True,medium,"Multiple moderate replication signals, no negatives. (a_mod=2)"
851,Heterogeneous Effects of Urban Land Titling: A Replication of 'Property Rights for the Poor',2019,"EM Whitney, DB Cameron","EM Whitney, DB Cameron… - The Journal of …, 2019 - Taylor & Francis",4,https://www.tandfonline.com/doi/abs/10.1080/00220388.2018.1506576,True,high,"Title contains explicit replication indicator. (t_strong=2, a_strong=2)"
852,Sealed envelope submissions foster research integrity,2019,"M Dufwenberg, P Martinsson","M Dufwenberg, P Martinsson - Revue économique, 2019 - shs.cairn.info",4,https://shs.cairn.info/revue-economique-2019-6-page-919?tab=texte-integral,True,high,Abstract has strong replication signal. (a_strong=1)
853,Replication: Do we snooze if we can't lose? Modelling risk with incentives in habituation user studies,2019,"D Wermke, S Amft, S Fahl","K Busse, D Wermke, S Amft, S Fahl… - Proceedings of the …, 2019 - teamusec.de",4,https://teamusec.de/publications/conf-usec-busse19/,True,high,"Title contains explicit replication indicator. (t_strong=1, a_strong=0)"
854,Election cycles and mining-sector governance in post-conflict Kosovo,2019,"LJ Uberti, G Pugh, D Imami","LJ Uberti, G Pugh, E Lami, D Imami - Post-Communist Economies, 2019 - Taylor & Francis",4,https://www.tandfonline.com/doi/abs/10.1080/14631377.2019.1578583,True,medium,"Multiple moderate replication signals, no negatives. (a_mod=2)"
855,The impact of increased post-progression survival on the cost-effectiveness of interventions in oncology,2019,J Retzler,"J Retzler, H Davies, M Jenks, C Kiff… - … and Outcomes Research, 2019 - Taylor & Francis",4,https://www.tandfonline.com/doi/abs/10.2147/CEOR.S191382,True,high,Abstract has strong replication signal. (a_strong=1)
856,A replication study worth replicating: a comment on Salmanowitz and Spamann,2019,,"WHJ Hubbard - International Review of Law and Economics, 2019 - Elsevier",4,https://www.sciencedirect.com/science/article/pii/S0144818818302886,True,high,"Title contains explicit replication indicator. (t_strong=2, a_strong=0)"
857,Search and research on economics of pair programming,2019,M Aguirre-Urreta,"W Sun, M Aguirre-Urreta, HS Nam - Journal of Computer …, 2019 - Taylor & Francis",3,https://www.tandfonline.com/doi/abs/10.1080/08874417.2016.1263167,True,medium,"Multiple moderate replication signals, no negatives. (a_mod=2)"
858,Zero-coupon interest rates: Evaluating three alternative datasets,2019,"A Díaz, F Jareño","A Díaz, F Jareño, E Navarro - Economic research-Ekonomska …, 2019 - hrcak.srce.hr",3,https://hrcak.srce.hr/229745,True,high,Abstract has strong replication signal. (a_strong=1)
859,The Socio-Economic Gradient in Children's Test-Scores–A Comparison Between the US and Denmark,2019,"CJ de Montgomery, HH Sievertsen","CJ de Montgomery, HH Sievertsen - Nationaløkonomisk tidsskrift, 2019 - xn--nt-lka.dk",3,https://www.xn--nt-lka.dk/files/2019/article/2019_1_2.pdf,False,high,No replication signals found in title or abstract.
860,All you need is cable TV?,2019,"V Iversen, R Palmer-Jones","V Iversen, R Palmer-Jones - The Journal of Development Studies, 2019 - Taylor & Francis",3,https://www.tandfonline.com/doi/abs/10.1080/00220388.2018.1506581,False,high,No replication signals found in title or abstract.
861,Intuitive Prosociality: Heterogeneous Treatment Effects or False Positive?,2019,"E Strømland, G Torsvik","E Strømland, G Torsvik - 2019 - osf.io",3,https://osf.io/preprints/hrx2y/,True,high,Abstract has strong replication signal. (a_strong=1)
862,"The Many Faces of Agent-Based Computational Economics: Ecology of Agents, Bottom-Up Approaches and Technical Breakthrough.",2019,A Vignes,"S Mignot, A Vignes - … and Technical Breakthrough.(June 14, 2019), 2019 - papers.ssrn.com",3,https://papers.ssrn.com/sol3/papers.cfm?abstract_id=3404033,False,high,No replication signals found in title or abstract.
863,"Meta-analysis and publication bias: How well does the FAT-PET-PEESE procedure work? A replication study of Alinaghi & Reed (Research Synthesis Methods, 2018)",2019,,"S Hong - … Journal for Re-Views in Empirical Economics (IREE), 2019 - econstor.eu",2,https://www.econstor.eu/handle/10419/206820,True,high,"Title contains explicit replication indicator. (t_strong=2, a_strong=1)"
864,Revisiting the Drivers of Natural Gas Prices.,2019,G Roberts,"G Roberts - Economics, 2019 - iree.eu",2,https://www.iree.eu/wp-content/uploads/2019/03/Roberts-G-2019-2-Natural-Gas-Prices.pdf,True,high,Abstract has multiple strong replication signals. (a_strong=2)
865,Illiquidity and stock returns: Cross-section and time-series effects: A replication,2019,CW Holden,"CW Holden, J Nam - Critical Finance Review, 2019 - ideas.repec.org",2,https://ideas.repec.org/a/now/jnlcfr/104.00000071.html,True,high,"Title contains explicit replication indicator. (t_strong=1, a_strong=3)"
866,Third decimal place odd prices trigger competition: evidence from the Italian retail gasoline market,2019,M Nicolini,"M Alderighi, M Nicolini - Applied Economics Letters, 2019 - Taylor & Francis",2,https://www.tandfonline.com/doi/abs/10.1080/13504851.2018.1441502,True,medium,"Multiple moderate replication signals, no negatives. (a_mod=2)"
867,Bubbles and crises: Replicating the Anundsen et al.(2016) results,2019,B Fu,"B Fu - Journal of Applied Econometrics, 2019 - Wiley Online Library",2,https://onlinelibrary.wiley.com/doi/abs/10.1002/jae.2695,True,high,Abstract has strong replication signal. (a_strong=1)
868,"The Rational Irrationality of Auction Fever: Evidence from Amazon. com Gift Cards, Consumer Products on eBay, and the Behavioral Laboratory",2019,"MW McCarter, AM Winn","MW McCarter, AM Winn - Journal of Marketing Behavior, 2019 - nowpublishers.com",2,https://www.nowpublishers.com/article/Details/JMB-0063,False,high,No replication signals found in title or abstract.
869,Sample size calculation in economic experiments,2019,S Gruener,"S Gruener - Available at SSRN 3452918, 2019 - papers.ssrn.com",2,https://papers.ssrn.com/sol3/papers.cfm?abstract_id=3452918,True,high,Abstract has strong replication signal. (a_strong=1)
870,A Task-based Approach to Constructing Occupational Categories with Implications for Empirical Research in Labor Economics,2019,E Totty,"J Manzella, E Totty, G Benedetto - 2019 - researchgate.net",2,https://www.researchgate.net/profile/Evan-Totty/publication/341510657_A_Task-based_Approach_to_Constructing_Occupational_Categories_with_Implications_for_Empirical_Research_in_Labor_Economics/links/5ec51e05a6fdcc90d686102d/A-Task-based-Approach-to-Constructing-Occupational-Categories-with-Implications-for-Empirical-Research-in-Labor-Economics.pdf,True,medium,"Multiple moderate replication signals, no negatives. (a_mod=2)"
871,A replication of 'The long-run impact of foreign aid in 36 African countries: Insights from multivariate time series analysis'(Oxford Bulletin of Economics and Statistics …,2019,,"L Roger - Economics, 2019 - degruyter.com",1,https://www.degruyter.com/document/doi/10.5018/economics-ejournal.ja.2019-51/html,True,high,"Title contains explicit replication indicator. (t_strong=2, a_strong=1)"
872,Note–Walking on Solid Ground: A Replication Study of 'Housing Health and Happiness',2019,,"MP Basurto, R Burga, JL Flor Toro… - The Journal of …, 2019 - Taylor & Francis",1,https://www.tandfonline.com/doi/abs/10.1080/00220388.2018.1506579,True,high,"Title contains explicit replication indicator. (t_strong=2, a_strong=3)"
873,Oil prices and clean energy stock prices revisited,2019,"DG Baur, LA Smales","DG Baur, LA Smales - Available at SSRN 3471866, 2019 - papers.ssrn.com",1,https://papers.ssrn.com/sol3/papers.cfm?abstract_id=3471866,True,high,Abstract has strong replication signal. (a_strong=1)
874,Recreation Visits to Lake Mead and Glen Canyon National Recreation Areas: A Replication Study,2019,,X Wu - 2019 - search.proquest.com,1,https://search.proquest.com/openview/40db99779bef8fd887ce75228211d4ea/1?pq-origsite=gscholar&cbl=18750&diss=y,True,high,"Title contains explicit replication indicator. (t_strong=2, a_strong=0)"
875,Thou shalt be given… but how? A replication study and extended cost-effectiveness analysis of a randomized experiment on food assistance in Northern Ecuador,2019,"SK Lhachimi, T Seuring","SK Lhachimi, T Seuring - Journal of Development Effectiveness, 2019 - Taylor & Francis",1,https://www.tandfonline.com/doi/abs/10.1080/19439342.2019.1666901,True,high,"Title contains explicit replication indicator. (t_strong=2, a_strong=2)"
876,Making data reusable: lessons learned from replications of impact evaluations,2019,S Khatua,"N Goel, S Khatua, M Gaarder - Plos One, 2019 - files.osf.io",1,https://files.osf.io/v1/resources/4jvq2/providers/osfstorage/5d25a71ca26b34001906e92e?action=download&direct&version=1,True,high,Abstract has strong replication signal. (a_strong=1)
877,Revisiting the Marshmallow Test: On the interpretation of replication results,2019,"A Falk, F Kosse, P Pinger","A Falk, F Kosse, P Pinger - 2019 - osf.io",1,https://osf.io/hc7dn_v1/download,False,high,No replication signals found in title or abstract.
878,Subject pool effects in price competition games: students versus professionals,2019,K von Blanckenburg,"C Beyer, E Tebbe, K von Blanckenburg… - Applied Economics …, 2019 - Taylor & Francis",1,https://www.tandfonline.com/doi/abs/10.1080/13504851.2018.1467544,False,high,No replication signals found in title or abstract.
879,Respect for Human Rights as a Predictor of Arab Spring Intensity: A Replication and Extension Study,2019,,"MD Hudson-Flege - International Journal of Political Activism and …, 2019 - igi-global.com",1,https://www.igi-global.com/article/respect-for-human-rights-as-a-predictor-of-arab-spring-intensity/235390,True,high,"Title contains explicit replication indicator. (t_strong=2, a_strong=0)"
880,"Reply to “A Replication Study of 'Openness, Country Size, and Government Size' (Journal of Public Economics 2009)”",2019,,"R Ram - Public Finance Review, 2019 - journals.sagepub.com",1,https://journals.sagepub.com/doi/abs/10.1177/1091142119844790,True,high,"Title contains explicit replication indicator. (t_strong=2, a_strong=1)"
881,Replication Redux: The Reproducibility Crisis and the Case of Deworming,2019,O Ozier,"O Ozier - World Bank Policy Research Working Paper, 2019 - papers.ssrn.com",1,https://papers.ssrn.com/sol3/papers.cfm?abstract_id=3380728,True,high,"Title contains explicit replication indicator. (t_strong=1, a_strong=0)"
882,""" Verifying the Internal Validity of a Flagship RCT: A Review of Crépon, Devoto, Duflo and Parienté"": Rebutting the Rebuttal",2019,"F Bedecarrats, I Guérin, F Roubaud","F Bedecarrats, I Guérin, S Morvant-Roux, F Roubaud - 2019 - documentation.ird.fr",1,https://www.documentation.ird.fr/hor/fdi:010077613,True,low,"Weak evidence: strong signal competes with negative signal. (a_strong=1, a_neg=2)"
883,Can guided choices lead to preference change? Exploring the Implicit Choice Paradigm in a consumer choice context,2019,,M Michalitsi - 2019 - thesis.eur.nl,1,https://thesis.eur.nl/pub/47670/Michalitsi-M-469457-MA-thesis.pdf,False,high,No replication signals found in title or abstract.
884,"Semiparametric Value-At-Risk Estimation of Portfolios. A replication study of Dias (Journal of Banking & Finance, 2014)",2019,J Xu,"J Xu - … Journal for Re-Views in Empirical Economics (IREE), 2019 - econstor.eu",0,https://www.econstor.eu/handle/10419/206822,True,high,"Title contains explicit replication indicator. (t_strong=2, a_strong=3)"
885,Replication plan “The higher returns to formal education for entrepreneurs versus employees”,2019,"J Hessels, CA Rietveld, AR Thurik, P van der Zwan","J Hessels, CA Rietveld, AR Thurik, P van der Zwan - files.osf.io",0,https://files.osf.io/v1/resources/93xjp/providers/osfstorage/5d40067e3ce9350017eaf78e?pid=93xjp&direct&public_file=True&version=1&mode=render&action=download,True,high,"Title contains explicit replication indicator. (t_strong=1, a_strong=2)"
886,"Many Labs 5: Replication of Van Dijk, Van Kleef, Steinel, & Van Beest (2008). A social functional approach to emotions in bargaining",2019,"B Aczel, BE Bakos","L Skorb, B Aczel, BE Bakos, L Feinberg, E Hałasa… - 2019 - osf.io",0,https://osf.io/preprints/psyarxiv/6h7bk/,True,high,"Title contains explicit replication indicator. (t_strong=2, a_strong=0)"
887,The economic consequences of the Brexit vote,2019,I Lizarraga Álvarez,"I Lizarraga Álvarez, J Gardeazabal - 2019 - agris.fao.org",0,https://agris.fao.org/search/en/providers/124840/records/67570e2e562f3bb5bfe8af5a,True,high,Abstract has strong replication signal. (a_strong=1)
888,"Puff, Puff, Pass the Bible: An Empirical Replication Analysis of Religiosity and Attitudes towards Marijuana Legalization",2019,,JM Hernandez - 2019 - digital.library.txstate.edu,0,https://digital.library.txstate.edu/bitstream/handle/10877/8333/HERNANDEZ-THESIS-2019.pdf?sequence=1&isAllowed=y,True,medium,"Multiple moderate replication signals, no negatives. (a_mod=2)"
889,Replication package for “Automation and New Tasks: How Technology Changes Labor Demand”,2019,"D Acemoglu, P Restrepo","D Acemoglu, P Restrepo - econ.mathematik.uni-ulm.de",0,https://econ.mathematik.uni-ulm.de/ejd/readme_files/jep/2019/jep_33_2_1/readme.pdf,True,high,"Title contains explicit replication indicator. (t_strong=1, a_strong=0)"
890,Replication data for: Oil and Conflict: What Does the Cross Country Evidence Really Show?,2019,"AM Cotet, KK Tsui","AM Cotet, KK Tsui - ICPSR Bulletin, 2019 - shu.elsevierpure.com",0,https://shu.elsevierpure.com/en/publications/replication-data-for-oil-and-conflict-what-does-the-cross-country,True,high,"Title contains explicit replication indicator. (t_strong=1, a_strong=0)"
891,Replication Data for: The Superiority of Economists,2019,"M Fourcade, E Ollion, Y Algan","M Fourcade, E Ollion, Y Algan - 2019 - pure.mpg.de",0,https://pure.mpg.de/pubman/faces/ViewItemOverviewPage.jsp?itemId=item_3388268,True,high,"Title contains explicit replication indicator. (t_strong=1, a_strong=0)"
892,"Replication code and data for"" Can Tolling Help Everyone? Estimating the Aggregate and Distribution Consequences of Congestion Pricing""",2019,,JD Hall - 2019 - borealisdata.ca,0,https://borealisdata.ca/dataset.xhtml?persistentId=doi%3A10.5683%2FSP2%2FRZS1FL&version=&q=&fileAccess=&fileTag=&fileSortField=type&fileSortOrder=,True,high,"Title contains explicit replication indicator. (t_strong=1, a_strong=0)"
893,Replication data for: Violent Conflict and Behavior: A Field Experiment in Burundi,2019,"EEM Nillesen, P Verwimp, EH Bulte","MJ Voors, EEM Nillesen, P Verwimp, EH Bulte… - 2019 - edepot.wur.nl",0,https://edepot.wur.nl/551889,True,high,"Title contains explicit replication indicator. (t_strong=1, a_strong=0)"
894,Factors Encouraging and Deterring Illegal Computer Hacking: Replicating and Extending Young and Zhang's Treatise on Illegal Computer Hacking,2019,,K Crouse - 2019 - search.proquest.com,0,https://search.proquest.com/openview/b4a28f72ce105136df2f4c89813f9178/1?pq-origsite=gscholar&cbl=18750&diss=y,False,high,No replication signals found in title or abstract.
895,"A Replication of Golina,” An Examination of the Stock Market's Effect on Economic Inequality”",2019,,A Woodward - 2019 - researchgate.net,0,https://www.researchgate.net/profile/Alex-Woodward-2/publication/333728719_A_Replication_of_Golina_An_Examination_of_the_Stock_Market's_Effect_on_Economic_Inequality/links/5d010d21a6fdccd130965e7f/A-Replication-of-Golina-An-Examination-of-the-Stock-Markets-Effect-on-Economic-Inequality.pdf,True,high,"Title contains explicit replication indicator. (t_strong=2, a_strong=1)"
896,Replication data for: Asset Bubbles and Global Imbalances,2019,T Phan,"T Phan, D Ikeda - (No Title), 2019 - cir.nii.ac.jp",0,https://cir.nii.ac.jp/crid/1880583643196349952,True,high,"Title contains explicit replication indicator. (t_strong=1, a_strong=0)"
897,Replication Data for Intra-Cabinet Politics and Fiscal Governance in Times of Austerity,2019,S Jankin Mikhaylov,"A Herzog, S Jankin Mikhaylov - 2019 - tigerprints.clemson.edu",0,https://tigerprints.clemson.edu/all_data/1221/,True,high,"Title contains explicit replication indicator. (t_strong=1, a_strong=0)"
898,"Replication data for: Place-Based Policies, Creation, and Agglomeration Economies: Evidence from China's Economic Zone Program",2019,,"L Zhu, Y Lu, J Wang - (No Title), 2019 - cir.nii.ac.jp",0,https://cir.nii.ac.jp/crid/1881709543226930048,True,high,"Title contains explicit replication indicator. (t_strong=1, a_strong=0)"
899,Master's Degree in Economics and Finance,2019,,"O González, M Irisarri, S Iglesias, A Beristain… - repositori.upf.edu",0,https://repositori.upf.edu/bitstream/handle/10230/43325/2019_TFM_FIN_GonzalezQuantification.pdf?isAllowed=y&sequence=1,True,medium,"Multiple moderate replication signals, no negatives. (a_mod=2)"
900,PND86 REPLICATION OF A US CLAIMS BASED ALGORITHM TO IDENTIFY MULTIPLE SCLEROSIS DISEASE SEVERITY BASED ON HEALTHCARE COSTS,2019,,"J Toliver, K Rascati - Value in Health, 2019 - valueinhealthjournal.com",0,https://www.valueinhealthjournal.com/article/S1098-3015(19)31551-7/fulltext,True,high,"Title contains explicit replication indicator. (t_strong=1, a_strong=0)"
901,National Policy and Transnational Governance of Climate Change: Substitutes or Compliments? Replication analysis and extensions.,2019,,M Bennett - 2019 - researchgate.net,0,https://www.researchgate.net/profile/Monique-Bennett-4/publication/373895528_National_Policy_and_Transnational_Governance_of_Climate_Change_Substitutes_or_Compliments_Replication_analysis_and_extensions/links/6501dea0a2e39316ce083e76/National-Policy-and-Transnational-Governance-of-Climate-Change-Substitutes-or-Compliments-Replication-analysis-and-extensions.pdf,False,high,No replication signals found in title or abstract.
902,REPLICATING IMPULSE BUYING STRATEGIC MODEL ON TRADITIONAL MARKET FOR THE ECONOMIC DEVELOPMENT OF INDONESIA,2019,E Iryanti,"W Handayani, E Iryanti - Revista Turismo Estudos e Práticas-RTEP …, 2019 - geplat.com",0,http://geplat.com/rtep/index.php/tourism/article/view/225,True,high,"Title contains explicit replication indicator. (t_strong=1, a_strong=0)"
903,PUK30 COMPARING SOFTWARE FOR PATIENT-LEVEL SIMULATION: REPLICATING A MODEL OF HYPERPHOSPHATAEMIA IN CHRONIC KIDNEY DISEASE,2019,G Rogers,"H Nicholas, G Rogers - Value in Health, 2019 - valueinhealthjournal.com",0,https://www.valueinhealthjournal.com/article/S1098-3015(19)35092-2/fulltext,False,high,No replication signals found in title or abstract.
904,Replication Redux,2019,O Ozier,"O Ozier - Development Research, 2019 - openknowledge.worldbank.org",0,https://openknowledge.worldbank.org/bitstreams/4bfa45fe-35c6-56f1-bf39-204b5fa2f1cf/download,True,high,"Title contains explicit replication indicator. (t_strong=1, a_strong=0)"
905,Rate and success of study replication in,2019,,CD Kelly - osf.io,0,https://osf.io/mvw8p/download,True,low,"Weak evidence: strong signal competes with negative signal. (a_strong=2, a_neg=3)"
906,Data and replication supplement for double auction markets with snipers,2019,A Ratan,"P Brewer, A Ratan - Data in brief, 2019 - Elsevier",0,https://www.sciencedirect.com/science/article/pii/S2352340919310844,False,high,No replication signals found in title or abstract.
907,Replicating the CBOE VIX using a synthetic volatility index trading algorithm,2019,G Van Vuuren,"D Cary, G Van Vuuren - Cogent Economics & Finance, 2019 - Taylor & Francis",0,https://www.tandfonline.com/doi/abs/10.1080/23322039.2019.1641063,True,high,"Title contains explicit replication indicator. (t_strong=1, a_strong=0)"
908,Replicating anomalies,2020,"K Hou, C Xue, L Zhang","K Hou, C Xue, L Zhang - The Review of financial studies, 2020 - academic.oup.com",1513,https://academic.oup.com/rfs/article-pdf/doi/10.1093/rfs/hhy131/33710468/hhy131.pdf,True,high,"Title contains explicit replication indicator. (t_strong=1, a_strong=0)"
909,The welfare effects of social media,2020,"H Allcott, L Braghieri, S Eichmeyer","H Allcott, L Braghieri, S Eichmeyer… - American economic …, 2020 - aeaweb.org",1227,https://www.aeaweb.org/articles?id=10.1257%2Faer.20190658&utm_campaign=Johannes,False,high,No replication signals found in title or abstract.
910,Tourism and development in developing economies: A policy implication perspective,2020,"A Khan, A Lorenzo, ZU Babar","A Khan, S Bibi, A Lorenzo, J Lyu, ZU Babar - Sustainability, 2020 - mdpi.com",412,https://www.mdpi.com/2071-1050/12/4/1618,False,high,No replication signals found in title or abstract.
911,China's gilded age: The paradox of economic boom and vast corruption,2020,YY Ang,YY Ang - 2020 - books.google.com,338,https://books.google.com/books?hl=en&lr=&id=J13bDwAAQBAJ&oi=fnd&pg=PR7&dq=replication+economics&ots=H0Mf-wphFw&sig=9H-V1u11iUlKtkHDGOHHNzVCG1Y,False,high,No replication signals found in title or abstract.
912,Replicating patterns of prospect theory for decision under risk,2020,"K Ruggeri, G Bertoldo","K Ruggeri, S Alí, ML Berge, G Bertoldo… - Nature human …, 2020 - nature.com",336,https://www.nature.com/articles/s41562-020-0886-x,False,medium,"Title has replication but abstract discusses replication as a topic, not action. (a_neg=1)"
913,The evolution of work in the United States,2020,"E Atalay, P Phongthiengtham, S Sotelo","E Atalay, P Phongthiengtham, S Sotelo… - … : Applied Economics, 2020 - aeaweb.org",272,https://www.aeaweb.org/articles?id=10.1257/app.20190070,True,high,Abstract has strong replication signal. (a_strong=1)
914,The impact of renewable energy consumption to economic growth: a replication and extension of,2020,"E Dogan, D Taskin","E Dogan, B Altinoz, M Madaleno, D Taskin - Energy Economics, 2020 - Elsevier",243,https://www.sciencedirect.com/science/article/pii/S0140988320302061,True,high,"Title contains explicit replication indicator. (t_strong=2, a_strong=0)"
915,Adopt or innovate: Understanding technological responses to cap-and-trade,2020,R Calel,"R Calel - American Economic Journal: Economic Policy, 2020 - aeaweb.org",221,https://www.aeaweb.org/articles?id=10.1257/pol.20180135,False,high,No replication signals found in title or abstract.
916,Economic policy uncertainty spillovers in booms and busts,2020,"G Caggiano, E Castelnuovo","G Caggiano, E Castelnuovo… - … Bulletin of Economics …, 2020 - Wiley Online Library",210,https://onlinelibrary.wiley.com/doi/abs/10.1111/obes.12323,True,low,"One moderate signal; might be incidental use of ""replicate"". (a_mod=1)"
917,"The rise and fall of social democracy, 1918–2017",2020,"G Benedetto, S Hix, N Mastrorocco","G Benedetto, S Hix, N Mastrorocco - American Political Science …, 2020 - cambridge.org",202,https://www.cambridge.org/core/journals/american-political-science-review/article/rise-and-fall-of-social-democracy-19182017/4E96179FAF3D1C450072565C6B5DD103,True,low,"One moderate signal; might be incidental use of ""replicate"". (a_mod=1)"
918,Do immigrants assimilate more slowly today than in the past?,2020,"R Abramitzky, L Boustan, K Eriksson","R Abramitzky, L Boustan, K Eriksson - American Economic Review …, 2020 - aeaweb.org",201,https://www.aeaweb.org/articles?id=10.1257/aeri.20190079,True,medium,"Multiple moderate replication signals, no negatives. (a_mod=2)"
919,Patent citations reexamined,2020,"K Younge, A Marco","J Kuhn, K Younge, A Marco - The RAND Journal of Economics, 2020 - Wiley Online Library",197,https://onlinelibrary.wiley.com/doi/abs/10.1111/1756-2171.12307,True,medium,"Multiple moderate replication signals, no negatives. (a_mod=2)"
920,"Economic complexity, human capital and income inequality: a cross-country analysis",2020,TV Vu,"KK Lee, TV Vu - The Japanese Economic Review, 2020 - Springer",194,https://link.springer.com/article/10.1007/s42973-019-00026-7,True,high,Abstract has strong replication signal. (a_strong=1)
921,Estimating the gravity model when zero trade flows are frequent and economically determined,2020,"W Martin, CS Pham","W Martin, CS Pham - Applied Economics, 2020 - Taylor & Francis",191,https://www.tandfonline.com/doi/abs/10.1080/00036846.2019.1687838,False,high,No replication signals found in title or abstract.
922,Does spending money on others promote happiness?: A registered replication report.,2020,"LB Aknin, EW Dunn, J Proulx, I Lok","LB Aknin, EW Dunn, J Proulx, I Lok… - Journal of Personality …, 2020 - psycnet.apa.org",185,https://psycnet.apa.org/fulltext/2020-23349-001.html?_gl=1*c0asgv*_gcl_au*NTE1NDc3MTY5LjE3MzEzMzQ0MzM.*_ga*MTY0NDUwNTA3Ni4xNzMxMzM0NDM0*_ga_SZXLGDJGNB*MTczMTMzOTIzMy4zLjEuMTczMTM0MjA1Mi40OC4wLjA.,True,low,"One moderate signal; might be incidental use of ""replicate"". (a_mod=1)"
923,Non-durable consumption and housing net worth in the great recession: Evidence from easily accessible data,2020,"G Kaplan, K Mitman, GL Violante","G Kaplan, K Mitman, GL Violante - Journal of Public Economics, 2020 - Elsevier",185,https://www.sciencedirect.com/science/article/pii/S0047272720300402,False,high,No replication signals found in title or abstract.
924,All the single ladies: Job promotions and the durability of marriage,2020,"O Folke, J Rickne","O Folke, J Rickne - American Economic Journal: Applied Economics, 2020 - aeaweb.org",185,https://www.aeaweb.org/articles?id=10.1257/app.20180435,False,high,No replication signals found in title or abstract.
925,Using aggregated relational data to feasibly identify network structure without network data,2020,"E Breza, AG Chandrasekhar, TH McCormick","E Breza, AG Chandrasekhar, TH McCormick… - American Economic …, 2020 - aeaweb.org",173,https://www.aeaweb.org/articles?id=10.1257/aer.20170861,True,high,Abstract has multiple strong replication signals. (a_strong=2)
926,Value-based attention but not divisive normalization influences decisions with multiple alternatives,2020,S Gluth,"S Gluth, N Kern, M Kortmann, CL Vitali - Nature human behaviour, 2020 - nature.com",168,https://www.nature.com/articles/s41562-020-0822-0,True,high,Abstract has multiple strong replication signals. (a_strong=2)
927,Conservatives and liberals have similar physiological responses to threats,2020,"BN Bakker, G Schumacher, C Gothreau","BN Bakker, G Schumacher, C Gothreau… - Nature human …, 2020 - nature.com",167,https://www.nature.com/articles/s41562-020-0823-z,True,high,Abstract has strong replication signal. (a_strong=1)
928,Measuring “schmeduling”,2020,"A Rees-Jones, D Taubinsky","A Rees-Jones, D Taubinsky - The Review of Economic Studies, 2020 - academic.oup.com",167,https://academic.oup.com/restud/article-abstract/87/5/2399/5569886,True,medium,"Multiple moderate replication signals, no negatives. (a_mod=3)"
929,Should the randomistas (continue to) rule?,2020,,M Ravallion - 2020 - nber.org,167,https://www.nber.org/papers/w27554,False,high,No replication signals found in title or abstract.
930,Diffusion of being pivotal and immoral outcomes,2020,A Falk,"A Falk, T Neuber, N Szech - The Review of Economic Studies, 2020 - academic.oup.com",155,https://academic.oup.com/restud/article-abstract/87/5/2205/5715595,True,medium,"Multiple moderate replication signals, no negatives. (a_mod=3)"
931,Food attribution and economic cost estimates for meat-and poultry-related illnesses,2020,RL Scharff,"RL Scharff - Journal of food protection, 2020 - Elsevier",127,https://www.sciencedirect.com/science/article/pii/S0362028X22103248,True,high,Abstract has multiple strong replication signals. (a_strong=2)
932,A registered replication study on oxytocin and trust,2020,"CH Declerck, C Boone, B Vogt","CH Declerck, C Boone, L Pauwels, B Vogt… - Nature Human …, 2020 - nature.com",126,https://www.nature.com/articles/s41562-020-0878-x,True,high,"Title contains explicit replication indicator. (t_strong=1, a_strong=1)"
933,THE IMPACTS OF THE EU ETS ON NORWEGIAN PLANTS'ENVIRONMENTAL AND ECONOMIC PERFORMANCE,2020,"M Klemetsen, KE Rosendahl","M Klemetsen, KE Rosendahl… - … Change Economics, 2020 - World Scientific",124,https://www.worldscientific.com/doi/abs/10.1142/S2010007820500062,True,low,"One moderate signal; might be incidental use of ""replicate"". (a_mod=1)"
934,The effect of oil supply shocks on US economic activity: What have we learned?,2020,"AM Herrera, SK Rangaraju","AM Herrera, SK Rangaraju - Journal of Applied Econometrics, 2020 - Wiley Online Library",121,https://onlinelibrary.wiley.com/doi/abs/10.1002/jae.2735,False,high,No replication signals found in title or abstract.
935,Initial economic damage from the COVID-19 pandemic in the United States is more widespread across ages and geographies than initial mortality impacts,2020,"G Kocks, V Udalova","M Polyakova, G Kocks, V Udalova… - Proceedings of the …, 2020 - pnas.org",117,https://www.pnas.org/doi/abs/10.1073/pnas.2014279117,True,high,Abstract has strong replication signal. (a_strong=1)
936,Economic stress and marital relations,2020,RD Conger,"RD Conger, XJ Ge, FO Lorenz - Families in troubled times, 2020 - taylorfrancis.com",116,https://www.taylorfrancis.com/chapters/edit/10.4324/9781003058809-12/economic-stress-marital-relations-rand-conger-xiao-jia-ge-frederick-lorenz,False,high,No replication signals found in title or abstract.
937,Bureaucracy and growth,2020,"A Cornell, CH Knutsen","A Cornell, CH Knutsen… - Comparative Political …, 2020 - journals.sagepub.com",115,https://journals.sagepub.com/doi/abs/10.1177/0010414020912262,False,high,No replication signals found in title or abstract.
938,"Place, peers, and the teenage years: long-run neighborhood effects in Australia",2020,N Deutscher,"N Deutscher - American Economic Journal: Applied Economics, 2020 - aeaweb.org",111,https://www.aeaweb.org/articles?id=10.1257/app.20180329,False,high,No replication signals found in title or abstract.
939,Increasing small-and medium-enterprise contribution to local and regional economic growth by assessing the institutional environment,2020,N Wise,"LA Gamidullaeva, SM Vasin, N Wise - Journal of Small Business and …, 2020 - emerald.com",111,https://www.emerald.com/insight/content/doi/10.1108/JSBED-07-2019-0219/full/html,True,high,Abstract has strong replication signal. (a_strong=1)
940,The effects of recreational marijuana legalization and dispensing on opioid mortality,2020,"NW Chan, J Burkhardt","NW Chan, J Burkhardt, M Flyr - Economic Inquiry, 2020 - Wiley Online Library",104,https://onlinelibrary.wiley.com/doi/abs/10.1111/ecin.12819,False,medium,"Replication language appears incidental (method step, table/figure reproduction, own results)."
941,Australian policy uncertainty and corporate investment,2020,"CHA Le, Y Shan, S Taylor","X Chen, CHA Le, Y Shan, S Taylor - Pacific-Basin Finance Journal, 2020 - Elsevier",102,https://www.sciencedirect.com/science/article/pii/S0927538X20301256,True,high,Abstract has multiple strong replication signals. (a_strong=2)
942,Publication bias and the cross-section of stock returns,2020,"AY Chen, T Zimmermann","AY Chen, T Zimmermann - The Review of Asset Pricing Studies, 2020 - academic.oup.com",102,https://academic.oup.com/raps/article-abstract/10/2/249/5640503,True,low,"One moderate signal; might be incidental use of ""replicate"". (a_mod=1)"
943,Determinants of social entrepreneurial intentions in a developing country context,2020,"JM de Sousa-Filho, S Matos","JM de Sousa-Filho, S Matos, S da Silva Trajano… - Journal of Business …, 2020 - Elsevier",100,https://www.sciencedirect.com/science/article/pii/S2352673420300639,True,high,Abstract has strong replication signal. (a_strong=1)
944,A cautionary tale of evaluating identifying assumptions: did reality TV really cause a decline in teenage childbearing?,2020,"DA Jaeger, TJ Joyce, R Kaestner","DA Jaeger, TJ Joyce, R Kaestner - Journal of Business & Economic …, 2020 - Taylor & Francis",99,https://www.tandfonline.com/doi/abs/10.1080/07350015.2018.1497510,True,medium,"Multiple moderate replication signals, no negatives. (a_mod=2)"
945,Understanding persistence,2020,M Kelly,M Kelly - 2020 - researchrepository.ucd.ie,98,https://researchrepository.ucd.ie/handle/10197/11538,True,high,Abstract has strong replication signal. (a_strong=1)
946,The intuitive cooperation hypothesis revisited: a meta-analytic examination of effect size and between-study heterogeneity,2020,"A Kvarven, E Strømland, C Wollbrant","A Kvarven, E Strømland, C Wollbrant… - … of the Economic …, 2020 - cambridge.org",97,https://www.cambridge.org/core/journals/journal-of-the-economic-science-association/article/intuitive-cooperation-hypothesis-revisited-a-metaanalytic-examination-of-effect-size-and-betweenstudy-heterogeneity/57CC1046691089A03A7CA81E133540FC,True,high,Abstract has multiple strong replication signals. (a_strong=2)
947,Estimating the health and economic benefits of universal salt iodization programs to correct iodine deficiency disorders,2020,,"JL Gorstein, J Bagriansky, EN Pearce, R Kupka… - Thyroid, 2020 - liebertpub.com",94,https://www.liebertpub.com/doi/abs/10.1089/thy.2019.0719,False,high,No replication signals found in title or abstract.
948,"“Global warming” versus “climate change”: A replication on the association between political self-identification, question wording, and environmental beliefs",2020,"ARB Soutter, R Mõttus","ARB Soutter, R Mõttus - Journal of Environmental Psychology, 2020 - Elsevier",89,https://www.sciencedirect.com/science/article/pii/S0272494419307376,True,high,"Title contains explicit replication indicator. (t_strong=1, a_strong=1)"
949,What do we know about the impact of microfinance? The problems of statistical power and precision,2020,"M Dahal, N Fiala","M Dahal, N Fiala - World Development, 2020 - Elsevier",81,https://www.sciencedirect.com/science/article/pii/S0305750X1930422X,True,high,Abstract has multiple strong replication signals. (a_strong=2)
950,Associations of birth factors and socio-economic status with indicators of early emotional development and mental health in childhood: a population-based linkage …,2020,"M Guhn, SD Emerson","M Guhn, SD Emerson, D Mahdaviani… - Child Psychiatry & …, 2020 - Springer",81,https://link.springer.com/article/10.1007/s10578-019-00912-6,False,high,No replication signals found in title or abstract.
951,Retail in my pocket–replicating and extending the construct of service quality into the mobile commerce context,2020,,"C Kaatz - Journal of Retailing and Consumer Services, 2020 - Elsevier",80,https://www.sciencedirect.com/science/article/pii/S0969698919303005,False,high,No replication signals found in title or abstract.
952,Reported MPC and unobserved heterogeneity,2020,"T Jappelli, L Pistaferri","T Jappelli, L Pistaferri - American Economic Journal: Economic Policy, 2020 - aeaweb.org",78,https://www.aeaweb.org/articles?id=10.1257/pol.20180420,True,medium,"Multiple moderate replication signals, no negatives. (a_mod=2)"
953,Revisiting the Effects of Unemployment Insurance Extensions on Unemployment: A Measurement‑Error‑Corrected Regression Discontinuity Approach,2020,"S Dieterle, O Bartalotti, Q Brummet","S Dieterle, O Bartalotti, Q Brummet - … Economic Journal: Economic …, 2020 - aeaweb.org",73,https://www.aeaweb.org/articles?id=10.1257/pol.20160439,False,high,No replication signals found in title or abstract.
954,Academic achievement and economic attainment: Reexamining associations between test scores and long-run earnings,2020,TW Watts,"TW Watts - Aera Open, 2020 - journals.sagepub.com",73,https://journals.sagepub.com/doi/abs/10.1177/2332858420928985,False,high,No replication signals found in title or abstract.
955,"Positive economic, psychosocial, and physiological ecologies predict brain structure and cognitive performance in 9–10-year-old children",2020,"MR Gonzalez, CE Palmer, KA Uban","MR Gonzalez, CE Palmer, KA Uban… - Frontiers in human …, 2020 - frontiersin.org",69,https://www.frontiersin.org/articles/10.3389/fnhum.2020.578822/full,True,medium,"Multiple moderate replication signals, no negatives. (a_mod=2)"
956,Social-psychological determinants of farmer intention to adopt nutrient best management practices: Implications for resilient adaptation to climate change,2020,"EMB Doran, A Zia, SE Hurley, Y Tsai, C Koliba","EMB Doran, A Zia, SE Hurley, Y Tsai, C Koliba… - Journal of environmental …, 2020 - Elsevier",68,https://www.sciencedirect.com/science/article/pii/S0301479720312287,False,high,No replication signals found in title or abstract.
957,Strategically delusional,2020,"A Solda, C Ke, L Page, W Von Hippel","A Solda, C Ke, L Page, W Von Hippel - Experimental Economics, 2020 - Springer",66,https://link.springer.com/article/10.1007/s10683-019-09636-9,True,high,Abstract has multiple strong replication signals. (a_strong=2)
958,The impact of banning mobile phones in Swedish secondary schools,2020,B Tyrefors,"D Kessel, HL Hardardottir, B Tyrefors - Economics of Education Review, 2020 - Elsevier",66,https://www.sciencedirect.com/science/article/pii/S0272775719303966,False,high,No replication signals found in title or abstract.
959,Structural increases in demand for skill after the great recession,2020,"PQ Blair, DJ Deming","PQ Blair, DJ Deming - AEA Papers and Proceedings, 2020 - aeaweb.org",65,https://www.aeaweb.org/articles?id=10.1257/pandp.20201064,True,high,Abstract has multiple strong replication signals. (a_strong=2)
960,"Does the GATT/WTO promote trade? After all, Rose was right",2020,"S Esteve-Pérez, S Gil-Pareja","S Esteve-Pérez, S Gil-Pareja… - … of World Economics, 2020 - Springer",64,https://link.springer.com/article/10.1007/s10290-019-00367-w,False,medium,"Replication language appears incidental (method step, table/figure reproduction, own results)."
961,Public health interventions and economic growth: Revisiting the Spanish flu evidence,2020,"A Lilley, M Lilley, G Rinaldi","A Lilley, M Lilley, G Rinaldi - Available at SSRN 3590008, 2020 - papers.ssrn.com",64,https://papers.ssrn.com/sol3/papers.cfm?abstract_id=3590008,True,high,Abstract has strong replication signal. (a_strong=1)
962,Ethnic enclaves and immigrant outcomes: Norwegian immigrants during the Age of Mass Migration,2020,K Eriksson,"K Eriksson - European Review of Economic History, 2020 - academic.oup.com",62,https://academic.oup.com/ereh/article-abstract/24/3/427/5644300,True,medium,"Multiple moderate replication signals, no negatives. (a_mod=3)"
963,The stability of conditional cooperation: beliefs alone cannot explain the decline of cooperation in social dilemmas,2020,"M Ploner, AS Saral","L Andreozzi, M Ploner, AS Saral - Scientific reports, 2020 - nature.com",57,https://www.nature.com/articles/s41598-020-70681-z,True,low,"One moderate signal; might be incidental use of ""replicate"". (a_mod=1)"
964,A global decline in research productivity? Evidence from China and Germany,2020,"P Boeing, P Hünermund","P Boeing, P Hünermund - Economics Letters, 2020 - Elsevier",52,https://www.sciencedirect.com/science/article/pii/S0165176520304067,True,high,Abstract has strong replication signal. (a_strong=1)
965,Corporate governance analysts and firm value: Australian evidence,2020,"P Huang, Y Lu, M Wee","P Huang, Y Lu, M Wee - Pacific-Basin Finance Journal, 2020 - Elsevier",52,https://www.sciencedirect.com/science/article/pii/S0927538X20304315,False,high,No replication signals found in title or abstract.
966,Does policy uncertainty influence mergers and acquisitions activities in China? A replication study,2020,"J Borthwick, S Ali, X Pan","J Borthwick, S Ali, X Pan - Pacific-Basin Finance Journal, 2020 - Elsevier",51,https://www.sciencedirect.com/science/article/pii/S0927538X20300135,True,high,"Title contains explicit replication indicator. (t_strong=2, a_strong=2)"
967,Geographic dispersion of economic shocks: Evidence from the fracking revolution: Comment,2020,"AG James, B Smith","AG James, B Smith - American Economic Review, 2020 - aeaweb.org",50,https://www.aeaweb.org/articles?id=10.1257/aer.20180888,False,high,No replication signals found in title or abstract.
968,Foreign meddling and mass attitudes toward international economic engagement,2020,"SS Bush, L Prather","SS Bush, L Prather - International Organization, 2020 - cambridge.org",47,https://www.cambridge.org/core/journals/international-organization/article/foreign-meddling-and-mass-attitudes-toward-international-economic-engagement/E39DCE3CCD26BE3078AEB79498C47E2F,False,high,No replication signals found in title or abstract.
969,Economic exchange or gender identities? Housework division and wives' economic dependency in different contexts,2020,"H Mandel, A Lazarus","H Mandel, A Lazarus, M Shaby - European sociological review, 2020 - academic.oup.com",47,https://academic.oup.com/esr/article-abstract/36/6/831/5917255,True,low,"One moderate signal; might be incidental use of ""replicate"". (a_mod=1)"
970,The entitlement effect in the ultimatum game–does it even exist?,2020,"EE Demiral, J Mollerstrom","EE Demiral, J Mollerstrom - Journal of Economic Behavior & Organization, 2020 - Elsevier",47,https://www.sciencedirect.com/science/article/pii/S016726811830235X,True,high,Abstract has strong replication signal. (a_strong=1)
971,On the economic impacts of mortgage credit expansion policies: evidence from help to buy,2020,"F Carozzi, CAL Hilber, X Yu","F Carozzi, CAL Hilber, X Yu - 2020 - papers.ssrn.com",46,https://papers.ssrn.com/sol3/papers.cfm?abstract_id=3594250,True,medium,"Multiple moderate replication signals, no negatives. (a_mod=2)"
972,Evaluating the ability of economic models of diabetes to simulate new cardiovascular outcomes trials: a report on the ninth mount hood diabetes challenge,2020,"L Si, MS Willis, M Tew","L Si, MS Willis, C Asseburg, A Nilsson, M Tew… - Value in Health, 2020 - Elsevier",45,https://www.sciencedirect.com/science/article/pii/S1098301520321124,False,high,No replication signals found in title or abstract.
973,"Higher economic growth in poor countries, lower migration flows to the OECD: Revisiting the migration hump with panel data",2020,,"D Bencek, C Schneiderheinze - 2020 - econstor.eu",44,https://www.econstor.eu/handle/10419/231567,True,medium,"Multiple moderate replication signals, no negatives. (a_mod=2)"
974,Reviewing the oil price–GDP growth relationship: A replication study,2020,"L Charfeddine, T Klein, T Walther","L Charfeddine, T Klein, T Walther - Energy Economics, 2020 - Elsevier",43,https://www.sciencedirect.com/science/article/pii/S0140988320301262,True,high,"Title contains explicit replication indicator. (t_strong=2, a_strong=0)"
975,Institutional systems for equitable wealth creation: Replication and an update of Judge et al.(2014),2020,"S Fainshmidt, JL Brown","WQ Judge, S Fainshmidt, JL Brown - Management and Organization …, 2020 - cambridge.org",42,https://www.cambridge.org/core/journals/management-and-organization-review/article/institutional-systems-for-equitable-wealth-creation-replication-and-an-update-of-judge-et-al-2014/C7ED8F7DB5FAF9EA0B4B06269AA0B677,True,high,"Title contains explicit replication indicator. (t_strong=1, a_strong=0)"
976,"Evidence of general economic principles of bargaining and trade from 2,000 classroom experiments",2020,"PH Lin, AL Brown, T Imai, JT Wang, SW Wang","PH Lin, AL Brown, T Imai, JT Wang, SW Wang… - Nature Human …, 2020 - nature.com",41,https://www.nature.com/articles/s41562-020-0916-8,False,high,No replication signals found in title or abstract.
977,Trickle-down housing economics,2020,CG Nathanson,CG Nathanson - 2020 - bfi.uchicago.edu,40,https://bfi.uchicago.edu/wp-content/uploads/TrickleDownHousingEconomics.pdf,False,high,No replication signals found in title or abstract.
978,Narcissism in CEO research: a review and replication of the archival approach,2020,JR Van Scotter,"JR Van Scotter - Management Review Quarterly, 2020 - Springer",39,https://link.springer.com/article/10.1007/s11301-019-00178-1,True,high,"Title contains explicit replication indicator. (t_strong=1, a_strong=1)"
979,The desire for social status and economic conservatism among affluent Americans,2020,A Thal,"A Thal - American Political Science Review, 2020 - cambridge.org",38,https://www.cambridge.org/core/journals/american-political-science-review/article/desire-for-social-status-and-economic-conservatism-among-affluent-americans/8CEF13934A2241B4C22139296A596271,False,high,No replication signals found in title or abstract.
980,Folk standards of sound judgment: Rationality versus reasonableness,2020,I Grossmann,"I Grossmann, RP Eibach, J Koyama, QB Sahi - Science advances, 2020 - science.org",38,https://www.science.org/doi/abs/10.1126/sciadv.aaz0289,True,high,Abstract has multiple strong replication signals. (a_strong=2)
981,Economic expectations and satisfaction with democracy: Evidence from Italy,2020,"M Loveless, C Binelli","M Loveless, C Binelli - Government and Opposition, 2020 - cambridge.org",37,https://www.cambridge.org/core/journals/government-and-opposition/article/economic-expectations-and-satisfaction-with-democracy-evidence-from-italy/0D28A3A5412DB27D86582496F567F1AB,False,high,No replication signals found in title or abstract.
982,Getting a Lawyer While Black: A Field Experiment,2020,B Libgober,"B Libgober - Lewis & Clark L. Rev., 2020 - HeinOnline",36,https://heinonline.org/hol-cgi-bin/get_pdf.cgi?handle=hein.journals/lewclr24&section=5,True,low,"One moderate signal; might be incidental use of ""replicate"". (a_mod=1)"
983,Stationarity properties of per capita CO2 emissions in the OECD in the very long-run: a replication and extension analysis,2020,"SA Churchill, J Inekwe, K Ivanovski, R Smyth","SA Churchill, J Inekwe, K Ivanovski, R Smyth - Energy Economics, 2020 - Elsevier",35,https://www.sciencedirect.com/science/article/pii/S0140988320302085,True,high,"Title contains explicit replication indicator. (t_strong=2, a_strong=1)"
984,Attention‐deficit hyperactivity disorder symptoms and entrepreneurial orientation: A replication note,2020,"A Wismans, R Thurik, O Torrès","A Wismans, R Thurik, I Verheul, O Torrès… - Applied …, 2020 - Wiley Online Library",33,https://iaap-journals.onlinelibrary.wiley.com/doi/abs/10.1111/apps.12247,True,high,"Title contains explicit replication indicator. (t_strong=1, a_strong=0)"
985,Which prisoner reentry programs work? Replicating and extending analyses of three RCTs,2020,"JL Doleac, D Pritchard","JL Doleac, C Temple, D Pritchard, A Roberts - … of Law and Economics, 2020 - Elsevier",33,https://www.sciencedirect.com/science/article/pii/S014481881930290X,True,high,Abstract has strong replication signal. (a_strong=1)
986,Replication: Belief elicitation with quadratic and binarized scoring rules,2020,"N Erkal, L Gangadharan, BH Koh","N Erkal, L Gangadharan, BH Koh - Journal of Economic Psychology, 2020 - Elsevier",32,https://www.sciencedirect.com/science/article/pii/S0167487020300763,True,high,"Title contains explicit replication indicator. (t_strong=1, a_strong=0)"
987,A pecuniary explanation for the heterogeneous effects of unemployment on happiness,2020,,"J Luo - Journal of Happiness Studies, 2020 - Springer",32,https://link.springer.com/article/10.1007/s10902-019-00198-4,False,high,No replication signals found in title or abstract.
988,Impact of foreign direct investment on economic growth of China after economic reform,2020,"SC Majumder, MH Rahman","SC Majumder, MH Rahman - … , Business and Economics, 2020 - scientificia.com",32,http://scientificia.com/index.php/JEBE/article/view/140,False,high,No replication signals found in title or abstract.
989,When Coercive Economies Fail: The Political Economy of the US South After the Boll Weevil,2020,"JJ Feigenbaum, CB Smith","JJ Feigenbaum, S Mazumder, CB Smith - 2020 - nber.org",31,https://www.nber.org/papers/w27161,True,medium,"Multiple moderate replication signals, no negatives. (a_mod=2)"
990,"Democratic legacies: using democratic stock to assess norms, growth, and regime trajectories",2020,"AB Edgell, MC Wilson, VA Boese","AB Edgell, MC Wilson, VA Boese, S Grahn - V-Dem Working Paper, 2020 - papers.ssrn.com",30,https://papers.ssrn.com/sol3/papers.cfm?abstract_id=3595957,True,medium,"Multiple moderate replication signals, no negatives. (a_mod=3)"
991,Large-sample evidence of income inequality in resource-rich nations,2020,GA Davis,"GA Davis - Mineral Economics, 2020 - Springer",29,https://link.springer.com/article/10.1007/s13563-019-00207-1,False,high,No replication signals found in title or abstract.
992,"Revisiting the economics and terrorism nexus: collective deprivation, ideology and domestic radicalization in the US (1948–2016)",2020,S Varaine,"S Varaine - Journal of quantitative criminology, 2020 - Springer",29,https://link.springer.com/article/10.1007/s10940-019-09422-z,False,high,No replication signals found in title or abstract.
993,The heterogenous impact of taxation on FDI: A note on Djankov et al.(2010),2020,"L Rizzo, R Secomandi","A Esteller-More, L Rizzo, R Secomandi - Economics Letters, 2020 - Elsevier",27,https://www.sciencedirect.com/science/article/pii/S0165176519303891,True,high,Abstract has strong replication signal. (a_strong=1)
994,A Canadian replication of Telep and Lum's (2014) examination of police officers' receptivity to empirical research,2020,"C Bennell, L Huey, H Kalyal","B Blaskovits, C Bennell, L Huey, H Kalyal… - Policing and …, 2020 - Taylor & Francis",27,https://www.tandfonline.com/doi/shareview/10.1080/10439463.2018.1522315,True,high,"Title contains explicit replication indicator. (t_strong=1, a_strong=0)"
995,"Replication with MTurk of the experimental design by Gangadharan, Grossman, Jones & Leister (2018): Charitable giving across donor types",2020,L Gandullia,"L Gandullia, E Lezzi, P Parciasepe - Journal of Economic Psychology, 2020 - Elsevier",27,https://www.sciencedirect.com/science/article/pii/S0167487020300258,True,high,"Title contains explicit replication indicator. (t_strong=1, a_strong=0)"
996,The effects of collaboration on research performance of universities: An analysis by federal district and scientific fields in Russia,2020,"L Aldieri, MN Kotsemir, CP Vinci","L Aldieri, MN Kotsemir, CP Vinci - Journal of the Knowledge Economy, 2020 - Springer",26,https://link.springer.com/article/10.1007/s13132-018-0570-9,False,high,No replication signals found in title or abstract.
997,Does labor supply respond to transitory income? Evidence from the economic stimulus payments of 2008,2020,D Powell,"D Powell - Journal of Labor Economics, 2020 - journals.uchicago.edu",25,https://www.journals.uchicago.edu/doi/abs/10.1086/704494,True,medium,"Multiple moderate replication signals, no negatives. (a_mod=3)"
998,Economic development and the motherhood wage penalty,2020,M Marks,"JM Agüero, M Marks, N Raykar - 2020 - media.economics.uconn.edu",25,https://media.economics.uconn.edu/working/2020-06.pdf,True,high,Abstract has strong replication signal. (a_strong=1)
999,Changes in students' understanding of and visual attention on digitally represented graphs across two domains in higher education: A postreplication study,2020,,"S Brückner, O Zlatkin-Troitschanskaia… - Frontiers in …, 2020 - frontiersin.org",25,https://www.frontiersin.org/articles/10.3389/fpsyg.2020.02090/full,True,high,Abstract has strong replication signal. (a_strong=1)
1000,An estimation of the economic costs of social-distancing policies,2020,"A Strong, JW Welburn","A Strong, JW Welburn - 2020 - rand.org",25,https://www.rand.org/content/dam/rand/pubs/research_reports/RRA100/RRA173-1/RAND_RRA173-1.pdf,True,medium,"Multiple moderate replication signals, no negatives. (a_mod=2)"
1001,"Replication: Cheating, loss aversion, and moral attitudes in Vietnam",2020,TLD Huynh,"TLD Huynh - Journal of Economic Psychology, 2020 - Elsevier",25,https://www.sciencedirect.com/science/article/pii/S0167487020300349,True,high,"Title contains explicit replication indicator. (t_strong=1, a_strong=0)"
1002,Global spread and socio-economic determinants of Covid-19 pandemic,2020,L Singh,"V Jain, L Singh - Seoul journal of economics, 2020 - papers.ssrn.com",25,https://papers.ssrn.com/sol3/papers.cfm?abstract_id=3748209,False,high,No replication signals found in title or abstract.
1003,Services in international business studies: A replication and extension of Merchant and Gaur (2008),2020,PDØ Jensen,"DH Blagoeva, PDØ Jensen, H Merchant - Management International …, 2020 - Springer",24,https://link.springer.com/article/10.1007/s11575-020-00417-8,True,high,"Title contains explicit replication indicator. (t_strong=2, a_strong=2)"
1004,"Automatic time series modeling and forecasting: A replication case study of forecasting real GDP, the unemployment rate and the impact of leading economic …",2020,"D Thomakos, F Kyriazi","J Guerard, D Thomakos, F Kyriazi - Cogent Economics & Finance, 2020 - Taylor & Francis",24,https://www.tandfonline.com/doi/abs/10.1080/23322039.2020.1759483,True,high,"Title contains explicit replication indicator. (t_strong=1, a_strong=1)"
1005,A new mechanism to alleviate the crises of confidence in science-with an application to the public goods game,2020,"L Butera, PJ Grossman, D Houser, JA List, MC Villeval","L Butera, PJ Grossman, D Houser, JA List, MC Villeval - 2020 - nber.org",24,https://www.nber.org/papers/w26801,False,high,No replication signals found in title or abstract.
1006,Behavioral drivers or economic incentives? Toward a better understanding of elicitation effects in stated preference studies,2020,"CA Vossler, E Zawojska","CA Vossler, E Zawojska - … and Resource Economists, 2020 - journals.uchicago.edu",24,https://www.journals.uchicago.edu/doi/abs/10.1086/706645,True,high,Abstract has strong replication signal. (a_strong=1)
1007,How to increase citizen coproduction: Replication and extension of existing research,2020,"SC Andersen, HS Nielsen","SC Andersen, HS Nielsen… - International Public …, 2020 - Taylor & Francis",24,https://www.tandfonline.com/doi/abs/10.1080/10967494.2018.1518851,True,high,"Title contains explicit replication indicator. (t_strong=2, a_strong=0)"
1008,Economic modeling for the US of the cost-efficiency and associated expanded treatment access of conversion to biosimilar pegfilgrastim-bmez from reference …,2020,W Wang,"A McBride, W Wang, K Campbell, S Balu… - … of Medical Economics, 2020 - Taylor & Francis",24,https://www.tandfonline.com/doi/abs/10.1080/13696998.2020.1760284,False,high,No replication signals found in title or abstract.
1009,Incentives for dishonesty: An experimental study with internal auditors,2020,"L Balafoutas, M Eulerich","L Balafoutas, S Czermak, M Eulerich… - Economic …, 2020 - Wiley Online Library",23,https://onlinelibrary.wiley.com/doi/abs/10.1111/ecin.12878,True,low,"One moderate signal; might be incidental use of ""replicate"". (a_mod=1)"
1010,How different cost behaviour is in emerging economies? Evidence from Argentina,2020,,"MI Stimolo, M Porporato - Journal of Accounting in Emerging …, 2020 - emerald.com",23,https://www.emerald.com/insight/content/doi/10.1108/jaee-05-2018-0050/full/html,False,high,No replication signals found in title or abstract.
1011,The role of motivation and volition in economic decisions: Evidence from eye movements and pupillometry,2020,"J Ludwig, A Achtziger","J Ludwig, A Jaudas, A Achtziger - Journal of Behavioral …, 2020 - Wiley Online Library",22,https://onlinelibrary.wiley.com/doi/abs/10.1002/bdm.2152,True,low,"One moderate signal; might be incidental use of ""replicate"". (a_mod=1)"
1012,Is a fine still a price? Replication as robustness in empirical legal studies,2020,"EA Satterthwaite, JS Dillbary","C Metcalf, EA Satterthwaite, JS Dillbary… - … of Law and Economics, 2020 - Elsevier",22,https://www.sciencedirect.com/science/article/pii/S0144818819302741,True,high,Abstract has multiple strong replication signals. (a_strong=2)
1013,Did mutual fund return persistence persist?,2020,"JJ Choi, K Zhao","JJ Choi, K Zhao - 2020 - nber.org",21,https://www.nber.org/papers/w26707,True,high,Abstract has multiple strong replication signals. (a_strong=4)
1014,Effects of life expectancy on economic growth: new results using the flexible Box–Cox power transformation model,2020,"AA Okunade, AR Osmani","AA Okunade, AR Osmani - Applied Economics Letters, 2020 - Taylor & Francis",21,https://www.tandfonline.com/doi/abs/10.1080/13504851.2020.1713976,True,low,"One moderate signal; might be incidental use of ""replicate"". (a_mod=1)"
1015,Do tournaments with superstars encourage or discourage competition?,2020,SJ Goerg,"M Babington, SJ Goerg… - … of Sports Economics, 2020 - journals.sagepub.com",21,https://journals.sagepub.com/doi/abs/10.1177/1527002519859405,True,high,Abstract has strong replication signal. (a_strong=1)
1016,Extension of the Fama and French model: A study of the largest European financial institutions,2020,"F Jareño, M de la O González","F Jareño, M de la O González, AM Escolástico - International Economics, 2020 - Elsevier",21,https://www.sciencedirect.com/science/article/pii/S2110701720302651,False,high,No replication signals found in title or abstract.
1017,Revisiting the monday effect: a replication study for the German stock market,2020,"M Charifzadeh, TA Herberger","S Miss, M Charifzadeh, TA Herberger - Management review quarterly, 2020 - Springer",20,https://link.springer.com/article/10.1007/s11301-019-00167-4,True,high,"Title contains explicit replication indicator. (t_strong=2, a_strong=1)"
1018,The effects of graduating from college during a recession on living standards,2020,"D Kawaguchi, A Kondo","D Kawaguchi, A Kondo - Economic Inquiry, 2020 - Wiley Online Library",20,https://onlinelibrary.wiley.com/doi/abs/10.1111/ecin.12835,True,high,Abstract has strong replication signal. (a_strong=1)
1019,"Complex situations: Economic insecurity, mental health, and substance use among pregnant women who consider–but do not have–abortions",2020,"NF Berglas, K Kimport","SCM Roberts, NF Berglas, K Kimport - PloS one, 2020 - journals.plos.org",20,https://journals.plos.org/plosone/article?id=10.1371/journal.pone.0226004,False,high,No replication signals found in title or abstract.
1020,Effects of rural electrification on employment: A comment on Dinkelman (2011),2020,"G Bensch, J Peters","G Bensch, G Gotz, J Peters - 2020 - econstor.eu",19,https://www.econstor.eu/handle/10419/214184,True,high,Abstract has multiple strong replication signals. (a_strong=2)
1021,Motivational crowding out effects in charitable giving: Experimental evidence,2020,"S Müller, HA Rau","S Müller, HA Rau - Journal of Economic Psychology, 2020 - Elsevier",19,https://www.sciencedirect.com/science/article/pii/S0167487018300667,True,high,Abstract has multiple strong replication signals. (a_strong=2)
1022,"The effect of education, income inequality and merit on inequality acceptance",2020,"A Barr, L Miller","A Barr, L Miller - Journal of Economic Psychology, 2020 - Elsevier",19,https://www.sciencedirect.com/science/article/pii/S0167487020300337,False,high,No replication signals found in title or abstract.
1023,Purchasing power: US overseas defense spending and military statecraft,2020,"B Blankenship, R Miles Joyce","B Blankenship, R Miles Joyce - Journal of Conflict Resolution, 2020 - journals.sagepub.com",19,https://journals.sagepub.com/doi/abs/10.1177/0022002719854786,True,medium,"Multiple moderate replication signals, no negatives. (a_mod=3)"
1024,Information credibility and responses to corruption: a replication and extension in Argentina,2020,"MS Winters, R Weitz-Shapiro","MS Winters, R Weitz-Shapiro - Political Science Research and …, 2020 - cambridge.org",18,https://www.cambridge.org/core/journals/political-science-research-and-methods/article/information-credibility-and-responses-to-corruption-a-replication-and-extension-in-argentina/6420C949AE8F4DF6AA4DB5BE47C65659,True,high,"Title contains explicit replication indicator. (t_strong=2, a_strong=1)"
1025,Distraction effects on stock return co-movements: Confirmation from the Shenzhen and Shanghai stock markets,2020,"A Haghighi, B Oliver","K Zhaunerchyk, A Haghighi, B Oliver - Pacific-Basin Finance Journal, 2020 - Elsevier",18,https://www.sciencedirect.com/science/article/pii/S0927538X19305815,False,high,No replication signals found in title or abstract.
1026,Do coaches in the national basketball association actually display racial bias? A replication and extension,2020,"G Ertug, M Maoret","G Ertug, M Maoret - Academy of Management Discoveries, 2020 - journals.aom.org",18,https://journals.aom.org/doi/abs/10.5465/amd.2018.0091,True,high,"Title contains explicit replication indicator. (t_strong=2, a_strong=0)"
1027,Copyright and economic viability: Evidence from the music industry,2020,"K García, J Hicks, J McCrary","K García, J Hicks, J McCrary - Journal of Empirical Legal …, 2020 - Wiley Online Library",18,https://onlinelibrary.wiley.com/doi/abs/10.1111/jels.12267,True,medium,"Multiple moderate replication signals, no negatives. (a_mod=2)"
1028,Altruism and information,2020,"P Brañas-Garza, M Bucheli, MP Espinosa","P Brañas-Garza, M Bucheli, MP Espinosa - Journal of Economic …, 2020 - Elsevier",18,https://www.sciencedirect.com/science/article/pii/S016748702030091X,False,high,No replication signals found in title or abstract.
1029,"The world economy, political control, and presidential success",2020,"RE Carlin, T Hellwig","RE Carlin, T Hellwig - The Journal of Politics, 2020 - journals.uchicago.edu",18,https://www.journals.uchicago.edu/doi/abs/10.1086/706108,False,high,No replication signals found in title or abstract.
1030,Economic segregation and unequal policy responsiveness,2020,"P Flavin, WW Franko","P Flavin, WW Franko - Political Behavior, 2020 - Springer",18,https://link.springer.com/article/10.1007/s11109-018-09522-9,False,high,No replication signals found in title or abstract.
1031,The mechanisms of direct and indirect rule: Colonialism and economic development in Africa,2020,"NW Letsa, M Wilfahrt","NW Letsa, M Wilfahrt - Quarterly Journal of Political Science, 2020 - escholarship.org",17,https://escholarship.org/content/qt5xn5n555/qt5xn5n555.pdf,True,medium,"Multiple moderate replication signals, no negatives. (a_mod=2)"
1032,"Bowling with Trump: Economic anxiety, racial identification, and well-being in the 2016 presidential election",2020,"M Fabian, R Breunig, JE De Neve","M Fabian, R Breunig, JE De Neve - 2020 - econstor.eu",17,https://www.econstor.eu/handle/10419/216334,True,high,Abstract has strong replication signal. (a_strong=1)
1033,Crude oil trade and current account deficits: Replication and extension,2020,A Musau,"A Musau, S Veka - Empirical economics, 2020 - Springer",16,https://link.springer.com/article/10.1007/s00181-018-1522-8,True,high,"Title contains explicit replication indicator. (t_strong=2, a_strong=0)"
1034,The earned income tax credit and infant health revisited,2020,"D Dench, T Joyce","D Dench, T Joyce - Health economics, 2020 - Wiley Online Library",16,https://onlinelibrary.wiley.com/doi/abs/10.1002/hec.3972,True,low,"One moderate signal; might be incidental use of ""replicate"". (a_mod=1)"
1035,TRENDS: economic interests cause elected officials to liberalize their racial attitudes,2020,"CR Grose, JC Peterson","CR Grose, JC Peterson - Political Research Quarterly, 2020 - journals.sagepub.com",15,https://journals.sagepub.com/doi/abs/10.1177/1065912919899725,False,high,No replication signals found in title or abstract.
1036,"Unfolding the relationship between mortality, economic fluctuations, and health in Italy",2020,M Cavicchioli,"M Cavicchioli, B Pistoresi - The European Journal of Health Economics, 2020 - Springer",15,https://link.springer.com/article/10.1007/s10198-019-01135-1,True,high,Abstract has multiple strong replication signals. (a_strong=2)
1037,Socio-economic decline and death: The life-cycle impacts of recessions for labor market entrants,2020,"H Schwandt, TM Von Wachter","H Schwandt, TM Von Wachter - 2020 - nber.org",15,https://www.nber.org/papers/w26638,True,medium,"Multiple moderate replication signals, no negatives. (a_mod=2)"
1038,Assessing the impact of health care expenditures on mortality using cross-country data,2020,"R Nakamura, F Bokhari","R Nakamura, J Lomas, K Claxton, F Bokhari… - … Health Economics …, 2020 - World Scientific",15,https://www.worldscientific.com/doi/pdf/10.1142/11045?fbclid=IwZXh0bgNhZW0CMTAAAR3YYb4y4lVjje0Mn82kHCOTaWq0iPzltwhpVhT0UBVL_6KMrhshr6kwYBU_aem_AdPOxjOG08xf63rmfdk3fxnM0o1HOwplAI0dEK22tuvyyQI1gmX5P-FAEoSSGvtbM79lCVfDU3eCmJ-SXvj07Lme#page=32,False,high,No replication signals found in title or abstract.
1039,"Cognitive decision-making algorithms, real-time sensor networks, and Internet of Things smart devices in cyber-physical manufacturing systems",2020,,"A Smith - Economics, Management, and Financial Markets, 2020 - ceeol.com",15,https://www.ceeol.com/search/article-detail?id=895605,False,high,No replication signals found in title or abstract.
1040,Do sex hormones at birth predict later-life economic preferences? Evidence from a pregnancy birth cohort study,2020,"B Van Leeuwen, P Smeets, J Bovet","B Van Leeuwen, P Smeets, J Bovet… - … of the Royal …, 2020 - royalsocietypublishing.org",14,https://royalsocietypublishing.org/doi/abs/10.1098/rspb.2020.1756,True,medium,"Multiple moderate replication signals, no negatives. (a_mod=2)"
1041,Long-run expectations in a learning-to-forecast experiment: a simulation approach,2020,"A Colasante, S Alfarano, E Camacho-Cuena","A Colasante, S Alfarano, E Camacho-Cuena… - … Evolutionary Economics, 2020 - Springer",14,https://link.springer.com/article/10.1007/s00191-018-0585-1,False,high,No replication signals found in title or abstract.
1042,Oil price and the economic activity in GCC countries: Evidence from quantile regression,2020,O Ben-Salha,"M Zmami, O Ben-Salha - … . Quarterly Journal of Economics and Economic …, 2020 - ceeol.com",14,https://www.ceeol.com/search/article-detail?id=975451,False,high,No replication signals found in title or abstract.
1043,Geographic dispersion of economic shocks: Evidence from the fracking revolution: Reply,2020,"J Feyrer, E Mansur, B Sacerdote","J Feyrer, E Mansur, B Sacerdote - American Economic Review, 2020 - aeaweb.org",13,https://www.aeaweb.org/articles?id=10.1257/aer.20190448,True,medium,"Multiple moderate replication signals, no negatives. (a_mod=2)"
1044,Estimating effects of affirmative action in policing: A replication and extension,2020,"M Garner, A Harvey","M Garner, A Harvey, H Johnson - … Review of Law and Economics, 2020 - Elsevier",13,https://www.sciencedirect.com/science/article/pii/S0144818819302686,True,high,"Title contains explicit replication indicator. (t_strong=2, a_strong=0)"
1045,Tax effort in Sub-Saharan African countries: evidence from a new dataset,2020,"AA Dama, A Compaoré","E Caldeira, AA Dama, A Compaoré, M Mansour… - 2020 - uca.hal.science",13,https://uca.hal.science/hal-02543162/,True,high,Abstract has strong replication signal. (a_strong=1)
1046,"Aging, proximity to death, and religiosity",2020,U Sunde,"M Lechler, U Sunde - Population and Development Review, 2020 - Wiley Online Library",13,https://onlinelibrary.wiley.com/doi/abs/10.1111/padr.12358,True,low,"One moderate signal; might be incidental use of ""replicate"". (a_mod=1)"
1047,The impact of building energy codes on household electricity expenditures,2020,MJ Holian,"MJ Holian - Economics Letters, 2020 - Elsevier",13,https://www.sciencedirect.com/science/article/pii/S0165176519304264,True,high,Abstract has strong replication signal. (a_strong=1)
1048,"Public debt, interest rates, and negative shocks",2020,RW Evans,"RW Evans - AEA Papers and Proceedings, 2020 - aeaweb.org",12,https://www.aeaweb.org/articles?id=10.1257/pandp.20201101,True,high,Abstract has strong replication signal. (a_strong=1)
1049,Forward premia in electricity markets: A replication study,2020,S Van Koten,"S Van Koten - Energy Economics, 2020 - Elsevier",12,https://www.sciencedirect.com/science/article/pii/S0140988320301523,True,high,"Title contains explicit replication indicator. (t_strong=2, a_strong=2)"
1050,A machine learning approach to analyzing corruption in local public finances,2020,"S Galletta, T Giommoni","E Ash, S Galletta, T Giommoni - … for Law & Economics …, 2020 - research-collection.ethz.ch",12,https://www.research-collection.ethz.ch/bitstream/handle/20.500.11850/414608/1/CLE_WP_2020_06.pdf,False,high,No replication signals found in title or abstract.
1051,Model simplification and variable selection: A Replication of the UK inflation model by Hendry (2001),2020,"M Błażejowski, P Kufel","M Błażejowski, P Kufel… - Journal of Applied …, 2020 - Wiley Online Library",11,https://onlinelibrary.wiley.com/doi/abs/10.1002/jae.2760,True,high,"Title contains explicit replication indicator. (t_strong=2, a_strong=2)"
1052,"Impact of web design, assurance, customer service and brand image on intention to adopt internet banking and customer loyalty at Bank Central Asia (BCA)",2020,TYR Syah,"R Prasetia, TYR Syah - International Journal of Economics …, 2020 - jurnal.stie-aas.ac.id",11,http://www.jurnal.stie-aas.ac.id/index.php/IJEBAR/article/view/952,True,high,Abstract has multiple strong replication signals. (a_strong=2)
1053,Forecasting volatility in the petroleum futures markets: A re-examination and extension,2020,"AS Hasanov, MS Shaiban","AS Hasanov, MS Shaiban, A Al-Freedi - Energy Economics, 2020 - Elsevier",11,https://www.sciencedirect.com/science/article/pii/S0140988319304232,False,high,No replication signals found in title or abstract.
1054,Another look at 'bank competition and financial stability: Much ado about nothing'?,2020,"S Bandaranayake, KK Das","S Bandaranayake, KK Das… - Journal of Economic …, 2020 - Wiley Online Library",11,https://onlinelibrary.wiley.com/doi/abs/10.1111/joes.12352,False,high,No replication signals found in title or abstract.
1055,"Revisiting the decoy effect: replication and extension of Ariely and Wallsten (1995) and Connolly, Reb, and Kausel (2013)‎",2020,"Q Xiao, G Feldman","Q Xiao, S Zeng, G Feldman - Comprehensive Results in Social …, 2020 - Taylor & Francis",10,https://www.tandfonline.com/doi/abs/10.1080/23743603.2021.1878340,True,high,"Title contains explicit replication indicator. (t_strong=2, a_strong=3)"
1056,The size of the digital economy in Finland and its impact on taxation,2020,"O Kässi, M Pajarinen, T Valkonen","J Ali-Yrkkö, H Koski, O Kässi, M Pajarinen, T Valkonen… - 2020 - econstor.eu",10,https://www.econstor.eu/handle/10419/251074,False,high,No replication signals found in title or abstract.
1057,Reconsidering rational expectations and the aggregation of diverse information in laboratory security markets,2020,"B Corgnet, C Deck, M DeSantis","B Corgnet, C Deck, M DeSantis, K Hampton… - 2020 - digitalcommons.chapman.edu",10,https://digitalcommons.chapman.edu/esi_working_papers/296/,False,high,No replication signals found in title or abstract.
1058,Replication: Do women shy away from competition? Experimental evidence from China,2020,"F Carlsson, E Lampi, P Martinsson","F Carlsson, E Lampi, P Martinsson, X Yang - Journal of Economic …, 2020 - Elsevier",10,https://www.sciencedirect.com/science/article/pii/S0167487020300738,True,high,"Title contains explicit replication indicator. (t_strong=1, a_strong=0)"
1059,Early health economic modelling for a treatment candidate in hidradenitis suppurativa,2020,"D Willems, SMAA Evers","D Willems, M Charokopou, SMAA Evers… - … of Medical Economics, 2020 - Taylor & Francis",10,https://www.tandfonline.com/doi/abs/10.1080/13696998.2020.1840181,False,high,No replication signals found in title or abstract.
1060,Forecasting with sktime: Designing sktime's new forecasting api and applying it to replicate and extend the m4 study,2020,"M Löning, F Király","M Löning, F Király - arXiv preprint arXiv:2005.08067, 2020 - arxiv.org",9,https://arxiv.org/abs/2005.08067,False,high,No replication signals found in title or abstract.
1061,The impacts of alcohol taxes: A replication review,2020,D Roodman,"D Roodman - arXiv preprint arXiv:2007.10270, 2020 - arxiv.org",9,https://arxiv.org/abs/2007.10270,True,high,"Title contains explicit replication indicator. (t_strong=1, a_strong=1)"
1062,Living wages across the Pacific Rim: A localised replication study from China,2020,SC Carr,"Y Hu, SC Carr - Journal of Pacific Rim Psychology, 2020 - journals.sagepub.com",9,https://journals.sagepub.com/doi/abs/10.1017/prp.2020.11,True,high,"Title contains explicit replication indicator. (t_strong=1, a_strong=1)"
1063,The effect of COVID-19 on Amazon Mturk,2020,"JY Lee, E Hoffman","JY Lee, E Hoffman - Available at SSRN 3712660, 2020 - papers.ssrn.com",9,https://papers.ssrn.com/sol3/papers.cfm?abstract_id=3712660,True,high,Abstract has multiple strong replication signals. (a_strong=2)
1064,Доверие и экономический рост: есть ли связь?,2020,"ВА Брызгалин, ИА Левина","ЕИ Борисова, ВА Брызгалин, ИА Левина - Вопросы экономики, 2020 - elibrary.ru",9,https://elibrary.ru/item.asp?id=44061368,False,high,No replication signals found in title or abstract.
1065,The impact of rent from unequal exchange on Shaikh's classical-Keynesian political economic analysis: the example of Facebook,2020,,"R Baiman - Review of Radical Political Economics, 2020 - journals.sagepub.com",8,https://journals.sagepub.com/doi/abs/10.1177/0486613419883747,False,high,No replication signals found in title or abstract.
1066,Evaluation of bankruptcy prevention tools: evidences from COSME programme,2020,L Cultrera,"L Cultrera - Economics Bulletin, 2020 - accessecon.com",8,http://www.accessecon.com/Pubs/EB/2020/Volume40/EB-20-V40-I2-P83.pdf,True,medium,"Multiple moderate replication signals, no negatives. (a_mod=2)"
1067,Economic cooperation in the Greater Mekong sub-region,2020,"KT Vu, HN Luu","BH Le, DQ Nguyen, KT Vu, HN Luu… - Journal of Economic …, 2020 - JSTOR",8,https://www.jstor.org/stable/26917203,True,low,"One moderate signal; might be incidental use of ""replicate"". (a_mod=1)"
1068,"Fetal iodine deficiency and schooling: a replication of Field, Robles, and Torero (2009)",2020,"N Bengtsson, F Sävje","N Bengtsson, F Sävje… - … Journal of Economics, 2020 - Wiley Online Library",7,https://onlinelibrary.wiley.com/doi/abs/10.1111/sjoe.12341,True,high,"Title contains explicit replication indicator. (t_strong=2, a_strong=2)"
1069,Preventing HIV and HSV-2 through knowledge and attitudes: A replication study of a multi-component community-based intervention in Zimbabwe,2020,"F Yu, DS Bagenda","F Yu, NA Hein, DS Bagenda - PloS one, 2020 - journals.plos.org",7,https://journals.plos.org/plosone/article?id=10.1371/journal.pone.0226237,True,high,"Title contains explicit replication indicator. (t_strong=2, a_strong=3)"
1070,Replicating the literature on meritocratic promotion in China,2020,,"M Wiebe - School of Economics, University of British-Columbia …, 2020 - michaelwiebe.com",7,https://michaelwiebe.com/assets/ch2.pdf,True,high,"Title contains explicit replication indicator. (t_strong=1, a_strong=0)"
1071,Comparative Effects of Foreign Direct Investment from China and Other Sources on Africa's Economic Growth,2020,"M Ngundu, N Ngepah","M Ngundu, N Ngepah - … : The Journal of Applied Economic …, 2020 - journals.sagepub.com",7,https://journals.sagepub.com/doi/abs/10.1177/0973801020953399,True,medium,"Multiple moderate replication signals, no negatives. (a_mod=2)"
1072,Reassessment of classic case studies in labor economics with new instrument-free methods,2020,"JF Kiviet, S Kripfganz","JF Kiviet, S Kripfganz - Unpublished manuscript, 2020 - kripfganz.de",7,http://www.kripfganz.de/research/Kiviet_Kripfganz_labor.pdf,True,high,Abstract has strong replication signal. (a_strong=1)
1073,"The greater the economic inequality, the later people have children: the association between economic inequality and reproductive timing",2020,L Cheng,"L Cheng, X Zhou, F Wang, M Hao - Scandinavian Journal of …, 2020 - Wiley Online Library",7,https://onlinelibrary.wiley.com/doi/abs/10.1111/sjop.12612,False,high,No replication signals found in title or abstract.
1074,"Industrial artificial intelligence, internet of things smart devices, and big data-driven decision-making in digital-twin-based cyber-physical production systems",2020,,"R Breillat - Economics, Management, and Financial Markets, 2020 - ceeol.com",7,https://www.ceeol.com/search/article-detail?id=845236,False,high,No replication signals found in title or abstract.
1075,"Sensing, smart, and sustainable technologies in big data-driven manufacturing",2020,,"G Clarke - … of Self-Governance and Management Economics, 2020 - ceeol.com",7,https://www.ceeol.com/search/article-detail?id=895940,False,high,No replication signals found in title or abstract.
1076,How common are false positives in laboratory economics experiments? Evidence from the p-curve method,2020,"K Zemlianova, CF Camerer","T Imai, K Zemlianova, N Kotecha, CF Camerer - 2020 - taisukeimai.com",7,https://taisukeimai.com/api/resources/p-curve.pdf,False,high,"Abstract discusses replication as topic/concept, not as paper's primary action. (a_neg=2)"
1077,"A replication of “A quasi-maximum likelihood approach for large, approximate dynamic factor models”(Review of Economics and Statistics, 2012)",2020,"R Lucchetti, IA Venetis","R Lucchetti, IA Venetis - Economics, 2020 - degruyter.com",6,https://www.degruyter.com/document/doi/10.5018/economics-ejournal.ja.2020-14/html,True,high,"Title contains explicit replication indicator. (t_strong=2, a_strong=3)"
1078,"Linear and nonlinear causality between marriages, births and economic growth",2020,"C Borrego-Salcido, R Juárez-Del-Toro","C Borrego-Salcido, R Juárez-Del-Toro… - Revista mexicana de …, 2020 - scielo.org.mx",6,https://www.scielo.org.mx/scielo.php?pid=S1665-53462020000100037&script=sci_arttext&tlng=en,False,high,No replication signals found in title or abstract.
1079,Auctions in near-continuous time,2020,"C Deck, BJ Wilson","C Deck, BJ Wilson - Experimental Economics, 2020 - Springer",6,https://link.springer.com/article/10.1007/s10683-019-09603-4,False,high,No replication signals found in title or abstract.
1080,Job market compensation for cognitive reflection ability,2020,"R de Oliveira Leite, RL Cardoso","R de Oliveira Leite, RL Cardoso, APG Jelihovschi… - … in Economics, 2020 - Elsevier",6,https://www.sciencedirect.com/science/article/pii/S1090944320300259,True,low,"One moderate signal; might be incidental use of ""replicate"". (a_mod=1)"
1081,Reevaluating the economic benefits of the Lao People's Democratic Republic (Lao PDR)-People's Republic of China high-speed rail and its implications for fiscal …,2020,,JA Lane - 2020 - econstor.eu,6,https://www.econstor.eu/handle/10419/238538,False,high,No replication signals found in title or abstract.
1082,"The many faces of agent-based computational economics: Ecology of agents, bottom-up approaches and paradigm shift",2020,A Vignes,"S Mignot, A Vignes - Œconomia. History, Methodology …, 2020 - journals.openedition.org",6,https://journals.openedition.org/oeconomia/8222,False,high,No replication signals found in title or abstract.
1083,The greatest entrepreneurs and businesspeople in American history: A replication of the 2001 ranking,2020,,"B McCormick, BW Folsom - Cogent Business & Management, 2020 - Taylor & Francis",6,https://www.tandfonline.com/doi/abs/10.1080/23311975.2020.1735804,True,high,"Title contains explicit replication indicator. (t_strong=2, a_strong=4)"
1084,"The land use impacts of the EU biodiesel policy: Assessing the direct, indirect and induced effects",2020,A Gohin,"A Gohin - Journal of Agricultural Economics, 2020 - Wiley Online Library",6,https://onlinelibrary.wiley.com/doi/abs/10.1111/1477-9552.12365,False,high,No replication signals found in title or abstract.
1085,Revisiting the effectiveness of the German accounting enforcement reforms: a replication study,2020,M Gros,"M Gros, A Nevrela - Management Review Quarterly, 2020 - Springer",5,https://link.springer.com/article/10.1007/s11301-019-00162-9,True,high,"Title contains explicit replication indicator. (t_strong=2, a_strong=0)"
1086,Forecasting of recessions via dynamic probit for time series: replication and extension of Kauppi and Saikkonen (2008),2020,"BU Park, L Simar, V Zelenyuk","BU Park, L Simar, V Zelenyuk - Empirical Economics, 2020 - Springer",5,https://link.springer.com/article/10.1007/s00181-019-01708-2,True,high,"Title contains explicit replication indicator. (t_strong=2, a_strong=0)"
1087,"Does Education Really Cause Domestic Violence? Replication and Reappraisal of"" For Better or For Worse? Education and the Prevalence of Domestic Violence in …",2020,"P Akyol, MG Kirdar","P Akyol, MG Kirdar - 2020 - econstor.eu",5,https://www.econstor.eu/handle/10419/232753,False,high,No replication signals found in title or abstract.
1088,Cooperation through image scoring: a replication,2020,YI Russell,"YI Russell, Y Stoilova, AA Dosoftei - Games, 2020 - mdpi.com",5,https://www.mdpi.com/2073-4336/11/4/58,True,high,"Title contains explicit replication indicator. (t_strong=1, a_strong=2)"
1089,"E-Cigarettes and Respiratory Disease: A Replication, Extension, and Future Directions",2020,"DS Kenkel, AD Mathios","DS Kenkel, AD Mathios, H Wang - 2020 - nber.org",5,https://www.nber.org/papers/w27507,True,high,"Title contains explicit replication indicator. (t_strong=1, a_strong=1)"
1090,Economic preferences and obesity: Evidence from a clinical lab-in-field experiment,2020,"S Schurer, A Tymula, N Fuller","C Pastore, S Schurer, A Tymula, N Fuller, I Caterson - 2020 - econstor.eu",5,https://www.econstor.eu/handle/10419/232667,True,medium,"Multiple moderate replication signals, no negatives. (a_mod=3)"
1091,"Comment on Brady, Evans & Wehrly, reputational penalties for environmental violations: A pure and scientific replication study",2020,D Klerman,"D Klerman - International Review of Law and Economics, 2020 - Elsevier",5,https://www.sciencedirect.com/science/article/pii/S014481882030140X,True,high,"Title contains explicit replication indicator. (t_strong=1, a_strong=0)"
1092,Financial development and economic growth: New evidence,2020,,"J De la Cruz - Economía, 2020 - revistas.pucp.edu.pe",5,https://revistas.pucp.edu.pe/index.php/economia/article/view/21976,False,high,No replication signals found in title or abstract.
1093,How corruption affects growth,2020,,ED Ernst - 2020 - rave.ohiolink.edu,5,https://rave.ohiolink.edu/etdc/view?acc_num=oduhonors1608241150479265,True,low,"One moderate signal; might be incidental use of ""replicate"". (a_mod=1)"
1094,Revisiting Disjunction Effect: Replication of Tversky and Shafir (1992) and extension comparing between and within subject designs,2020,I Ziano,"I Ziano, MF Kong, HJ Kim, CY Liu… - Journal of Economic …, 2020 - researchgate.net",4,https://www.researchgate.net/profile/Gilad-Feldman/publication/338006802_Revisiting_Disjunction_Effect_Replication_of_Tversky_and_Shafir_1992_and_extension_comparing_between_and_within_subject_designs/links/5e85b129a6fdcca789e9543d/Revisiting-Disjunction-Effect-Replication-of-Tversky-and-Shafir-1992-and-extension-comparing-between-and-within-subject-designs.pdf,True,high,"Title contains explicit replication indicator. (t_strong=2, a_strong=1)"
1095,A replication of “sorting through global corruption determinants: Institutions and education matter—not culture”(world development 2018),2020,JW Saunoris,"RK Goel, JW Saunoris - Public Finance Review, 2020 - journals.sagepub.com",4,https://journals.sagepub.com/doi/abs/10.1177/1091142120914278,True,high,"Title contains explicit replication indicator. (t_strong=2, a_strong=1)"
1096,Essays in Chinese political economy,2020,,M Wiebe - 2020 - open.library.ubc.ca,4,https://open.library.ubc.ca/soa/cIRcle/collections/ubctheses/24/items/1.0395341,True,medium,"Multiple moderate replication signals, no negatives. (a_mod=3)"
1097,Does occupational licensing impact incomes? A replication study for the German crafts case,2020,,"K Fredriksen - Journal for Labour Market Research, 2020 - Springer",4,https://link.springer.com/article/10.1186/s12651-020-00269-7,True,high,"Title contains explicit replication indicator. (t_strong=2, a_strong=2)"
1098,The economics of color: A null result,2020,B Greiner,"B Greiner, M Stephanides - 2020 - research.wu.ac.at",4,https://research.wu.ac.at/en/publications/the-economics-of-color-a-null-result-3,True,high,Abstract has strong replication signal. (a_strong=1)
1099,Gender equality as a confounder in the epidemiological approach,2020,"L Görges, E Markowsky","M Beblo, L Görges, E Markowsky - Economics Bulletin, 2020 - accessecon.com",4,http://www.accessecon.com/Pubs/EB/2020/Volume40/EB-20-V40-I2-P110.pdf,False,medium,"Replication language appears incidental (method step, table/figure reproduction, own results)."
1100,Are large surveys of adult literacy skills as comparable over time as we think?,2020,"S Vézina, A Bélanger","S Vézina, A Bélanger - Large-Scale Assessments in Education, 2020 - Springer",4,https://link.springer.com/article/10.1186/s40536-020-00080-3,False,high,No replication signals found in title or abstract.
1101,Three essays in health economics,2020,,Y Li - 2020 - search.proquest.com,4,https://search.proquest.com/openview/fc10e1fc66f6c22323298d5de76e7b20/1?pq-origsite=gscholar&cbl=18750&diss=y,False,high,No replication signals found in title or abstract.
1102,Temporary agency work and firm performance: a replication study with extensions,2020,C Pfeifer,"C Pfeifer, JP Weche - Jahrbücher Für Nationalökonomie Und …, 2020 - degruyter.com",3,https://www.degruyter.com/document/doi/10.1515/jbnst-2018-0038/html,True,high,"Title contains explicit replication indicator. (t_strong=2, a_strong=0)"
1103,Did the conservative resurgence matter? A counterfactual replication of Pierson's analysis on Reagan and Thatcher's welfare state retrenchments,2020,F Podestà,"F Podestà - Comparative European Politics, 2020 - Springer",3,https://link.springer.com/article/10.1057/s41295-020-00211-8,True,high,"Title contains explicit replication indicator. (t_strong=1, a_strong=3)"
1104,How Much Might a Beer Cost in a Fancy Resort? A Possible Replication of Thaler's Well-Known Experiment,2020,A Kolnhofer-Derecskei,"A Kolnhofer-Derecskei - … on Consumer Behaviour: Theoretical Aspects and …, 2020 - Springer",3,https://link.springer.com/chapter/10.1007/978-3-030-47380-8_11,True,high,"Title contains explicit replication indicator. (t_strong=1, a_strong=0)"
1105,"Artificial Intelligence-based Decision-Making Algorithms, Internet of Things Smart Devices, and Real-Time Process Monitoring in Sustainable Industry 4.0",2020,,"E Dobson-Lohman - Economics, Management, and Financial Markets, 2020 - ceeol.com",3,https://www.ceeol.com/search/article-detail?id=879756,False,high,No replication signals found in title or abstract.
1106,Betting Market Inefficiencies in European Football--Bookmakers' Mispricing or Pure Chance?,2020,"D Winkelmann, M Oetting, C Deutscher","D Winkelmann, M Oetting, C Deutscher - 2020 - papers.ssrn.com",3,https://papers.ssrn.com/sol3/papers.cfm?abstract_id=3672233,False,high,No replication signals found in title or abstract.
1107,"Political instability, property investment, and economic growth: Are they inter-related? An empirical study in Malaysia",2020,"PA Mariadas, U Murthy, M Subramaniam","PA Mariadas, U Murthy, M Subramaniam… - International Journal of …, 2020 - papers.ssrn.com",3,https://papers.ssrn.com/sol3/papers.cfm?abstract_id=3699872,False,high,No replication signals found in title or abstract.
1108,A comment on Desvousges et al.(Land Economics 2015):“An adding up test on contingent valuations of river and lake quality”,2020,JC Whitehead,"JC Whitehead - Ecological Economics, 2020 - Elsevier",3,https://www.sciencedirect.com/science/article/pii/S0921800918320123,False,high,No replication signals found in title or abstract.
1109,Objective versus relative risk in privacy decision making: A replication study from Germany,2020,"S Hermes, J Bauer, M Böhm","S Hermes, L Hillebrand, J Bauer, M Böhm… - … on Replication …, 2020 - aisel.aisnet.org",2,https://aisel.aisnet.org/trr/vol6/iss1/11/,True,high,"Title contains explicit replication indicator. (t_strong=2, a_strong=2)"
1110,Altruistic Preferences in the Dictator Game: Replication of Andreoni and Miller (2002) in Japan,2020,Y Ohtsubo,"J Xue, Y Ohtsubo - Letters on Evolutionary Behavioral Science, 2020 - lebs.hbesj.org",2,https://lebs.hbesj.org/index.php/lebs/article/view/lebs.2020.75,True,high,"Title contains explicit replication indicator. (t_strong=2, a_strong=0)"
1111,"Mediating factors of family structure and early home-leaving: A replication and extension of van den Berg, Kalmijn, and Leopold (2018)",2020,,"M Herzig - European Journal of Population, 2020 - Springer",2,https://link.springer.com/article/10.1007/s10680-019-09544-x,True,high,"Title contains explicit replication indicator. (t_strong=2, a_strong=2)"
1112,"Attitudes, beliefs and readiness to act on climate change: A preregistered replication",2020,,"MN Williamsab, BA Jafthaa - 2020 - files.osf.io",2,https://files.osf.io/v1/resources/ers4v/providers/osfstorage/5e1d2a326822bd0100ff2306?action=download&direct&version=1,True,high,"Title contains explicit replication indicator. (t_strong=1, a_strong=3)"
1113,Regional Research Institute,2020,RW Jackson,"RW Jackson - West Virginia University: Morgantown, WV, USA, 2020 - academia.edu",2,https://www.academia.edu/download/87169209/viewcontent.pdf,True,medium,"Multiple moderate replication signals, no negatives. (a_mod=2)"
1114,The Influence of Ambient Temperature on Social Perception and Social Behavior,2020,JS Krause,"JS Krause, G Nanninga, P Ring… - … and Economics & …, 2020 - download.uni-mainz.de",2,https://download.uni-mainz.de/RePEc/pdf/Discussion_Paper_2013.pdf,True,low,"One moderate signal; might be incidental use of ""replicate"". (a_mod=1)"
1115,Self-employment and psychometric measure of risk aversion: a replication and extension,2020,"M Korhonen, R Svento","M Korhonen, R Svento, M Vaaramo - Applied Economics Letters, 2020 - Taylor & Francis",2,https://www.tandfonline.com/doi/abs/10.1080/13504851.2019.1644429,True,high,"Title contains explicit replication indicator. (t_strong=2, a_strong=1)"
1116,National intelligence is more important for explaining country well-being than time preference and other measured non-cognitive traits,2020,"EOW Kirkegaard, A Karlin","EOW Kirkegaard, A Karlin - The Mankind Quarterly, 2020 - search.proquest.com",2,https://search.proquest.com/openview/b2bdf89d1751eada1ea0d16b4f4ffcb1/1.pdf?pq-origsite=gscholar&cbl=2038067,True,low,"One moderate signal; might be incidental use of ""replicate"". (a_mod=1)"
1117,Does Education Really Cause Domestic Violence? Replication and Reappraisal of,2020,"P Akyol, MG Kïrdar","P Akyol, MG Kïrdar - 2020 - papers.ssrn.com",2,https://papers.ssrn.com/sol3/papers.cfm?abstract_id=3758702,False,high,No replication signals found in title or abstract.
1118,Macroeconomic impacts of the 2010 earthquake in haiti: A replication and sensitivity analysis of synthetic control results,2020,,J Hesse - 2020 - helda.helsinki.fi,2,https://helda.helsinki.fi/bitstream/10227/377340/1/Hesse_Jannika.pdf,True,high,"Title contains explicit replication indicator. (t_strong=1, a_strong=0)"
1119,Classroom experiments as a replication device,2020,T So,"T So - Journal of Behavioral and Experimental Economics, 2020 - Elsevier",2,https://www.sciencedirect.com/science/article/pii/S2214804319303866,True,high,"Title contains explicit replication indicator. (t_strong=1, a_strong=0)"
1120,2D: 4D and self-employment using SOEP data: A replication study,2020,"FM Fossen, L Neyse, M Johannesson, A Dreber","FM Fossen, L Neyse, M Johannesson, A Dreber - 2020 - econstor.eu",1,https://www.econstor.eu/handle/10419/219005,True,high,"Title contains explicit replication indicator. (t_strong=2, a_strong=0)"
1121,"A replication of “The role of intermediaries in facilitating trade”(Journal of International Economics, 2011)",2020,"KK Das, L Meriluoto, WR Reed","J Duan, X Qian, KK Das, L Meriluoto, WR Reed - Economics, 2020 - degruyter.com",1,https://www.degruyter.com/document/doi/10.5018/economics-ejournal.ja.2020-21/html,True,high,"Title contains explicit replication indicator. (t_strong=2, a_strong=2)"
1122,"The Labour Market Effects of a Refugee Wave. A Replication Study of Peri and Yasenov (Journal of Human Resources, 2019)",2020,M Christl,"M Christl - … Journal for Re-Views in Empirical Economics (IREE), 2020 - econstor.eu",1,https://www.econstor.eu/handle/10419/228809,True,high,"Title contains explicit replication indicator. (t_strong=2, a_strong=1)"
1123,"Not Evidence for Baumol's Cost Disease. A replication study of Hartwig (Journal of Health Economics, 2008)",2020,"A Atanda, WR Reed","A Atanda, WR Reed - … Journal for Re-Views in Empirical Economics …, 2020 - econstor.eu",1,https://www.econstor.eu/handle/10419/215726,True,high,"Title contains explicit replication indicator. (t_strong=2, a_strong=2)"
1124,Regulation of Social Times during the COVID-19 Period: A Replication and Extension of the Work Activity Regulation Model,2020,,"H Khanchel - Business and Management Research, 2020 - ideas.repec.org",1,https://ideas.repec.org/a/jfr/bmr111/v9y2020i3p14-24.html,True,high,"Title contains explicit replication indicator. (t_strong=2, a_strong=2)"
1125,"Replication of a research claim from Rodriguez-Lara et al, 2012, in Experimental Economics",2020,,"JC Chen, S Field, Z Loomas, B Luis, O Miske - 2020 - osf.io",1,https://osf.io/h3e4n/resources,True,high,"Title contains explicit replication indicator. (t_strong=2, a_strong=0)"
1126,Replication data for: The Political Economy of the Prussian Three-Class Franchise,2020,"SO Becker, E Hornung","SO Becker, E Hornung - (No Title), 2020 - cir.nii.ac.jp",1,https://cir.nii.ac.jp/crid/1880865118117353472,True,high,"Title contains explicit replication indicator. (t_strong=1, a_strong=0)"
1127,Invesfigafing the Role of Perceived Control and Financial Scarcity in Cognifive Performance,2020,,A Taka - 2020 - academia.edu,1,https://www.academia.edu/download/65280969/Master_s_Thesis_Aikaterini_Taka.pdf,False,high,No replication signals found in title or abstract.
1128,Causes of haze and its health effects in Singapore: a replication study,2020,JF Kiviet,"JF Kiviet - The Singapore Economic Review, 2020 - World Scientific",1,https://www.worldscientific.com/doi/abs/10.1142/S0217590820500460,True,high,"Title contains explicit replication indicator. (t_strong=2, a_strong=2)"
1129,"If there is a stable relationship between climate change and civil war in sub-Saharan Africa? A replication study of Miguel et al.(The Journal of Political Economy, 2004 …",2020,,"S Khalifa, CHCA Henning - 2020 - econstor.eu",0,https://www.econstor.eu/handle/10419/235899,False,high,"Excluded: non-social-science use of ""replication"" (computing/biology/finance)."
1130,"A Replication and Cross-Validation of Hakes and Sauer's"" An Economic Evaluation of the Moneyball Hypothesis""",2020,,JR Audette - 2020 - scholarworks.uvm.edu,0,https://scholarworks.uvm.edu/hcoltheses/388/,True,high,"Title contains explicit replication indicator. (t_strong=1, a_strong=2)"
1131,"The Mental Health Cost of Terrorism: A Replication of Kim and Albert Kim (Health Economics, 2018)",2020,T Coupé,"T Smith, T Coupé - 2020 - ideas.repec.org",0,https://ideas.repec.org/p/cbt/econwp/20-21.html,True,high,"Title contains explicit replication indicator. (t_strong=2, a_strong=2)"
1132,Individual decision-making experiment with risk and intertemporal choice: a replication study,2020,"A Morone, A Casamassima","A Morone, A Casamassima, A Cascavilla - 2020 - mpra.ub.uni-muenchen.de",0,https://mpra.ub.uni-muenchen.de/id/eprint/110777,True,high,"Title contains explicit replication indicator. (t_strong=2, a_strong=3)"
1133,"Trends in the Gender Wage Gap in the US: A replication study of Blau and Kahn (Journal of Economic Literature, 2017)",2020,M Collischon,"M Collischon - … Journal for Re-Views in Empirical Economics …, 2020 - econpapers.repec.org",0,https://econpapers.repec.org/article/zbwireejl/219101.htm,True,high,"Title contains explicit replication indicator. (t_strong=2, a_strong=0)"
1134,"Replication of a Research Claim from Tertytchnaya et al.(2018), from American Political Science Review",2020,"WR Reed, AL Abatayo","WR Reed, D Vo, A Tyner, AL Abatayo, Z Loomas… - 2020 - osf.io",0,https://osf.io/beqn5/resources,True,high,"Title contains explicit replication indicator. (t_strong=2, a_strong=0)"
1135,Bruner_ExpEco_2017_amYY-RRTeam_CAPITAN-Direct Replication-6mz8,2020,S Capitán,"T Capitán, S Capitán, E Méndez-Chacón, S Field… - 2020 - osf.io",0,https://osf.io/2qsu8/resources,True,high,"Title contains explicit replication indicator. (t_strong=1, a_strong=0)"
1136,"Community College Entrance and Bachelor's Degree Attainment: A Replication, Update, and Extension",2020,M Cameron,"J Pretlow, M Cameron - 2020 - appam.confex.com",0,https://appam.confex.com/appam/2020/mediafile/ExtendedAbstract/Paper37617/APPAM_paper_final.pdf,True,high,"Title contains explicit replication indicator. (t_strong=1, a_strong=0)"
1137,Benjamin_AmEcoRev_2010_WaYe-Fiala-Direct Replication-556,2020,AL Abatayo,"N Fiala, V Volkman, AL Abatayo, Z Loomas, O Miske… - 2020 - osf.io",0,https://osf.io/rze5p/resources,True,high,"Title contains explicit replication indicator. (t_strong=1, a_strong=0)"
1138,"Wealth and Happiness: Replication of Diener, E., Ng, W., Harter, J., & Arora, R.(2010) at University of Vienna.",2020,,P Keller - 2020 - osf.io,0,https://osf.io/vc3qj/resources,True,high,"Title contains explicit replication indicator. (t_strong=2, a_strong=0)"
1139,Social Learning and Network Externalities: Replicating Gilchrist and Sands (2016),2020,J Kuehn,"R Lampe, J Kuehn - Available at SSRN 3237912, 2020 - papers.ssrn.com",0,https://papers.ssrn.com/sol3/papers.cfm?abstract_id=3237912,False,high,No replication signals found in title or abstract.
1140,The Interaction Effect in a Nonlinear Specification of Bank Lending: A Replication and Reexamination of the Peek and Rosengren (2005) Results on'Unnatural …,2020,,"H Inoue, K Nakashima, K Takahashi - Available at SSRN 3542044, 2020 - researchgate.net",0,https://www.researchgate.net/profile/Kiyotaka-Nakashima/publication/340076098_The_Interaction_Effect_in_a_Nonlinear_Specification_of_Bank_Lending_A_Replication_and_Reexamination_of_the_Peek_and_Rosengren_2005_Results_on_'Unnatural_Selection'/links/5e7dadf1299bf1a91b7f156c/The-Interaction-Effect-in-a-Nonlinear-Specification-of-Bank-Lending-A-Replication-and-Reexamination-of-the-Peek-and-Rosengren-2005-Results-on-Unnatural-Selection.pdf,True,high,"Title contains explicit replication indicator. (t_strong=1, a_strong=0)"
1141,"A replication of “A quasi-maximum likelihood approach for large, approximate dynamic factor models”(Review of Economics and Statistics, 2012). Economics …",2020,"R Lucchetti, IA Venetis","R Lucchetti, IA Venetis - … ://www. economics-ejournal. org/economics …, 2020 - degruyter.com",0,https://www.degruyter.com/document/doi/10.5018/economics-ejournal.ja.2020-14/downloadAsset/suppl/journalarticles_2020-14-sm1.pdf,True,high,"Title contains explicit replication indicator. (t_strong=2, a_strong=2)"
1142,Behavioral Economic Analysis of Demand for Hypothetical Work Performance: A Partial Replication,2020,,"H Khan - McNair Research Journal SJSU, 2020 - scholarworks.sjsu.edu",0,https://scholarworks.sjsu.edu/mcnair/vol16/iss1/7/,True,high,Abstract has strong replication signal. (a_strong=1)
1143,"Replication of a Research Claim from Fox (2009), From the Journal of Labor Economics",2020,WR Reed,"WR Reed, J Bailey, A Tyner, Z Loomas, O Miske, B Luis - 2020 - osf.io",0,https://osf.io/vxu3e/resources,True,high,"Title contains explicit replication indicator. (t_strong=2, a_strong=0)"
1144,The effect of food anticipation on cognitive function-A replication study,2020,H Halabieh,"H Halabieh, C Lee, M Mora-Salavar, J Venckus… - 2020 - escholarship.org",0,https://escholarship.org/uc/item/1rr9g7gx,True,high,"Title contains explicit replication indicator. (t_strong=2, a_strong=2)"
1145,Measuring Earnings Through Performance: A Replication of the Return to Skill of PGA Tour Golfers,2020,,"CA Collins - Major Themes in Economics, 2020 - scholarworks.uni.edu",0,https://scholarworks.uni.edu/mtie/vol22/iss1/4/,True,high,"Title contains explicit replication indicator. (t_strong=2, a_strong=4)"
1146,Two-Stage Least Squares Random Forests with a Replication of Angrist and Evans (1998),2020,"P Kugler, M Biewen","P Kugler, M Biewen - 2020 - econstor.eu",0,https://www.econstor.eu/handle/10419/224538,True,high,"Title contains explicit replication indicator. (t_strong=2, a_strong=0)"
1147,The Influence of Perceived Temperature on Product Evaluations: A Replication Study,2020,,"JHW de Wit, B Adams - 2020 - arno.uvt.nl",0,http://arno.uvt.nl/show.cgi?fid=151601,True,high,"Title contains explicit replication indicator. (t_strong=2, a_strong=0)"
1148,"Replication of a Research Claim from Kollmeyer (2009), from American Journal of Sociology",2020,AL Abatayo,"AC Limnios, A Soh, A Tyner, AL Abatayo, Z Loomas… - 2020 - osf.io",0,https://osf.io/85ubc/resources,True,high,"Title contains explicit replication indicator. (t_strong=2, a_strong=0)"
1149,Trade and the Size of Government Revisited,2020,,"O Haislip - Essays on Government Growth: Political Institutions …, 2020 - Springer",0,https://link.springer.com/chapter/10.1007/978-3-030-55081-3_8,False,high,No replication signals found in title or abstract.
1150,"Replication of Lu, Zhu, & Chang's (2015) 3G Hypothesis",2020,"İ Göz, HG Bahçekapili, B Dogruyol","O Yilmaz, İ Göz, HG Bahçekapili, B Dogruyol - 2020 - osf.io",0,https://osf.io/9my35/resources,True,high,"Title contains explicit replication indicator. (t_strong=2, a_strong=0)"
1151,"Replication Data for: Populist psychology: economics, culture, and emotions",2020,"M Rhodes-Purdy, S Utych, R Navarre","M Rhodes-Purdy, S Utych, R Navarre - 2020 - open.clemson.edu",0,https://open.clemson.edu/all_data/965/,True,high,"Title contains explicit replication indicator. (t_strong=1, a_strong=0)"
1152,Economic gender equality and objectification (replication with UK samples),2020,S Loughnan,"L Xiao, S Loughnan, F Wang - 2020 - osf.io",0,https://osf.io/j2wgb/resources,False,high,No replication signals found in title or abstract.
1153,"Associations Between Young Adult Smoking, Vaping, and COVID-19: A Replication and Extension",2020,DS Kenkel,DS Kenkel - 2020 - osf.io,0,https://osf.io/a2gpk/resources,True,high,"Title contains explicit replication indicator. (t_strong=2, a_strong=1)"
1154,"… quality, scholarly productivity and citation impact of UK academic psychologists and clustering of UK universities into groupings: A replication and extension study.",2020,"G Saxena, P Allen","G Saxena, K Lai, P Allen - 2020 - osf.io",0,https://osf.io/sypnf/resources,True,high,"Title contains explicit replication indicator. (t_strong=2, a_strong=0)"
1155,Replication Data For: The Impact of School Finance Reforms on Local Tax Revenues,2020,"P Blair, K Whaley","P Bayer, P Blair, K Whaley - 2020 - tigerprints.clemson.edu",0,https://tigerprints.clemson.edu/all_data/943/,True,high,"Title contains explicit replication indicator. (t_strong=1, a_strong=0)"
1156,How long does it take until the positive effects of structural reforms do materialize?,2020,,J Hanzal - 2020 - dspace.cuni.cz,0,https://dspace.cuni.cz/handle/20.500.11956/117672,False,high,No replication signals found in title or abstract.
1157,… community moderates individual suicide risks. While analyses from this new Multilevel Suicide Data for the United States (MSD-US) replicate several individual and …,2020,"BA Pescosolido, B Lee","BA Pescosolido, B Lee, K Kafadar - Proceedings of the National …, 2020 - ideas.repec.org",0,https://ideas.repec.org/a/nas/journl/v117y2020p26170-26175.html,False,high,No replication signals found in title or abstract.
1158,Mr John Hann,2020,,"D Way, P Officer - 2020 - ipcn.nsw.gov.au",0,https://www.ipcn.nsw.gov.au/sites/default/files/pac/projects/2020/03/vickery-extension-project/comments/200618-boggabri-farming-and-community-group.pdf,True,high,Abstract has strong replication signal. (a_strong=1)
1159,"Reply to “A Replication of “Sorting through Global Corruption Determinants: Institutions and Education Matter— Not Culture” (World Development, 2018)”",2020,"M Jetter, CF Parmeter","M Jetter, CF Parmeter - Public Finance Review, 2020 - journals.sagepub.com",0,https://journals.sagepub.com/doi/abs/10.1177/1091142120921851,True,high,"Title contains explicit replication indicator. (t_strong=2, a_strong=0)"
1160,Panel Data Replication Project,2020,,"A Boomer, J Pichelmann, L Poll - 2020 - aboomer07.github.io",0,https://aboomer07.github.io/assets/ProjectFiles/ConflictPredict.pdf,False,high,"Excluded: non-social-science use of ""replication"" (computing/biology/finance)."
1161,"WIDER Working Paper 2019/102-Will urbanization raise social mobility in the South, replicating the economic history of the West?",2020,E Rains,"E Rains, A Krishna - 2020 - policycommons.net",0,https://policycommons.net/artifacts/1928267/wider-working-paper-2019102/2680037/,True,low,"Weak evidence: strong signal competes with negative signal. (a_strong=1, a_neg=1)"
1162,The relationship between tourism and economic growth among BRICS countries: a panel cointegration analysis,2021,"H Rasool, S Maqbool, M Tarique","H Rasool, S Maqbool, M Tarique - Future Business Journal, 2021 - Springer",404,https://link.springer.com/article/10.1186/s43093-020-00048-3,False,high,No replication signals found in title or abstract.
1163,Open source cross-sectional asset pricing,2021,"AY Chen, T Zimmermann","AY Chen, T Zimmermann - 2021 - papers.ssrn.com",394,https://papers.ssrn.com/sol3/papers.cfm?abstract_id=3875093,True,low,"One moderate signal; might be incidental use of ""replicate"". (a_mod=1)"
1164,Automated linking of historical data,2021,"R Abramitzky, L Boustan, K Eriksson","R Abramitzky, L Boustan, K Eriksson… - Journal of Economic …, 2021 - aeaweb.org",366,https://www.aeaweb.org/articles?id=10.1257/jel.20201599,False,high,No replication signals found in title or abstract.
1165,Testing the waters: Behavior across participant pools,2021,"E Snowberg, L Yariv","E Snowberg, L Yariv - American Economic Review, 2021 - aeaweb.org",330,https://www.aeaweb.org/articles?id=10.1257/aer.20181065,False,high,No replication signals found in title or abstract.
1166,Economic impacts of tipping points in the climate system,2021,"J Rising, T Stoerk, G Wagner","S Dietz, J Rising, T Stoerk, G Wagner - Proceedings of the National …, 2021 - pnas.org",226,https://www.pnas.org/doi/abs/10.1073/pnas.2103081118,False,high,No replication signals found in title or abstract.
1167,The role of parallel trends in event study settings: An application to environmental economics,2021,"M Marcus, PHC Sant'Anna","M Marcus, PHC Sant'Anna - … and Resource Economists, 2021 - journals.uchicago.edu",217,https://www.journals.uchicago.edu/doi/abs/10.1086/711509,True,high,Abstract has strong replication signal. (a_strong=1)
1168,Can policy change culture? Government pension plans and traditional kinship practices,2021,N Bau,"N Bau - American Economic Review, 2021 - aeaweb.org",205,https://www.aeaweb.org/articles?id=10.1257/aer.20190098,False,high,No replication signals found in title or abstract.
1169,Measuring global economic activity,2021,JD Hamilton,"JD Hamilton - Journal of Applied Econometrics, 2021 - Wiley Online Library",188,https://onlinelibrary.wiley.com/doi/abs/10.1002/jae.2740,False,high,No replication signals found in title or abstract.
1170,Lean production and operational performance: The influence of organizational culture,2021,"R Hardcopf, R Shah","R Hardcopf, GJ Liu, R Shah - International Journal of Production Economics, 2021 - Elsevier",161,https://www.sciencedirect.com/science/article/pii/S0925527321000360,False,high,No replication signals found in title or abstract.
1171,How can we inspire nations of learners? An investigation of growth mindset and challenge-seeking in two countries.,2021,"M Rege, P Hanselman, IF Solli, CS Dweck","M Rege, P Hanselman, IF Solli, CS Dweck… - American …, 2021 - psycnet.apa.org",159,https://psycnet.apa.org/record/2020-84549-001,True,high,Abstract has strong replication signal. (a_strong=1)
1172,Achieving statistical significance with control variables and without transparency,2021,"GS Lenz, A Sahn","GS Lenz, A Sahn - Political Analysis, 2021 - cambridge.org",154,https://www.cambridge.org/core/journals/political-analysis/article/achieving-statistical-significance-with-control-variables-and-without-transparency/1E867C357835019E0C9322B918414045,False,high,No replication signals found in title or abstract.
1173,Gender roles produce divergent economic expectations,2021,"F D'Acunto, U Malmendier, M Weber","F D'Acunto, U Malmendier, M Weber - Proceedings of the National …, 2021 - pnas.org",141,https://www.pnas.org/doi/abs/10.1073/pnas.2008534118,True,low,"One moderate signal; might be incidental use of ""replicate"". (a_mod=1)"
1174,Prospect theory in times of a pandemic: The effects of gain versus loss framing on risky choices and emotional responses during the 2020 coronavirus outbreak …,2021,M Hameleers,"M Hameleers - Mass Communication and Society, 2021 - Taylor & Francis",124,https://www.tandfonline.com/doi/abs/10.1080/15205436.2020.1870144,False,high,No replication signals found in title or abstract.
1175,Unemployment insurance generosity and aggregate employment,2021,"C Boone, A Dube, L Goodman, E Kaplan","C Boone, A Dube, L Goodman, E Kaplan - … Economic Journal: Economic …, 2021 - aeaweb.org",123,https://www.aeaweb.org/articles?id=10.1257/pol.20160613,True,high,Abstract has strong replication signal. (a_strong=1)
1176,"The economy, the news, and the public: A longitudinal study of the impact of economic news on economic evaluations and expectations",2021,"A Damstra, M Boukes","A Damstra, M Boukes - Communication Research, 2021 - journals.sagepub.com",119,https://journals.sagepub.com/doi/abs/10.1177/0093650217750971,True,high,Abstract has strong replication signal. (a_strong=1)
1177,"The Fed's response to economic news explains the"" Fed information effect""",2021,"MD Bauer, ET Swanson","MD Bauer, ET Swanson - 2021 - econstor.eu",118,https://www.econstor.eu/handle/10419/232953,True,low,"One moderate signal; might be incidental use of ""replicate"". (a_mod=1)"
1178,Risk spillovers between cryptocurrencies and traditional currencies and gold under different global economic conditions,2021,"SH Hsu, C Sheu, J Yoon","SH Hsu, C Sheu, J Yoon - The North American Journal of Economics and …, 2021 - Elsevier",115,https://www.sciencedirect.com/science/article/pii/S1062940821000711,False,high,No replication signals found in title or abstract.
1179,Inflation and Bitcoin: A descriptive time-series analysis,2021,"BM Blau, TG Griffith","BM Blau, TG Griffith, RJ Whitby - Economics Letters, 2021 - Elsevier",110,https://www.sciencedirect.com/science/article/pii/S0165176521001257,True,medium,"Multiple moderate replication signals, no negatives. (a_mod=2)"
1180,A test of Hofstede's model of culture following his own approach,2021,"M Minkov, A Kaasa","M Minkov, A Kaasa - Cross Cultural & Strategic Management, 2021 - emerald.com",108,https://www.emerald.com/insight/content/doi/10.1108/CCSM-05-2020-0120/full/html,True,high,Abstract has strong replication signal. (a_strong=1)
1181,"College majors, occupations, and the gender wage gap",2021,"CM Sloane, EG Hurst, DA Black","CM Sloane, EG Hurst, DA Black - Journal of Economic Perspectives, 2021 - aeaweb.org",104,https://www.aeaweb.org/articles?id=10.1257/jep.35.4.223,False,high,No replication signals found in title or abstract.
1182,Global factor premiums,2021,"G Baltussen, L Swinkels, P Van Vliet","G Baltussen, L Swinkels, P Van Vliet - Journal of Financial Economics, 2021 - Elsevier",103,https://www.sciencedirect.com/science/article/pii/S0304405X21003007,True,high,Abstract has strong replication signal. (a_strong=1)
1183,Rising inequality as a threat to the liberal international order,2021,TM Flaherty,"TM Flaherty, R Rogowski - International Organization, 2021 - cambridge.org",99,https://www.cambridge.org/core/journals/international-organization/article/rising-inequality-as-a-threat-to-the-liberal-international-order/4CDE05DEB3AB076CE338E1AA4A9C8087,True,medium,"Multiple moderate replication signals, no negatives. (a_mod=2)"
1184,Taxes and economic growth in OECD countries: A meta-analysis,2021,WR Reed,"N Alinaghi, WR Reed - Public Finance Review, 2021 - journals.sagepub.com",98,https://journals.sagepub.com/doi/abs/10.1177/1091142120961775,False,high,No replication signals found in title or abstract.
1185,A test of the revised Minkov-Hofstede model of culture: Mirror images of subjective and objective culture across nations and the 50 US states,2021,"M Minkov, A Kaasa","M Minkov, A Kaasa - Cross-Cultural Research, 2021 - journals.sagepub.com",91,https://journals.sagepub.com/doi/abs/10.1177/10693971211014468,False,high,No replication signals found in title or abstract.
1186,Fiscal consolidation programs and income inequality,2021,"P Brinca, MH Ferreira, F Franco","P Brinca, MH Ferreira, F Franco… - … Economic Review, 2021 - Wiley Online Library",90,https://onlinelibrary.wiley.com/doi/abs/10.1111/iere.12482,True,high,Abstract has strong replication signal. (a_strong=1)
1187,The experimenters' dilemma: inferential preferences over populations,2021,"N Gupta, L Rigotti, A Wilson","N Gupta, L Rigotti, A Wilson - arXiv preprint arXiv:2107.05064, 2021 - arxiv.org",89,https://arxiv.org/abs/2107.05064,False,high,No replication signals found in title or abstract.
1188,An empirical dynamic model of trade with consumer accumulation,2021,,"P Piveteau - American Economic Journal: Microeconomics, 2021 - aeaweb.org",77,https://www.aeaweb.org/articles?id=10.1257/mic.20190051,True,low,"One moderate signal; might be incidental use of ""replicate"". (a_mod=1)"
1189,Consumers' perceptions of risks associated with the use of Airbnb before and during the COVID-19 pandemic,2021,C Deale,"SH Lee, C Deale - International Hospitality Review, 2021 - emerald.com",71,https://www.emerald.com/insight/content/doi/10.1108/ihr-09-2020-0056/full/html,True,high,Abstract has multiple strong replication signals. (a_strong=2)
1190,Empirical audit and review and an assessment of evidentiary value in research on the psychological consequences of scarcity,2021,"M O'Donnell, AS Dev, S Antonoplis","M O'Donnell, AS Dev, S Antonoplis, SM Baum… - Proceedings of the …, 2021 - pnas.org",62,https://www.pnas.org/doi/abs/10.1073/pnas.2103313118,True,high,Abstract has strong replication signal. (a_strong=1)
1191,When the blockchain does not block: on hackings and uncertainty in the cryptocurrency market,2021,K Grobys,"K Grobys - Quantitative Finance, 2021 - Taylor & Francis",61,https://www.tandfonline.com/doi/abs/10.1080/14697688.2020.1849779,False,high,No replication signals found in title or abstract.
1192,"Will the COVID-19 pandemic lead to long-term consumer perceptions, behavioral intentions, and acquisition decisions?",2021,,"R Watson, GH Popescu - Economics, Management & Financial Markets, 2021 - ceeol.com",61,https://www.ceeol.com/search/article-detail?id=1005670,False,high,No replication signals found in title or abstract.
1193,Challenges to the economic integration of Afghan refugees in the US,2021,"C Stempel, Q Alemi","C Stempel, Q Alemi - Journal of Ethnic and Migration Studies, 2021 - Taylor & Francis",59,https://www.tandfonline.com/doi/abs/10.1080/1369183X.2020.1724420,False,high,No replication signals found in title or abstract.
1194,Framing economic inequality and policy as group disadvantages (versus group advantages) spurs support for action,2021,"P Dietze, MA Craig","P Dietze, MA Craig - Nature Human Behaviour, 2021 - nature.com",58,https://www.nature.com/articles/s41562-020-00988-4,True,high,Abstract has multiple strong replication signals. (a_strong=2)
1195,Ultraviolet A radiation and COVID‐19 deaths in the USA with replication studies in England and Italy,2021,M Cherrie,"M Cherrie, T Clemens, C Colandrea… - British Journal of …, 2021 - academic.oup.com",57,https://academic.oup.com/bjd/article-abstract/185/2/363/6600112,False,high,No replication signals found in title or abstract.
1196,"Inflation, economic growth and education expenditure",2021,TN Sequeira,"TN Sequeira - Economic Modelling, 2021 - Elsevier",57,https://www.sciencedirect.com/science/article/pii/S026499932100050X,False,high,No replication signals found in title or abstract.
1197,Revisiting trust and privacy concern in consumers' perceptions of marketing information management practices: Replication and extension,2021,"K Swani, GR Milne","K Swani, GR Milne… - Journal of Interactive …, 2021 - journals.sagepub.com",56,https://journals.sagepub.com/doi/abs/10.1016/j.intmar.2021.03.001,True,high,"Title contains explicit replication indicator. (t_strong=2, a_strong=0)"
1198,"Children, unhappiness and family finances",2021,"DG Blanchflower, AE Clark","DG Blanchflower, AE Clark - Journal of Population Economics, 2021 - Springer",52,https://link.springer.com/article/10.1007/s00148-020-00798-y,True,medium,"Multiple moderate replication signals, no negatives. (a_mod=2)"
1199,Hysteresis from employer subsidies,2021,"E Saez, B Schoefer, D Seim","E Saez, B Schoefer, D Seim - Journal of Public Economics, 2021 - Elsevier",52,https://www.sciencedirect.com/science/article/pii/S0047272721000955,True,high,Abstract has strong replication signal. (a_strong=1)
1200,Does institutional quality foster economic complexity?,2021,TV Vu,"TV Vu - Available at SSRN 3509939, 2021 - papers.ssrn.com",50,https://papers.ssrn.com/sol3/papers.cfm?abstract_id=3509939,True,medium,"Multiple moderate replication signals, no negatives. (a_mod=3)"
1201,"Economic freedom, pandemics, and robust political economy",2021,"RA Candela, V Geloso","RA Candela, V Geloso - Southern economic journal, 2021 - Wiley Online Library",49,https://onlinelibrary.wiley.com/doi/abs/10.1002/soej.12489,True,high,Abstract has strong replication signal. (a_strong=1)
1202,Do women respond less to performance pay? Building evidence from multiple experiments,2021,"O Bandiera, G Fischer, A Prat, E Ytsma","O Bandiera, G Fischer, A Prat, E Ytsma - American Economic Review …, 2021 - aeaweb.org",48,https://www.aeaweb.org/content/file?id=13939,False,high,No replication signals found in title or abstract.
1203,Neighborhood effects and housing vouchers,2021,"MA Davis, J Gregory, DA Hartley","MA Davis, J Gregory, DA Hartley… - … Economics, 2021 - Wiley Online Library",48,https://onlinelibrary.wiley.com/doi/abs/10.3982/QE1664,False,high,No replication signals found in title or abstract.
1204,Economic freedom and the economic consequences of the 1918 pandemic,2021,"V Geloso, J Bologna Pavlik","V Geloso, J Bologna Pavlik - Contemporary Economic Policy, 2021 - Wiley Online Library",46,https://onlinelibrary.wiley.com/doi/abs/10.1111/coep.12504,False,medium,"Replication language appears incidental (method step, table/figure reproduction, own results)."
1205,Do voters benchmark economic performance?,2021,"V Arel-Bundock, A Blais","V Arel-Bundock, A Blais… - British Journal of Political …, 2021 - cambridge.org",45,https://www.cambridge.org/core/journals/british-journal-of-political-science/article/do-voters-benchmark-economic-performance/06D5A3E96223FAA78AD32D237ABD8ECA,True,medium,"Multiple moderate replication signals, no negatives. (a_mod=2)"
1206,Mobilizing the masses for genocide,2021,,"T Rogall - American Economic Review, 2021 - aeaweb.org",45,https://www.aeaweb.org/articles?id=10.1257/aer.20160999,False,high,No replication signals found in title or abstract.
1207,Loss aversion fails to replicate in the coronavirus pandemic: Evidence from an online experiment,2021,"M Sanders, S Hume, P John","M Sanders, E Stockdale, S Hume, P John - Economics letters, 2021 - Elsevier",44,https://www.sciencedirect.com/science/article/pii/S0165176520302706,False,high,No replication signals found in title or abstract.
1208,Public support and administration barriers towards entrepreneurial intentions of students in Poland,2021,K Wach,"K Wach, S Bilan - Administratie si Management Public, 2021 - ceeol.com",44,https://www.ceeol.com/search/article-detail?id=964112,False,high,"Abstract discusses replication as topic/concept, not as paper's primary action. (a_neg=1)"
1209,Does the Negro need separate schools? A retrospective analysis of the racial composition of schools and Black adult academic and economic success,2021,"TM Diette, D Hamilton, AH Goldsmith","TM Diette, D Hamilton, AH Goldsmith… - RSF: The Russell Sage …, 2021 - rsfjournal.org",41,https://www.rsfjournal.org/content/7/1/166.abstract,False,high,No replication signals found in title or abstract.
1210,Effect of air pollution on health care expenditure: Evidence from respiratory diseases,2021,"YM Liu, CK Ao","YM Liu, CK Ao - Health Economics, 2021 - Wiley Online Library",41,https://onlinelibrary.wiley.com/doi/abs/10.1002/hec.4221,True,medium,"Multiple moderate replication signals, no negatives. (a_mod=3)"
1211,"Misremembering Weimar: Hyperinflation, the great depression, and German collective economic memory",2021,"L Haffert, N Redeker, T Rommel","L Haffert, N Redeker, T Rommel - Economics & Politics, 2021 - Wiley Online Library",41,https://onlinelibrary.wiley.com/doi/abs/10.1111/ecpo.12182,True,low,"One moderate signal; might be incidental use of ""replicate"". (a_mod=1)"
1212,Entrepreneurs' competencies and networking as determinants of women-owned ventures success in post-economic crisis era in Greece,2021,"N Mylonas, E Petridou","L Kyrgidou, N Mylonas, E Petridou… - Journal of Research in …, 2021 - emerald.com",39,https://www.emerald.com/insight/content/doi/10.1108/JRME-08-2020-0105/full/html,True,high,Abstract has strong replication signal. (a_strong=1)
1213,Supply chain network and financing performance of small and medium enterprises in China: a survey and quasi-replication using fuzzy-set qualitative comparative …,2021,,"Q Lu, Y Deng, M Yu, H Song, B Liu - Baltic Journal of Management, 2021 - emerald.com",38,https://www.emerald.com/insight/content/doi/10.1108/bjm-09-2020-0331/full/html,False,high,No replication signals found in title or abstract.
1214,"Is knowledge capital theory degenerate? PIAAC, PISA, and economic growth",2021,H Komatsu,"J Rappleye, H Komatsu - Compare: A Journal of Comparative and …, 2021 - Taylor & Francis",37,https://www.tandfonline.com/doi/shareview/10.1080/03057925.2019.1612233,True,high,Abstract has multiple strong replication signals. (a_strong=2)
1215,Rising inequality and trends in leisure,2021,"T Boppart, LR Ngai","T Boppart, LR Ngai - Journal of Economic Growth, 2021 - Springer",36,https://link.springer.com/article/10.1007/s10887-021-09189-8,False,high,No replication signals found in title or abstract.
1216,Immigrant women's economic outcomes in Europe: The importance of religion and traditional gender roles,2021,A Kanas,"A Kanas, K Müller - International Migration Review, 2021 - journals.sagepub.com",36,https://journals.sagepub.com/doi/abs/10.1177/01979183211008867,False,high,No replication signals found in title or abstract.
1217,Democracy and deforestation: the role of spillover effects,2021,"M Cary, FV Bekun","M Cary, FV Bekun - Forest Policy and Economics, 2021 - Elsevier",35,https://www.sciencedirect.com/science/article/pii/S1389934121000046,True,high,Abstract has multiple strong replication signals. (a_strong=2)
1218,The intergenerational transmission of cognitive skills: An investigation of the causal impact of families on student outcomes,2021,"EA Hanushek, B Jacobs, G Schwerdt","EA Hanushek, B Jacobs, G Schwerdt… - 2021 - nber.org",35,https://www.nber.org/papers/w29450,True,low,"One moderate signal; might be incidental use of ""replicate"". (a_mod=1)"
1219,Closing a mental account: The realization effect for gains and losses,2021,"C Merkle, M Weber","C Merkle, J Müller-Dethard, M Weber - Experimental Economics, 2021 - Springer",34,https://link.springer.com/article/10.1007/s10683-020-09663-x,True,low,"Weak evidence: strong signal competes with negative signal. (a_strong=1, a_neg=1)"
1220,The welfare effects of asset mean‐testing income support,2021,F Wellschmied,"F Wellschmied - Quantitative Economics, 2021 - Wiley Online Library",31,https://onlinelibrary.wiley.com/doi/abs/10.3982/QE1241,False,high,No replication signals found in title or abstract.
1221,"The Effect of Beta, and Residual Income on Stock Return in The Manufacturing Industry in The Indonesia Stock Exchange",2021,"MS Nasution, AK Ulfah, T Nadilla","MS Nasution, AK Ulfah, T Nadilla… - Enrichment …, 2021 - enrichment.iocspublisher.org",30,http://enrichment.iocspublisher.org/index.php/enrichment/article/view/169,True,high,Abstract has multiple strong replication signals. (a_strong=3)
1222,"Replicating the Disease framing problem during the 2020 COVID-19 pandemic: A study of stress, worry, trust, and choice under risk",2021,"NR Rachev, H Han, D Lacko, R Gelpí, Y Yamada","NR Rachev, H Han, D Lacko, R Gelpí, Y Yamada… - PLoS …, 2021 - journals.plos.org",30,https://journals.plos.org/plosone/article?id=10.1371/journal.pone.0257151,True,high,"Title contains explicit replication indicator. (t_strong=1, a_strong=0)"
1223,Do corporate taxes harm economic performance? Explaining distortions in R&D-and export-intensive UK firms,2021,"I Bournakis, S Mallick","I Bournakis, S Mallick - Macroeconomic Dynamics, 2021 - cambridge.org",30,https://www.cambridge.org/core/journals/macroeconomic-dynamics/article/do-corporate-taxes-harm-economic-performance-explaining-distortions-in-rd-and-exportintensive-uk-firms/DCEF14A9D6345A91DA473FAC527B7C41,True,high,Abstract has strong replication signal. (a_strong=1)
1224,The role of income volatility and perceived locus of control in financial planning decisions,2021,"J Peetz, S Xuereb","J Peetz, J Robson, S Xuereb - Frontiers in Psychology, 2021 - frontiersin.org",30,https://www.frontiersin.org/articles/10.3389/fpsyg.2021.638043/full,False,high,No replication signals found in title or abstract.
1225,Stacked linear regression analysis to facilitate testing of hypotheses across OLS regressions,2021,"M Oberfichtner, H Tauchmann","M Oberfichtner, H Tauchmann - The Stata Journal, 2021 - journals.sagepub.com",28,https://journals.sagepub.com/doi/abs/10.1177/1536867X211025801,False,high,No replication signals found in title or abstract.
1226,Best practices in replication: a case study of common information in coordination games,2021,"R Chen, Y Chen, YE Riyanto","R Chen, Y Chen, YE Riyanto - Experimental Economics, 2021 - Springer",25,https://link.springer.com/article/10.1007/s10683-020-09658-8,False,high,No replication signals found in title or abstract.
1227,"Who supports redistribution? Replicating and refining effects of compassion, malicious envy, and self-interest",2021,"CA Lin, TC Bates","CA Lin, TC Bates - Evolution and Human Behavior, 2021 - Elsevier",25,https://www.sciencedirect.com/science/article/pii/S1090513820301021,True,high,Abstract has multiple strong replication signals. (a_strong=2)
1228,Why does anonymity make us misbehave: Different norms or less compliance?,2021,J Tremewan,"E Krysowski, J Tremewan - Economic Inquiry, 2021 - Wiley Online Library",24,https://onlinelibrary.wiley.com/doi/abs/10.1111/ecin.12955,False,high,No replication signals found in title or abstract.
1229,Stereotype threat effects on Italian girls' mathematics performance: A failure to replicate.,2021,,"F Agnoli, F Melchiorre… - Developmental …, 2021 - psycnet.apa.org",23,https://psycnet.apa.org/record/2021-77666-009,True,high,"Title contains explicit replication indicator. (t_strong=1, a_strong=0)"
1230,Curse of democracy: Evidence from 2020,2021,Y Narita,"Y Narita, A Sudo - Available at SSRN 3827327, 2021 - papers.ssrn.com",23,https://papers.ssrn.com/sol3/papers.cfm?abstract_id=3827327,True,medium,"Multiple moderate replication signals, no negatives. (a_mod=2)"
1231,Self-control and financial risk taking,2021,"K Sekścińska, J Rudzinska-Wojciechowska","K Sekścińska, J Rudzinska-Wojciechowska… - Journal of Economic …, 2021 - Elsevier",23,https://www.sciencedirect.com/science/article/pii/S0167487021000246,True,high,Abstract has strong replication signal. (a_strong=1)
1232,Revisiting the natural resource curse: A cross-country growth study,2021,KA Saeed,"KA Saeed - Cogent Economics & Finance, 2021 - Taylor & Francis",22,https://www.tandfonline.com/doi/abs/10.1080/23322039.2021.2000555,False,high,No replication signals found in title or abstract.
1233,Time series variation in the factor zoo,2021,"H Bessembinder, A Burt, CM Hrdlicka","H Bessembinder, A Burt, CM Hrdlicka - … M., Time Series Variation in the …, 2021 - aeaweb.org",21,https://www.aeaweb.org/conference/2023/program/paper/RdBH54by,False,high,No replication signals found in title or abstract.
1234,Patenting activity or innovative originality?,2021,"A Bedford, L Ma, N Ma, K Vojvoda","A Bedford, L Ma, N Ma, K Vojvoda - Accounting & Finance, 2021 - Wiley Online Library",21,https://onlinelibrary.wiley.com/doi/abs/10.1111/acfi.12730,True,low,"One moderate signal; might be incidental use of ""replicate"". (a_mod=1)"
1235,Economic globalization and decentralization: A centrifugal or centripetal relationship?,2021,"I Jurado, S León","I Jurado, S León - Governance, 2021 - Wiley Online Library",21,https://onlinelibrary.wiley.com/doi/abs/10.1111/gove.12496,True,medium,"Multiple moderate replication signals, no negatives. (a_mod=2)"
1236,Future profitability and stock returns of innovative firms in Australia,2021,"A Bedford, L Ma, N Ma, K Vojvoda","A Bedford, L Ma, N Ma, K Vojvoda - Pacific-Basin Finance Journal, 2021 - Elsevier",20,https://www.sciencedirect.com/science/article/pii/S0927538X21000159,True,high,Abstract has strong replication signal. (a_strong=1)
1237,Gender Differences in Sport Fans: A Replication and Extension.,2021,B Dietz,"B Dietz, J Bean, M Omaits - Journal of Sport Behavior, 2021 - search.ebscohost.com",20,https://search.ebscohost.com/login.aspx?direct=true&profile=ehost&scope=site&authtype=crawler&jrnl=01627341&AN=153200960&h=SWfxUwsUXOiqTda59%2FWc2cHAzx2p5QWkRwsSU8dbH2m76bQ27DIgov6yBHQAnQbVPOzJ%2FdnhX%2BvlK47%2BthsA0w%3D%3D&crl=c,True,high,"Title contains explicit replication indicator. (t_strong=2, a_strong=0)"
1238,An economic feasibility study using a system-dynamics-based archetype of RFID implementation in a manufacturing firm,2021,"A Elizondo-Noriega, N Tiruvengadam","A Elizondo-Noriega, N Tiruvengadam… - International Journal on …, 2021 - Springer",20,https://link.springer.com/article/10.1007/s12008-021-00752-6,False,high,No replication signals found in title or abstract.
1239,Can economic policy uncertainty reduce a firm's trade credit?,2021,"D Kong, J Wu","K Su, D Kong, J Wu - International Review of Finance, 2021 - Wiley Online Library",20,https://onlinelibrary.wiley.com/doi/abs/10.1111/irfi.12311,False,high,No replication signals found in title or abstract.
1240,"Regimes reloaded! A reappraisal of Schumpeterian patterns of innovation, 1977–2011",2021,"R Fontana, A Martinelli, A Nuvolari","R Fontana, A Martinelli, A Nuvolari - Journal of Evolutionary Economics, 2021 - Springer",19,https://link.springer.com/article/10.1007/s00191-021-00735-6,False,high,No replication signals found in title or abstract.
1241,Economic evaluation of the sFlt-1/PlGF ratio for the short-term prediction of preeclampsia in a Japanese cohort of the PROGNOSIS Asia study,2021,A Ohkuchi,"A Ohkuchi, H Masuyama, T Yamamoto… - Hypertension …, 2021 - nature.com",19,https://www.nature.com/articles/s41440-021-00624-2,True,high,Abstract has strong replication signal. (a_strong=1)
1242,"Revisiting “money illusion”: Replication and extension of Shafir, Diamond, and Tversky (1997)",2021,I Ziano,"I Ziano, J Li, SM Tsun, HC Lei, AA Kamath… - Journal of Economic …, 2021 - Elsevier",18,https://www.sciencedirect.com/science/article/pii/S0167487020301069,True,high,"Title contains explicit replication indicator. (t_strong=2, a_strong=1)"
1243,"Exchange rate misalignment, state fragility, and economic growth in sub-Saharan Africa",2021,BT Mazorodze,"BT Mazorodze - Cogent Economics & Finance, 2021 - Taylor & Francis",18,https://www.tandfonline.com/doi/abs/10.1080/23322039.2021.1898113,True,high,Abstract has strong replication signal. (a_strong=1)
1244,"Conducting large, repeated, multi-game economic experiments using mobile platforms",2021,"Z Li, PH Lin, J Duffy","Z Li, PH Lin, SY Kong, D Wang, J Duffy - PloS one, 2021 - journals.plos.org",18,https://journals.plos.org/plosone/article?id=10.1371/journal.pone.0250668,False,high,No replication signals found in title or abstract.
1245,Is smart beta investing profitable? evidence from the Nordic stock market,2021,"K Grobys, J Äijö","V Silvasti, K Grobys, J Äijö - Applied economics, 2021 - Taylor & Francis",18,https://www.tandfonline.com/doi/abs/10.1080/00036846.2020.1853669,True,low,"One moderate signal; might be incidental use of ""replicate"". (a_mod=1)"
1246,Last word not yet spoken: a reinvestigation of last place aversion with aversion to rank reversals,2021,"AFM Martinangeli, L Windsteiger","AFM Martinangeli, L Windsteiger - Experimental Economics, 2021 - Springer",17,https://link.springer.com/article/10.1007/s10683-020-09682-8,True,high,Abstract has multiple strong replication signals. (a_strong=3)
1247,"The cash flow sensitivity of cash: Replication, extension, and robustness",2021,"H Almeida, M Campello","H Almeida, M Campello… - Fisher College of Business …, 2021 - papers.ssrn.com",17,https://papers.ssrn.com/sol3/papers.cfm?abstract_id=3773591,True,high,"Title contains explicit replication indicator. (t_strong=1, a_strong=2)"
1248,Estimating household consumption insurance,2021,"A Chatterjee, J Morley, A Singh","A Chatterjee, J Morley, A Singh - Journal of Applied …, 2021 - Wiley Online Library",17,https://onlinelibrary.wiley.com/doi/abs/10.1002/jae.2820,False,high,No replication signals found in title or abstract.
1249,Non‐Pecuniary Effects of Sugar‐Sweetened Beverage Policies,2021,"S Ahn, JL Lusk","S Ahn, JL Lusk - American Journal of Agricultural Economics, 2021 - Wiley Online Library",17,https://onlinelibrary.wiley.com/doi/abs/10.1111/ajae.12134,True,medium,"Multiple moderate replication signals, no negatives. (a_mod=2)"
1250,The impact of economic complexity on the formation of environmental culture,2021,"A Lapatinas, A Litina, S Zanaj","A Lapatinas, A Litina, S Zanaj - Sustainability, 2021 - mdpi.com",17,https://www.mdpi.com/2071-1050/13/2/870,True,medium,"Multiple moderate replication signals, no negatives. (a_mod=2)"
1251,Behavioral economic indicators of risky drinking among community-dwelling emerging adults.,2021,JA Tucker,"JA Tucker, K Lindstrom, SD Chandler… - … of addictive behaviors, 2021 - psycnet.apa.org",17,https://psycnet.apa.org/record/2021-21543-001,False,high,No replication signals found in title or abstract.
1252,Autocracy and variations in economic development outcomes,2021,CH Knutsen,"CH Knutsen - Research handbook on democracy and development, 2021 - elgaronline.com",16,https://www.elgaronline.com/edcollchap/edcoll/9781788112642/9781788112642.00014.xml,False,high,No replication signals found in title or abstract.
1253,Marriage equality laws and youth mental health,2021,"D Mark Anderson, K Matsuzawa","D Mark Anderson, K Matsuzawa… - … of Law and Economics, 2021 - journals.uchicago.edu",16,https://www.journals.uchicago.edu/doi/abs/10.1086/711128,False,high,No replication signals found in title or abstract.
1254,"Origins of values differences: A two-level analysis of economic, climatic and parasite stress explanations in the value domain",2021,R Fischer,"R Fischer - Cross-Cultural Research, 2021 - journals.sagepub.com",16,https://journals.sagepub.com/doi/abs/10.1177/10693971211031476,False,high,No replication signals found in title or abstract.
1255,Domain-general cognitive motivation: evidence from economic decision-making,2021,"JL Crawford, JE Peelle","JL Crawford, SA Eisenstein, JE Peelle… - … Research: Principles and …, 2021 - Springer",16,https://link.springer.com/article/10.1186/s41235-021-00272-7,True,low,"One moderate signal; might be incidental use of ""replicate"". (a_mod=1)"
1256,Self‐stated recovery from flooding: Empirical results from a survey in Central Vietnam,2021,"P Hudson, L Hagedoorn","P Hudson, M Pham, L Hagedoorn… - Journal of Flood Risk …, 2021 - Wiley Online Library",16,https://onlinelibrary.wiley.com/doi/abs/10.1111/jfr3.12680,True,high,Abstract has strong replication signal. (a_strong=1)
1257,Analyzing the reliability of Chinese outward FDI studies: A replication approach,2021,"J Anderson, D Sutherland, F Zhang","J Anderson, D Sutherland, F Zhang… - critical perspectives on …, 2021 - emerald.com",16,https://www.emerald.com/insight/content/doi/10.1108/cpoib-11-2019-0088/full/html,True,high,"Title contains explicit replication indicator. (t_strong=1, a_strong=0)"
1258,The vanishing effect of finance on economic development,2021,K Gründler,"K Gründler - Macroeconomic Dynamics, 2021 - cambridge.org",16,https://www.cambridge.org/core/journals/macroeconomic-dynamics/article/vanishing-effect-of-finance-on-economic-development/FDFA58747AFABC4D147D75461AAC9BDC,False,high,No replication signals found in title or abstract.
1259,Replication: Emotional well-being and unemployment–Evidence from the American time-use survey,2021,A Knabe,"TTA Hoang, A Knabe - Journal of economic psychology, 2021 - Elsevier",15,https://www.sciencedirect.com/science/article/pii/S0167487021000039,True,high,"Title contains explicit replication indicator. (t_strong=1, a_strong=0)"
1260,Loneliness and healthcare use in older adults: Evidence from a nationally representative cohort in northern Ireland—A cross-sectional replication study,2021,"A Burns, G Leavey, R O'Sullivan","A Burns, G Leavey, R O'Sullivan - Frontiers in public health, 2021 - frontiersin.org",15,https://www.frontiersin.org/articles/10.3389/fpubh.2021.620264/full,True,high,"Title contains explicit replication indicator. (t_strong=1, a_strong=0)"
1261,"A data-driven analysis of sociocultural, ecological, and economic correlates of depression across nations",2021,A Wei,"Z Li, A Wei, V Palanivel… - Journal of Cross-Cultural …, 2021 - journals.sagepub.com",15,https://journals.sagepub.com/doi/abs/10.1177/00220221211040243,True,high,Abstract has strong replication signal. (a_strong=1)
1262,Revisiting Zuckerman's (1999) categorical imperative: An application of epistemic maps for replication,2021,B Goldfarb,"B Goldfarb, L Yan - Strategic Management Journal, 2021 - Wiley Online Library",14,https://onlinelibrary.wiley.com/doi/abs/10.1002/smj.3290,False,high,No replication signals found in title or abstract.
1263,Who gains from economic freedom? A panel analysis on decile income levels,2021,"R Lawson, J Dean","R Lawson, J Dean - Economics and Business Letters, 2021 - dialnet.unirioja.es",14,https://dialnet.unirioja.es/servlet/articulo?codigo=7935485,False,high,No replication signals found in title or abstract.
1264,Economic crisis and attitudes towards democracy: How ideology moderates reactions to economic downturns,2021,"I Jurado, RM Navarrete","I Jurado, RM Navarrete - Frontiers in Political Science, 2021 - frontiersin.org",14,https://www.frontiersin.org/articles/10.3389/fpos.2021.685199/full,True,medium,"Multiple moderate replication signals, no negatives. (a_mod=2)"
1265,How connected is too connected? Impact of network topology on systemic risk and collapse of complex economic systems,2021,"A Vié, AJ Morales","A Vié, AJ Morales - Computational economics, 2021 - Springer",14,https://link.springer.com/article/10.1007/s10614-020-10021-5,False,high,No replication signals found in title or abstract.
1266,Contingent determinants,2021,,"R Maseland - Journal of Development Economics, 2021 - Elsevier",14,https://www.sciencedirect.com/science/article/pii/S030438782100033X,True,low,"One moderate signal; might be incidental use of ""replicate"". (a_mod=1)"
1267,The effects of language on patience: An experimental replication study of the linguistic-savings hypothesis in Austria,2021,"D Glätzle-Rützler, P Lergetporer","S Angerer, D Glätzle-Rützler, P Lergetporer… - … of the Economic …, 2021 - cambridge.org",13,https://www.cambridge.org/core/journals/journal-of-the-economic-science-association/article/effects-of-language-on-patience-an-experimental-replication-study-of-the-linguisticsavings-hypothesis-in-austria/B4921969CF497425BCD4895C778D4E6B,True,high,"Title contains explicit replication indicator. (t_strong=1, a_strong=2)"
1268,"Replication of published health economic obesity models: assessment of facilitators, hurdles and reproduction success",2021,S Evers,"B Schwander, M Nuijten, S Evers, M Hiligsmann - Pharmacoeconomics, 2021 - Springer",13,https://link.springer.com/article/10.1007/s40273-021-01008-7,True,high,"Title contains explicit replication indicator. (t_strong=2, a_strong=0)"
1269,Spot price biases in non-linear health insurance contracts,2021,"M Simonsen, N Skipper","M Simonsen, L Skipper, N Skipper… - … of Public Economics, 2021 - Elsevier",13,https://www.sciencedirect.com/science/article/pii/S0047272721001444,True,medium,"Multiple moderate replication signals, no negatives. (a_mod=2)"
1270,Education quality and the empirics of economic growth: reconciling Mankiw-Romer-Weil estimates with microeconometric evidence,2021,"M Rodrigues, D Souza","M Rodrigues, D Souza - Applied Economics Letters, 2021 - Taylor & Francis",13,https://www.tandfonline.com/doi/abs/10.1080/13504851.2020.1761524,True,low,"One moderate signal; might be incidental use of ""replicate"". (a_mod=1)"
1271,Collective honesty? Experimental evidence on the effectiveness of honesty nudging for teams,2021,M Khadjavi,"Y Dunaiev, M Khadjavi - Frontiers in Psychology, 2021 - frontiersin.org",13,https://www.frontiersin.org/articles/10.3389/fpsyg.2021.684755/full,True,high,Abstract has strong replication signal. (a_strong=1)
1272,The (Non‐) Significance of Reporting Errors In Economics: Evidence from Three Top Journals,2021,SB Bruns,"P Pütz, SB Bruns - Journal of Economic Surveys, 2021 - Wiley Online Library",13,https://onlinelibrary.wiley.com/doi/abs/10.1111/joes.12397,False,high,No replication signals found in title or abstract.
1273,Embracing the dark side? Testing the socialization of a maximizing mindset,2021,E Spiegelman,"E Spiegelman - Economic Inquiry, 2021 - Wiley Online Library",13,https://onlinelibrary.wiley.com/doi/abs/10.1111/ecin.12958,True,medium,"Multiple moderate replication signals, no negatives. (a_mod=2)"
1274,US economic uncertainty and the Korean stock market reaction,2021,"J Yun, J Kang, KY Kwon","J Yun, J Kang, KY Kwon - Emerging Markets Finance and Trade, 2021 - Taylor & Francis",13,https://www.tandfonline.com/doi/abs/10.1080/1540496X.2019.1672151,False,medium,"Replication language appears incidental (method step, table/figure reproduction, own results)."
1275,Journal-based replication of experiments: An application to “Being Chosen to Lead”,2021,"A Drazen, A Dreber, EY Ozbay, E Snowberg","A Drazen, A Dreber, EY Ozbay, E Snowberg - Journal of Public Economics, 2021 - Elsevier",13,https://www.sciencedirect.com/science/article/pii/S0047272721001183,True,high,"Title contains explicit replication indicator. (t_strong=1, a_strong=1)"
1276,Revisiting status quo bias: Replication of Samuelson and Zeckhauser (1988)‎,2021,"Q Xiao, G Feldman","Q Xiao, CS Lam, M Piara, G Feldman - Meta-Psychology, 2021 - conferences.lnu.se",12,https://conferences.lnu.se/index.php/metapsychology/article/view/2470,True,high,"Title contains explicit replication indicator. (t_strong=2, a_strong=3)"
1277,The value of statistical life in the context of road safety: new evidence on the contingent valuation/standard gamble chained approach,2021,"FI Sánchez-Martínez, JE Martínez-Pérez","FI Sánchez-Martínez, JE Martínez-Pérez… - Journal of Risk and …, 2021 - Springer",12,https://link.springer.com/article/10.1007/s11166-021-09360-x,False,high,No replication signals found in title or abstract.
1278,Does economic inequality constrain intergenerational economic mobility? The association between income inequality during childhood and intergenerational income …,2021,J Nam,"J Nam - Social Indicators Research, 2021 - Springer",12,https://link.springer.com/article/10.1007/s11205-020-02579-2,False,high,No replication signals found in title or abstract.
1279,Recalculating...: How uncertainty in local labour market definitions affects empirical findings,2021,"A Foote, MJ Kutzbach","A Foote, MJ Kutzbach, L Vilhuber - Applied Economics, 2021 - Taylor & Francis",12,https://www.tandfonline.com/doi/abs/10.1080/00036846.2020.1841083,True,high,Abstract has strong replication signal. (a_strong=1)
1280,Pathways of the family stress model in midlife on physical health in later adulthood.,2021,"TK Neppl, KAS Wickrama","TK Neppl, ON Diggs, KAS Wickrama… - Journal of Family …, 2021 - psycnet.apa.org",12,https://psycnet.apa.org/fulltext/2020-32865-001.html,False,high,No replication signals found in title or abstract.
1281,A field experiment on dishonesty: A registered replication of Azar et al.(2013),2021,"J Prochazka, P Houdek","J Prochazka, Y Fedoseeva, P Houdek - … and Experimental Economics, 2021 - Elsevier",11,https://www.sciencedirect.com/science/article/pii/S2214804320306601,True,high,"Title contains explicit replication indicator. (t_strong=1, a_strong=0)"
1282,Economic news: Antecedents and effects,2021,"R Vliegenthart, A Damstra, M Boukes, J Jonkman","R Vliegenthart, A Damstra, M Boukes, J Jonkman - 2021 - cambridge.org",11,https://www.cambridge.org/core/elements/economic-news/DB9E9958C47FDD2FBFFD6AF2D88488DC,True,medium,"Multiple moderate replication signals, no negatives. (a_mod=2)"
1283,"An examination of genetic and environmental factors related to negative personality traits, educational attainment, and economic success.",2021,"MC Stallings, T Neppl","MC Stallings, T Neppl - Developmental psychology, 2021 - psycnet.apa.org",11,https://psycnet.apa.org/record/2021-14131-005,True,high,Abstract has strong replication signal. (a_strong=1)
1284,The effect of gender and parenting daughters on judgments of morally controversial companies,2021,"P Niszczota, M Białek","P Niszczota, M Białek - Plos one, 2021 - journals.plos.org",10,https://journals.plos.org/plosone/article?id=10.1371/journal.pone.0260503,False,high,No replication signals found in title or abstract.
1285,Introduction: The value of children and social transformations in Asia,2021,X Gu,"X Gu - Child Indicators Research, 2021 - Springer",10,https://link.springer.com/article/10.1007/s12187-021-09806-3,True,high,Abstract has multiple strong replication signals. (a_strong=2)
1286,"Institutions, human capital and economic growth",2021,"LJ Uberti, CH Knutsen","LJ Uberti, CH Knutsen - … Palgrave Handbook of Comparative Economics, 2021 - Springer",10,https://link.springer.com/chapter/10.1007/978-3-030-50888-3_18,True,medium,"Multiple moderate replication signals, no negatives. (a_mod=2)"
1287,A replication study on growth paths of young firms: Evidence from German administrative data,2021,"S Schneck, A Werner","S Schneck, A Werner, HJ Wolter - Journal of Business Venturing Insights, 2021 - Elsevier",10,https://www.sciencedirect.com/science/article/pii/S235267342100024X,True,high,"Title contains explicit replication indicator. (t_strong=2, a_strong=0)"
1288,Representative methods of computational socioeconomics,2021,T Zhou,"T Zhou - Journal of Physics: Complexity, 2021 - iopscience.iop.org",10,https://iopscience.iop.org/article/10.1088/2632-072X/ac2072/meta,False,high,No replication signals found in title or abstract.
1289,Risky choice framing with various problem descriptions: A replication and extension study,2021,L Zhou,"L Zhou, N Liu, YQ Liao, AM Li - Judgment and Decision Making, 2021 - cambridge.org",9,https://www.cambridge.org/core/journals/judgment-and-decision-making/article/risky-choice-framing-with-various-problem-descriptions-a-replication-and-extension-study/F51ED69561D8C2DC734765B94E904A78,True,high,"Title contains explicit replication indicator. (t_strong=2, a_strong=0)"
1290,Childhood environmental adversity is not linked to lower levels of cooperative behaviour in economic games,2021,"N Lettinga, Y Algan, PO Jacquet","N Lettinga, H Mell, Y Algan, PO Jacquet… - Evolutionary Human …, 2021 - cambridge.org",9,https://www.cambridge.org/core/journals/evolutionary-human-sciences/article/childhood-environmental-adversity-is-not-linked-to-lower-levels-of-cooperative-behaviour-in-economic-games/C9F5FD1B298104BFFB0230F32333EC6E,False,high,No replication signals found in title or abstract.
1291,Economic evaluation of transperineal versus transrectal devices for local anaesthetic prostate biopsies,2021,ECF Wilson,"ECF Wilson, A Wreford, P Tamer, K Leonard… - PharmacoEconomics …, 2021 - Springer",9,https://link.springer.com/article/10.1007/s41669-021-00277-4,True,low,"One moderate signal; might be incidental use of ""replicate"". (a_mod=1)"
1292,When is evidence actionable? Assessing whether a program is ready to scale,2021,"JPA Ioannidis, Z Maniadis, F Tufano","JPA Ioannidis, Z Maniadis, F Tufano - The Scale-Up Effect in Early …, 2021 - taylorfrancis.com",9,https://www.taylorfrancis.com/chapters/edit/10.4324/9780367822972-10/evidence-actionable-assessing-whether-program-ready-scale-john-ioannidis-zacharias-maniadis-fabio-tufano,False,high,No replication signals found in title or abstract.
1293,Replication: Framing effects in intertemporal choice with children,2021,M Novarese,"V Faralla, M Novarese, V Di Giovinazzo - Journal of Economic Psychology, 2021 - Elsevier",8,https://www.sciencedirect.com/science/article/pii/S0167487020301033,True,high,"Title contains explicit replication indicator. (t_strong=1, a_strong=0)"
1294,"Measurement error in earnings data: Replication of Meijer, Rohwedder, and Wansbeek's mixture model approach to combining survey and register data",2021,"SP Jenkins, F Rios‐Avila","SP Jenkins, F Rios‐Avila - Journal of applied econometrics, 2021 - Wiley Online Library",8,https://onlinelibrary.wiley.com/doi/abs/10.1002/jae.2811,True,high,"Title contains explicit replication indicator. (t_strong=2, a_strong=0)"
1295,"Does disgust increase unethical behavior? A replication of winterich, mittal, and morales (2014)",2021,"T Kugler, CN Noussair","T Kugler, CN Noussair, D Hatch - Social Psychological and …, 2021 - journals.sagepub.com",8,https://journals.sagepub.com/doi/abs/10.1177/1948550620944083,True,high,"Title contains explicit replication indicator. (t_strong=2, a_strong=0)"
1296,A new algorithm for matching Chinese NBS firm-level with customs data,2021,"P Egger, SX Rao, S Papini","P Egger, SX Rao, S Papini - China economic journal, 2021 - Taylor & Francis",8,https://www.tandfonline.com/doi/abs/10.1080/17538963.2021.1963046,True,high,Abstract has strong replication signal. (a_strong=1)
1297,Accounting for the declining economic effects of oil price shocks,2021,Y Lyu,"Y Lyu - Energy Economics, 2021 - Elsevier",8,https://www.sciencedirect.com/science/article/pii/S0140988320303558,True,medium,"Multiple moderate replication signals, no negatives. (a_mod=3)"
1298,Litigation risks and firms innovation dynamics after the IPO,2021,"E Forti, S Morricone, F Munari","E Forti, S Morricone, F Munari - … of Industrial and Business Economics, 2021 - Springer",8,https://link.springer.com/article/10.1007/s40812-020-00161-y,True,high,Abstract has strong replication signal. (a_strong=1)
1299,Multivesta: statistical analysis of economic agent-based models by statistical model checking,2021,"A Vandin, D Giachini, F Lamperti","A Vandin, D Giachini, F Lamperti… - … Symposium: From Data to …, 2021 - Springer",8,https://link.springer.com/chapter/10.1007/978-3-031-16011-0_1,True,low,"One moderate signal; might be incidental use of ""replicate"". (a_mod=1)"
1300,Value-based segmentation of generation Z women consumers of India: Replication and validation of model,2021,N Singh,"N Singh, S Nigam - Prabandhan: Indian Journal of Management, 2021 - researchgate.net",8,https://www.researchgate.net/profile/Neetu-Singh-3/publication/356890912_Value-Based_Segmentation_of_Generation_Z_Women_Consumers_of_India_Replication_and_Validation_of_Model/links/658197ba0bb2c7472bf8781d/Value-Based-Segmentation-of-Generation-Z-Women-Consumers-of-India-Replication-and-Validation-of-Model.pdf,True,high,"Title contains explicit replication indicator. (t_strong=1, a_strong=0)"
1301,The Effect of the EU‐brand on Citizens' Trust in Policies: Replicating an Experiment,2021,"J Eshuis, EH Klijn","J Eshuis, T van de Geest, EH Klijn… - Public Administration …, 2021 - Wiley Online Library",8,https://onlinelibrary.wiley.com/doi/abs/10.1111/puar.13367,False,high,No replication signals found in title or abstract.
1302,Prudent discounting: experimental evidence on higher order time risk preferences,2021,S Ebert,"S Ebert - International Economic Review, 2021 - Wiley Online Library",8,https://onlinelibrary.wiley.com/doi/abs/10.1111/iere.12521,True,medium,"Multiple moderate replication signals, no negatives. (a_mod=3)"
1303,New rankings of economics journals: Documenting and explaining the rise of the new society journals,2021,"J HAM, J Wright","J HAM, J Wright, Z Ye - Available at SSRN 3606030, 2021 - rewi.uni-mainz.de",8,https://rewi.uni-mainz.de/files/2023/06/New-Rankings-of-Economics-Journals.pdf,False,high,No replication signals found in title or abstract.
1304,Replication Redux: The reproducibility crisis and the case of deworming,2021,O Ozier,"O Ozier - The World Bank Research Observer, 2021 - academic.oup.com",8,https://academic.oup.com/wbro/article-abstract/36/1/101/6009048,True,high,"Title contains explicit replication indicator. (t_strong=1, a_strong=0)"
1305,The effect of COVID-19-induced mortality salience on delay discounting: a replication,2021,F Sonmez,"F Sonmez - Journal of the Economic Science Association, 2021 - cambridge.org",7,https://www.cambridge.org/core/journals/journal-of-the-economic-science-association/article/effect-of-covid19induced-mortality-salience-on-delay-discounting-a-replication/86ACC2C34892B11C4D487CBBC2755AE7,True,high,"Title contains explicit replication indicator. (t_strong=1, a_strong=1)"
1306,Replication: Revisiting Tversky and Shafir's (1992) Disjunction Effect with an extension comparing between and within subject designs,2021,I Ziano,"I Ziano, MF Kong, HJ Kim, CY Liu, SC Wong… - Journal of Economic …, 2021 - Elsevier",7,https://www.sciencedirect.com/science/article/pii/S0167487020301070,True,high,"Title contains explicit replication indicator. (t_strong=1, a_strong=0)"
1307,Factor Investing in Sovereign Bond Markets: Deep Sample Evidence,2021,G Baltussen,"G Baltussen, MPE Martens, O Penninga - The Journal of Portfolio …, 2021 - pure.eur.nl",7,https://pure.eur.nl/en/publications/factor-investing-in-sovereign-bond-markets-deep-sample-evidence,True,high,Abstract has multiple strong replication signals. (a_strong=2)
1308,Perceptions of the threat to national security and the stock market,2021,"AMA Omar, BJ Lambe, TP Wisniewski","AMA Omar, BJ Lambe, TP Wisniewski - … Economic Behavior & Organization, 2021 - Elsevier",7,https://www.sciencedirect.com/science/article/pii/S0167268121001517,False,high,No replication signals found in title or abstract.
1309,"How economic success shapes redistribution: The role of self-serving beliefs, in-group bias and justice principles",2021,M Hainguerlot,"C Dorin, M Hainguerlot, H Huber-Yahi… - … and Decision Making, 2021 - cambridge.org",6,https://www.cambridge.org/core/journals/judgment-and-decision-making/article/how-economic-success-shapes-redistribution-the-role-of-selfserving-beliefs-ingroup-bias-and-justice-principles/6C8A25B2CAE2C285B0992091541E14F8,True,low,"One moderate signal; might be incidental use of ""replicate"". (a_mod=1)"
1310,Do pharmaceutical prices rise anticipating branded competition?,2021,"AM Ellyson, A Basu","AM Ellyson, A Basu - Health Economics, 2021 - Wiley Online Library",6,https://onlinelibrary.wiley.com/doi/abs/10.1002/hec.4248,True,high,Abstract has strong replication signal. (a_strong=1)
1311,Development effects of electrification in Brazil–A comment on Lipscomb et al.(2013),2021,"G Bensch, J Ankel-Peters, C Vance","G Bensch, J Ankel-Peters, C Vance - 2021 - papers.ssrn.com",6,https://papers.ssrn.com/sol3/papers.cfm?abstract_id=3980178,True,high,Abstract has strong replication signal. (a_strong=1)
1312,"Cyber-Physical Process Monitoring Systems, Artificial Intelligence-based Decision-Making Algorithms, and Sustainable Industrial Big Data in Smart Networked …",2021,J Horak,"M Higgins, J Horak - Economics, Management & Financial Markets, 2021 - ceeol.com",6,https://www.ceeol.com/search/article-detail?id=1005662,False,high,No replication signals found in title or abstract.
1313,Contracts as reference points: a replication,2021,"S Hippel, S Hoeppner","S Hippel, S Hoeppner - International Review of Law and Economics, 2021 - Elsevier",5,https://www.sciencedirect.com/science/article/pii/S0144818820301861,True,high,"Title contains explicit replication indicator. (t_strong=1, a_strong=1)"
1314,Reevaluating the prudence of economic forecasts in the EU: The role of instrument persistence,2021,,"M Demetrescu, C Roling… - Journal of Applied …, 2021 - Wiley Online Library",5,https://onlinelibrary.wiley.com/doi/abs/10.1002/jae.2801,True,high,Abstract has strong replication signal. (a_strong=1)
1315,Implementing convex optimization in R: two econometric examples,2021,"Z Gao, Z Shi","Z Gao, Z Shi - Computational Economics, 2021 - Springer",5,https://link.springer.com/article/10.1007/s10614-020-09995-z,True,high,Abstract has strong replication signal. (a_strong=1)
1316,Development Economics,2021,,"P Economics - Change, 2021 - bse.eu",5,https://bse.eu/sites/default/files/12E006_Development_Economics.pdf,False,high,No replication signals found in title or abstract.
1317,Economic Assessment of South African Urban Green Spaces Using the Proximity Principle: Municipal Valuation vs. Market Value,2021,"L Lategan, J Cilliers","L Lategan, J Cilliers, Z Huston, N Blaauw… - Urban …, 2021 - cogitatiopress.com",5,https://www.cogitatiopress.com/urbanplanning/article/view/4407,False,high,No replication signals found in title or abstract.
1318,Sensitivity of numerate individuals to large asymmetry in outcomes: A registered replication of Traczyk et al.(2018),2021,S Mondal,"S Mondal - Decyzje, 2021 - ceeol.com",4,https://www.ceeol.com/search/article-detail?id=1014711,True,high,"Title contains explicit replication indicator. (t_strong=1, a_strong=2)"
1319,Did Protestantism promote prosperity via higher human capital? Replicating the Becker–Woessmann (2009) results,2021,,"J Edwards - Journal of Applied Econometrics, 2021 - Wiley Online Library",4,https://onlinelibrary.wiley.com/doi/abs/10.1002/jae.2851,False,high,No replication signals found in title or abstract.
1320,"People as products: Exploring replication and corroboration in the dimensions of theory, method and context",2021,"M Farshid, SL Ferguson, L Pitt, K Plangger","M Farshid, SL Ferguson, L Pitt, K Plangger - Journal of Business Research, 2021 - Elsevier",4,https://www.sciencedirect.com/science/article/pii/S0148296319306708,False,high,No replication signals found in title or abstract.
1321,Replicating the Dow Jones Industrial Average,2021,"JB Shoven, C Sialm","J Lin, GC Selden, JB Shoven, C Sialm - 2021 - nber.org",4,https://www.nber.org/papers/w28528,True,high,"Title contains explicit replication indicator. (t_strong=1, a_strong=2)"
1322,Mr. Keynes and the “Classics”; A Suggested Reinterpretation,2021,"GB Eggertsson, C Petracchi","GB Eggertsson, C Petracchi - 2021 - nber.org",4,https://www.nber.org/papers/w29158,True,low,"One moderate signal; might be incidental use of ""replicate"". (a_mod=1)"
1323,Dollar-cost averaging versus lump-sum-investing: Evidence from sweden,2021,,"L Eriksson, P Fransson - 2021 - diva-portal.org",4,https://www.diva-portal.org/smash/record.jsf?pid=diva2:1525359,True,low,"One moderate signal; might be incidental use of ""replicate"". (a_mod=1)"
1324,The efficacy of measuring judicial ideal points: The mis-analogy of IRTs,2021,"MD McCubbins, KM Renberg","JY Lerner, MD McCubbins, KM Renberg - … Review of Law and Economics, 2021 - Elsevier",4,https://www.sciencedirect.com/science/article/pii/S0144818821000442,True,high,Abstract has strong replication signal. (a_strong=1)
1325,A pilot economic evaluation of computerized cognitive behavioral therapy for alcohol use disorder as an addition and alternative to traditional therapy,2021,BT Yates,"CN Kacmarek, BT Yates, C Nich… - Alcoholism: Clinical and …, 2021 - Wiley Online Library",4,https://onlinelibrary.wiley.com/doi/abs/10.1111/acer.14601,False,high,No replication signals found in title or abstract.
1326,A Replication of “The Robust Relationship between Taxes and US State Income Growth” (National Tax Journal 2008),2021,"KS Conway, JC Rork","B Brewer, KS Conway, JC Rork - Public Finance Review, 2021 - journals.sagepub.com",3,https://journals.sagepub.com/doi/abs/10.1177/10911421211016406,True,high,"Title contains explicit replication indicator. (t_strong=2, a_strong=0)"
1327,Stereotypes concerns and discreet existence of differences between men and women in risk-aversion–a replication study,2021,"M Adamus, M Grežo","M Adamus, M Grežo, K Dudeková - Studia Psychologica, 2021 - journals.savba.sk",3,https://journals.savba.sk/index.php/studiapsychologica/article/view/176,True,high,"Title contains explicit replication indicator. (t_strong=2, a_strong=2)"
1328,US presidential election polls and the economic prospects of China and Mexico,2021,H Kim,"H Kim, MH Kim - Applied Economics, 2021 - Taylor & Francis",3,https://www.tandfonline.com/doi/abs/10.1080/00036846.2021.1937501,True,high,Abstract has strong replication signal. (a_strong=1)
1329,The impact of moral motives on economic decision-making,2021,KG Kugler,"KG Kugler, JAM Reif, GK Petersen… - Journal of Dynamic …, 2021 - epub.ub.uni-muenchen.de",3,https://epub.ub.uni-muenchen.de/107779/,False,high,No replication signals found in title or abstract.
1330,Conceptualizing the cost of COVID policy: The role of institutional trade-offs,2021,V Geloso,"V Geloso - The Economists' Voice, 2021 - degruyter.com",3,https://www.degruyter.com/document/doi/10.1515/ev-2021-0020/html,False,high,No replication signals found in title or abstract.
1331,Verbal aptitude hurts children's economic decision‐making accuracy,2021,"L Cherchye, S Cosaert","S Bruyneel, L Cherchye, S Cosaert… - Journal of …, 2021 - Wiley Online Library",3,https://onlinelibrary.wiley.com/doi/abs/10.1002/bdm.2204,False,high,No replication signals found in title or abstract.
1332,Testing for Unit Roots in Autoregressive-Moving Average Models of Unknown Order: Critical Comments,2021,H Luitel,"H Luitel, G Mahar - Luitel, Hari S. and Mahar, Gerry J, 2021 - papers.ssrn.com",3,https://papers.ssrn.com/sol3/papers.cfm?abstract_id=2882101,False,high,No replication signals found in title or abstract.
1333,Escalation of commitment is independent of numeracy and cognitive reflection. Failed replication and extension of Staw (1976),2021,"M Białek, EA Meyers","M Białek, M Węgrzyn, EA Meyers - Economics and Business Review, 2021 - ceeol.com",2,https://www.ceeol.com/search/article-detail?id=1101811,True,high,"Title contains explicit replication indicator. (t_strong=2, a_strong=0)"
1334,Predicting Student Dropout: A Replication Study Based on Neural Networks,2021,BU Wigger,"J Buchhorn, BU Wigger - 2021 - papers.ssrn.com",2,https://papers.ssrn.com/sol3/papers.cfm?abstract_id=3929194,True,high,"Title contains explicit replication indicator. (t_strong=2, a_strong=1)"
1335,Replicating the CSR-Advertising-Effectiveness Model: Do Consumers' Attitudes Towards Corporate Socially Responsible Behavior in the Pharmaceutical Industry …,2021,"I Koinig, S Diehl, B Mueller","I Koinig, S Diehl, B Mueller - Advances in Advertising Research (Vol. XI) …, 2021 - Springer",2,https://link.springer.com/chapter/10.1007/978-3-658-32201-4_21,True,high,"Title contains explicit replication indicator. (t_strong=1, a_strong=0)"
1336,Stolen Dreams or Collateral Damage: Climate and Economic Growth in Time of Covid-19,2021,"H Abdel-Latif, H Abou-Ali, Y Abdelfatah","H Abdel-Latif, H Abou-Ali, Y Abdelfatah… - … and Economic …, 2021 - papers.ssrn.com",2,https://papers.ssrn.com/sol3/papers.cfm?abstract_id=3875810,True,medium,"Multiple moderate replication signals, no negatives. (a_mod=2)"
1337,Behind the scenes of science in action: a 'replication in context'of a randomised control trial in Morocco,2021,"F Bédécarrats, I Guérin","F Bédécarrats, I Guérin, S Morvant-Roux… - Third World …, 2021 - Taylor & Francis",2,https://www.tandfonline.com/doi/abs/10.1080/01436597.2021.1977114,False,high,No replication signals found in title or abstract.
1338,When Linda meets Preeti: The validation of behavioral biases in India,2021,N Owsley,"N Owsley, A Laumas - Preprint at https://doi. org/10.31234/osf. io/v2yjg, 2021 - csbc.org.in",2,http://csbc.org.in/upload/ReplicationBehaviouralBiasesIndia.pdf,False,high,No replication signals found in title or abstract.
1339,Electoral Rules and Corruption,2021,"G Xezonakis, S Dawson","G Xezonakis, S Dawson - The oxford handbook of the quality of …, 2021 - books.google.com",2,https://books.google.com/books?hl=en&lr=&id=Nbo0EAAAQBAJ&oi=fnd&pg=PA309&dq=replicated+economics&ots=xKNjSXJl-F&sig=LAmbloGxoMcKPux1M-QMhzLZgWU,True,medium,"Multiple moderate replication signals, no negatives. (a_mod=2)"
1340,Does Industry Classification Matter in IT Business Value Research?,2021,"DB Kennedy, BY Song","DB Kennedy, BY Song… - Available at SSRN …, 2021 - papers.ssrn.com",2,https://papers.ssrn.com/sol3/papers.cfm?abstract_id=3919658,False,high,No replication signals found in title or abstract.
1341,The common-interest game between terrorists and the media: replication and extension,2021,H Sonnabend,"Y Akil, H Sonnabend - Empirical Economics, 2021 - Springer",1,https://link.springer.com/article/10.1007/s00181-019-01799-x,True,high,"Title contains explicit replication indicator. (t_strong=2, a_strong=0)"
1342,The impact of procedural and distributive justice on satisfaction and manufacturing performance: a replication of Lindquist (1995) with a focus on the importance of …,2021,"TM Lindquist, A Rausch","TM Lindquist, A Rausch - Journal of Management Control, 2021 - Springer",1,https://link.springer.com/article/10.1007/s00187-021-00318-3,True,high,"Title contains explicit replication indicator. (t_strong=2, a_strong=0)"
1343,"A Replication of “Weathering Corruption” ( Journal of Law and Economics, 2008)",2021,"A Cordis, J Milyo","A Cordis, J Milyo - Public Finance Review, 2021 - journals.sagepub.com",1,https://journals.sagepub.com/doi/abs/10.1177/10911421211028835,True,high,"Title contains explicit replication indicator. (t_strong=2, a_strong=0)"
1344,Social Distancing in 1918 Did Not Predict Suicide Rates in 43 Large Cities: A Replication and Rebuttal,2021,HG Gaddy,HG Gaddy - 2021 - scholar.archive.org,1,https://scholar.archive.org/work/an3aoj2mgnh4dfhpkjnxsgk45q/access/wayback/https://files.osf.io/v1/resources/8pc3m/providers/osfstorage/60fb9fa30c4cba003bbcc757?action=download&direct&version=1,True,high,"Title contains explicit replication indicator. (t_strong=1, a_strong=0)"
1345,Housework Gender Gap: Replicating the Analysis by Racialised Groups in Canada,2021,"K Kolpashnikova, MY Kan","K Kolpashnikova, MY Kan - Available at SSRN 3800421, 2021 - papers.ssrn.com",1,https://papers.ssrn.com/sol3/papers.cfm?abstract_id=3800421,True,high,Abstract has strong replication signal. (a_strong=1)
1346,Replication Data for: The Effect of Austerity Packages on Government Popularity during the Great Recession,2021,"B Bremer, H Kriesi, C Wang","A Bojar, B Bremer, H Kriesi, C Wang - 2021 - pure.mpg.de",1,https://pure.mpg.de/pubman/faces/ViewItemOverviewPage.jsp?itemId=item_3378283,True,high,"Title contains explicit replication indicator. (t_strong=1, a_strong=0)"
1347,A replication study of moral hazard in bodily injury liability auto insurance claims filing decisions,2021,DA Kerr,"DA Kerr - Risk Management and Insurance Review, 2021 - Wiley Online Library",1,https://onlinelibrary.wiley.com/doi/abs/10.1111/rmir.12197,True,high,"Title contains explicit replication indicator. (t_strong=2, a_strong=0)"
1348,Economic costs of elevated public debt levels during banking-crisis recessions,2021,,GT Shilling - 2021 - core.ac.uk,1,https://core.ac.uk/download/pdf/428348645.pdf,False,high,No replication signals found in title or abstract.
1349,Corporate rent and its role in replication of regional resource dependence,2021,ON Kavkaeva,"ON Kavkaeva, EV Goosen… - IOP Conference Series …, 2021 - iopscience.iop.org",1,https://iopscience.iop.org/article/10.1088/1755-1315/823/1/012055/meta,True,high,"Title contains explicit replication indicator. (t_strong=1, a_strong=0)"
1350,Estimation of a term structure model of carbon prices through state spaces methods: a pitch,2021,"A Gepp, G Harris, S Kelly","TW Aspinall, A Gepp, G Harris, S Kelly… - Accounting Research …, 2021 - emerald.com",1,https://www.emerald.com/insight/content/doi/10.1108/ARJ-08-2020-0278/full/html,False,high,No replication signals found in title or abstract.
1351,A replication of Pindyck's willingness to pay: on the efforts required to obtain results,2021,"L Gerotto, P Pellizzari","L Gerotto, P Pellizzari - SN Business & Economics, 2021 - Springer",0,https://link.springer.com/article/10.1007/s43546-021-00069-2,True,high,"Title contains explicit replication indicator. (t_strong=2, a_strong=0)"
1352,Are Foreign IT Workers Paid Higher Than the Natives? A Replication Study Using Three US National Surveys,2021,G Peng,"G Peng, R Bhaskar - AIS Transactions on Replication Research, 2021 - aisel.aisnet.org",0,https://aisel.aisnet.org/trr/vol7/iss1/6/,True,high,"Title contains explicit replication indicator. (t_strong=2, a_strong=5)"
1353,Replication Data for: The lack of loan aversion among Canadian high school students,2021,,"C Johnson, C Montmarquette - 2021 - borealisdata.ca",0,https://borealisdata.ca/dataset.xhtml?persistentId=doi:10.5683/SP3/W01NJP&version=1.0,True,high,"Title contains explicit replication indicator. (t_strong=1, a_strong=0)"
1354,"The Mental Health Cost of Terrorism. A Replication Study of Kim and Albert Kim (Health Economics, 2018)",2021,T Coupé,"T Smith, T Coupé - … Journal for Re-Views in Empirical Economics (IREE …, 2021 - econstor.eu",0,https://www.econstor.eu/handle/10419/234063,True,high,"Title contains explicit replication indicator. (t_strong=2, a_strong=3)"
1355,"Data Analytic Replication of a Research Claim from Stambaugh (2012), from Journal of Financial Economics",2021,MK Struhl,"A Tyner, Z Loomas, O Miske, B Luis, MK Struhl… - 2021 - osf.io",0,https://osf.io/jrwgt/resources,True,high,"Title contains explicit replication indicator. (t_strong=1, a_strong=0)"
1356,"Replication Package for"" Ethnic Violence Across Space""",2021,"H Mueller, D Rohner","H Mueller, D Rohner, D Schönholzer - 2021 - digital.csic.es",0,https://digital.csic.es/handle/10261/312154,True,high,"Title contains explicit replication indicator. (t_strong=1, a_strong=0)"
1357,Replicating the retailers' trading imbalance anomaly: A quantitative study about excess return opportunities on Swedish Small Cap listed firms,2021,,"E Kroon, T Karlsson - 2021 - diva-portal.org",0,https://www.diva-portal.org/smash/record.jsf?pid=diva2:1573101,True,high,"Title contains explicit replication indicator. (t_strong=1, a_strong=0)"
1358,"Replication of Chapter 10 in Wooldridge, Cross-sectional and Panel Data, with R",2021,G Millo,G Millo - 2021 - researchgate.net,0,https://www.researchgate.net/profile/Giovanni-Millo/publication/349349778_Replication_of_Chapter_10_in_Wooldridge_Econometric_analysis_of_Cross-section_and_Panel_Data_with_R/links/602c1980299bf1cc26cf26c1/Replication-of-Chapter-10-in-Wooldridge-Econometric-analysis-of-Cross-section-and-Panel-Data-with-R.pdf,True,high,"Title contains explicit replication indicator. (t_strong=2, a_strong=0)"
1359,The Fama-French five-factor asset pricing model: A replication across the globe,2021,,K Eggan - 2021 - ntnuopen.ntnu.no,0,https://ntnuopen.ntnu.no/ntnu-xmlui/handle/11250/2777121,True,high,"Title contains explicit replication indicator. (t_strong=1, a_strong=0)"
1360,“Das Modell ist dafür nicht geeignet!”(“The Model is not Suitable for This!”): The Model of Frame Selection and a Corrective Replication of the Findings in the Fehr …,2021,,"H Esser - Rationality in Social Science: Foundations, Norms, and …, 2021 - Springer",0,https://link.springer.com/chapter/10.1007/978-3-658-33536-6_4,True,high,"Title contains explicit replication indicator. (t_strong=1, a_strong=0)"
1361,"A Note on Migration, Diversity and Economic Growth: a Replication Study of Bove and Elia (World Development, 2017)",2021,,"L Ventura - … and Economic Growth: a Replication Study of Bove …, 2021 - papers.ssrn.com",0,https://papers.ssrn.com/sol3/papers.cfm?abstract_id=3957325,True,high,"Title contains explicit replication indicator. (t_strong=2, a_strong=0)"
1362,Revisiting Zuckerman's (1999) Categorical Imperative: An Application of Epistemic Maps for Replication,2021,B Goldfarb,"L Yan, B Goldfarb - 2021 - biopen.bi.no",0,https://biopen.bi.no/bi-xmlui/bitstream/handle/11250/3093253/yan.pdf?sequence=4,True,high,Abstract has strong replication signal. (a_strong=1)
1363,Replicating a study of women and men in state government administration 30 years later,2021,"S Mastracci, N Mahallati","S Mastracci, N Mahallati - Gender in Management: An International …, 2021 - emerald.com",0,https://www.emerald.com/insight/content/doi/10.1108/GM-04-2020-0127/full/html?skipTracking=true&utm_campaign=Emerald_HR_PPV_November22_RoN,True,high,"Title contains explicit replication indicator. (t_strong=1, a_strong=1)"
1364,"A Reply to a Replication of “Weathering Corruption” ( Journal of Law and Economics, 2008): Different Data Produce Different Results",2021,RS Sobel,"PT Leeson, RS Sobel - Public Finance Review, 2021 - journals.sagepub.com",0,https://journals.sagepub.com/doi/abs/10.1177/10911421211036247,True,high,"Title contains explicit replication indicator. (t_strong=2, a_strong=0)"
1365,Body Mass Index and Health-Related Quality of Life: A Replication Study,2021,,JA Madsen - 2021 - search.proquest.com,0,https://search.proquest.com/openview/4b6353c97b5691f73c13f5d1bd82eb7c/1?pq-origsite=gscholar&cbl=18750&diss=y,True,medium,Title strongly indicates replication despite abstract discussion of replication broadly.
1366,Situational pressure as a moderator of followers preferences for considerate versus initiating structure leaders. Replication of earlier findings.,2021,J Rollwage,"J Rollwage, S Schulz-Hardt - 2021 - osf.io",0,https://osf.io/kfa93/resources,True,high,"Title contains explicit replication indicator. (t_strong=1, a_strong=0)"
1367,"Replication Data for: Economic Interventions, Economic Perceptions and Political Support During the Eurozone Crisis",2021,,S Turnbull-Dugarte - 2021 - eprints.soton.ac.uk,0,https://eprints.soton.ac.uk/451801/,True,high,"Title contains explicit replication indicator. (t_strong=1, a_strong=0)"
1368,Replicating agent-based simulation models of herding in financial markets,2021,,X Liu - 2021 - search.proquest.com,0,https://search.proquest.com/openview/d42fb0c296b8eacdf8a3de8a859869a4/1?pq-origsite=gscholar&cbl=2026366&diss=y,True,high,"Title contains explicit replication indicator. (t_strong=1, a_strong=0)"
1369,A replication of Heath's (1995) study 1,2021,T Schultze,"T Schultze, A Behrens - 2021 - osf.io",0,https://osf.io/mh4ut/resources,True,high,"Title contains explicit replication indicator. (t_strong=2, a_strong=0)"
1370,A creative destruction approach to replication,2021,EG Clemente,"R Charles, D Viganola, EG Clemente… - Journal of …, 2021 - pure-oai.bham.ac.uk",0,http://pure-oai.bham.ac.uk/ws/files/158539892/1_s2.0_S0022103120304005_main.pdf,True,high,Abstract has multiple strong replication signals. (a_strong=4)
1371,How much should we trust staggered difference-in-differences estimates?,2022,"AC Baker, DF Larcker, CCY Wang","AC Baker, DF Larcker, CCY Wang - Journal of Financial Economics, 2022 - Elsevier",2746,https://www.sciencedirect.com/science/article/pii/S0304405X22000204,False,high,No replication signals found in title or abstract.
1372,The long-run impacts of same-race teachers,2022,"S Gershenson, CMD Hart, J Hyman","S Gershenson, CMD Hart, J Hyman… - American Economic …, 2022 - aeaweb.org",1317,https://www.aeaweb.org/articles?id=10.1257/pol.20190573,True,medium,"Multiple moderate replication signals, no negatives. (a_mod=2)"
1373,Count (and count-like) data in finance,2022,"JB Cohn, Z Liu, MI Wardlaw","JB Cohn, Z Liu, MI Wardlaw - Journal of Financial Economics, 2022 - Elsevier",745,https://www.sciencedirect.com/science/article/pii/S0304405X2200174X,True,high,Abstract has strong replication signal. (a_strong=1)
1374,Financial education affects financial knowledge and downstream behaviors,2022,"T Kaiser, A Lusardi, L Menkhoff, C Urban","T Kaiser, A Lusardi, L Menkhoff, C Urban - Journal of Financial Economics, 2022 - Elsevier",696,https://www.sciencedirect.com/science/article/pii/S0304405X21004281,True,high,Abstract has multiple strong replication signals. (a_strong=2)
1375,Social capital I: measurement and associations with economic mobility,2022,"R Chetty, MO Jackson, T Kuchler, J Stroebel","R Chetty, MO Jackson, T Kuchler, J Stroebel… - Nature, 2022 - nature.com",693,https://www.nature.com/articles/s41586-022-04996-4%3C/p%3E,True,medium,"Multiple moderate replication signals, no negatives. (a_mod=2)"
1376,Labor market power,2022,"D Berger, K Herkenhoff, S Mongey","D Berger, K Herkenhoff, S Mongey - American Economic Review, 2022 - aeaweb.org",635,https://www.aeaweb.org/articles?id=10.1257/aer.20191521,True,medium,"Multiple moderate replication signals, no negatives. (a_mod=2)"
1377,The impact of climate risk on firm performance and financing choices: An international comparison,2022,"HH Huang, J Kerstein, C Wang","HH Huang, J Kerstein, C Wang - Crises and Disruptions in International …, 2022 - Springer",618,https://link.springer.com/chapter/10.1007/978-3-030-80383-4_13,True,low,"One moderate signal; might be incidental use of ""replicate"". (a_mod=1)"
1378,Quantifying the global burden of mental disorders and their economic value,2022,"D Arias, S Saxena, S Verguet","D Arias, S Saxena, S Verguet - EClinicalMedicine, 2022 - thelancet.com",444,https://www.thelancet.com/journals/eclinm/article/PIIS2589-5370(22)00405-9/fulltext,True,medium,"Multiple moderate replication signals, no negatives. (a_mod=2)"
1379,Subways and urban air pollution,2022,"N Gendron-Carrier, M Gonzalez-Navarro","N Gendron-Carrier, M Gonzalez-Navarro… - … : Applied economics, 2022 - aeaweb.org",274,https://www.aeaweb.org/articles?id=10.1257/app.20180168,True,high,Abstract has strong replication signal. (a_strong=1)
1380,Do dimensions of culture exist objectively? A validation of the revised Minkov-Hofstede model of culture with World Values Survey items and scores for 102 countries,2022,"M Minkov, A Kaasa","M Minkov, A Kaasa - Journal of International Management, 2022 - Elsevier",229,https://www.sciencedirect.com/science/article/pii/S1075425322000461,False,high,No replication signals found in title or abstract.
1381,Belief elicitation and behavioral incentive compatibility,2022,"D Danz, L Vesterlund, AJ Wilson","D Danz, L Vesterlund, AJ Wilson - American Economic Review, 2022 - aeaweb.org",212,https://www.aeaweb.org/articles?id=10.1257/aer.20201248,True,high,Abstract has strong replication signal. (a_strong=1)
1382,Long-term effects of childhood nutrition: evidence from a school lunch reform,2022,"P Lundborg, DO Rooth","P Lundborg, DO Rooth… - The Review of Economic …, 2022 - academic.oup.com",175,https://academic.oup.com/restud/advance-article-pdf/doi/10.1093/restud/rdab028/42748235/rdab028.pdf,True,low,"One moderate signal; might be incidental use of ""replicate"". (a_mod=1)"
1383,"Sustainable development—Direct and indirect effects between economic, social, and environmental dimensions in business practices",2022,"S Andersson, G Svensson","S Andersson, G Svensson… - Corporate Social …, 2022 - Wiley Online Library",120,https://onlinelibrary.wiley.com/doi/abs/10.1002/csr.2261,False,high,No replication signals found in title or abstract.
1384,The gender gap in mental well-being at the onset of the Covid-19 pandemic: Evidence from the UK,2022,"B Etheridge, L Spantig","B Etheridge, L Spantig - European Economic Review, 2022 - Elsevier",109,https://www.sciencedirect.com/science/article/pii/S0014292122000502,True,medium,"Multiple moderate replication signals, no negatives. (a_mod=2)"
1385,Self-persuasion: Evidence from field experiments at international debating competitions,2022,"P Schwardmann, E Tripodi","P Schwardmann, E Tripodi… - American Economic …, 2022 - aeaweb.org",98,https://www.aeaweb.org/articles?id=10.1257/aer.20200372,False,high,No replication signals found in title or abstract.
1386,Does institutional quality foster economic complexity? The fundamental drivers of productive capabilities,2022,TV Vu,"TV Vu - Empirical Economics, 2022 - Springer",95,https://link.springer.com/article/10.1007/s00181-021-02175-4,True,medium,"Multiple moderate replication signals, no negatives. (a_mod=3)"
1387,"Replicating private equity with value investing, homemade leverage, and hold-to-maturity accounting",2022,E Stafford,"E Stafford - The Review of Financial Studies, 2022 - academic.oup.com",88,https://academic.oup.com/rfs/article-abstract/35/1/299/6136189,True,high,"Title contains explicit replication indicator. (t_strong=1, a_strong=0)"
1388,Reliance on science by inventors: Hybrid extraction of in‐text patent‐to‐article citations,2022,M Marx,"M Marx, A Fuegi - … of Economics & Management Strategy, 2022 - Wiley Online Library",85,https://onlinelibrary.wiley.com/doi/abs/10.1111/jems.12455,True,high,Abstract has strong replication signal. (a_strong=1)
1389,Does gender still matter? An examination of small business performance,2022,K Kiefer,"K Kiefer, M Heileman, TL Pett - Small Business Economics, 2022 - Springer",74,https://link.springer.com/article/10.1007/s11187-020-00403-2,True,high,Abstract has strong replication signal. (a_strong=1)
1390,Household spending responses to the economic impact payments of 2020: Evidence from the consumer expenditure survey,2022,"JA Parker, J Schild","JA Parker, J Schild, L Erhard, D Johnson - 2022 - nber.org",73,https://www.nber.org/papers/w29648,True,high,Abstract has strong replication signal. (a_strong=1)
1391,Who did it matters: Executive equity compensation and financial reporting fraud,2022,RH Davidson,"RH Davidson - Journal of Accounting and Economics, 2022 - Elsevier",73,https://www.sciencedirect.com/science/article/pii/S0165410121000689,True,medium,"Multiple moderate replication signals, no negatives. (a_mod=3)"
1392,The economics of the Greenium: How much is the world willing to pay to save the earth?,2022,"P Lau, W Wan","P Lau, A Sze, W Wan, A Wong - Environmental and Resource Economics, 2022 - Springer",73,https://link.springer.com/article/10.1007/s10640-021-00630-5,True,medium,"Multiple moderate replication signals, no negatives. (a_mod=2)"
1393,Measuring violence against women with experimental methods,2022,V Frisancho,"JM Agüero, V Frisancho - Economic Development and …, 2022 - journals.uchicago.edu",71,https://www.journals.uchicago.edu/doi/abs/10.1086/714008,True,medium,"Multiple moderate replication signals, no negatives. (a_mod=2)"
1394,Economic inequality affects perceived normative values,2022,Á Sánchez-Rodríguez,"Á Sánchez-Rodríguez… - Group Processes & …, 2022 - journals.sagepub.com",66,https://journals.sagepub.com/doi/abs/10.1177/1368430220968141,False,high,No replication signals found in title or abstract.
1395,Emotions and risk attitudes,2022,AN Meier,"AN Meier - American Economic Journal: Applied Economics, 2022 - aeaweb.org",63,https://www.aeaweb.org/articles?id=10.1257/app.20200164,True,medium,"Multiple moderate replication signals, no negatives. (a_mod=3)"
1396,The language of inequality: Evidence economic inequality increases wealth category salience,2022,"K Peters, J Jetten, P Tanjitpiyanond","K Peters, J Jetten, P Tanjitpiyanond… - Personality and …, 2022 - journals.sagepub.com",59,https://journals.sagepub.com/doi/abs/10.1177/01461672211036627,True,high,Abstract has strong replication signal. (a_strong=1)
1397,Global economic uncertainty and suicide: Worldwide evidence,2022,O Claveria,"O Claveria - Social Science & Medicine, 2022 - Elsevier",58,https://www.sciencedirect.com/science/article/pii/S0277953622003471,False,high,No replication signals found in title or abstract.
1398,"Economic policy uncertainty, geopolitical risks, energy output and ecological footprint—empirical evidence from China",2022,,"Y Jiao, X Xiao, X Bao - Energy Reports, 2022 - Elsevier",57,https://www.sciencedirect.com/science/article/pii/S235248472200662X,False,high,No replication signals found in title or abstract.
1399,How economic inequality shapes thought and action,2022,"D Goya‐Tocchetto, BK Payne","D Goya‐Tocchetto, BK Payne - Journal of Consumer …, 2022 - Wiley Online Library",54,https://myscp.onlinelibrary.wiley.com/doi/abs/10.1002/jcpy.1277,True,low,"One moderate signal; might be incidental use of ""replicate"". (a_mod=1)"
1400,Scared straight? Threat and assimilation of refugees in Germany,2022,"P Jaschke, S Sardoschau, M Tabellini","P Jaschke, S Sardoschau, M Tabellini - 2022 - nber.org",53,https://www.nber.org/papers/w30381,True,medium,"Multiple moderate replication signals, no negatives. (a_mod=2)"
1401,Toward a just energy transition: A distributional analysis of low-carbon policies in the USA,2022,"X García-Muros, J Morris, S Paltsev","X García-Muros, J Morris, S Paltsev - Energy Economics, 2022 - Elsevier",52,https://www.sciencedirect.com/science/article/pii/S0140988321006113,False,high,No replication signals found in title or abstract.
1402,Returns in the Labor Market: A Nuanced View of Penalties at the Intersection of Race and Gender in the US,2022,"M Paul, W Darity","M Paul, K Zaw, W Darity - Feminist Economics, 2022 - Taylor & Francis",51,https://www.tandfonline.com/doi/abs/10.1080/13545701.2022.2042472,True,high,Abstract has strong replication signal. (a_strong=1)
1403,"Financial development, reforms and growth",2022,"S Boikos, T Panagiotidis, G Voucharas","S Boikos, T Panagiotidis, G Voucharas - Economic Modelling, 2022 - Elsevier",49,https://www.sciencedirect.com/science/article/pii/S0264999321003230,True,medium,"Multiple moderate replication signals, no negatives. (a_mod=2)"
1404,"Pandemics, economic freedom, and institutional trade-offs",2022,"V Geloso, K Hyde, I Murtazashvili","V Geloso, K Hyde, I Murtazashvili - … Journal of Law and Economics, 2022 - Springer",47,https://link.springer.com/article/10.1007/s10657-021-09704-7,True,low,"One moderate signal; might be incidental use of ""replicate"". (a_mod=1)"
1405,The geography of open source software: evidence from github,2022,"J Wachs, W Schueller, A Polleres","J Wachs, M Nitecki, W Schueller, A Polleres - … Forecasting and Social …, 2022 - Elsevier",47,https://www.sciencedirect.com/science/article/pii/S0040162522000105,False,high,No replication signals found in title or abstract.
1406,An ideology of sustainability under technological revolution: striving towards sustainable development,2022,"RL Ibrahim, AQ Al-Amin","SAR Khan, RL Ibrahim, AQ Al-Amin, Z Yu - Sustainability, 2022 - mdpi.com",47,https://www.mdpi.com/2071-1050/14/8/4415,False,high,No replication signals found in title or abstract.
1407,"Spatial and mathematics skills: Similarities and differences related to age, SES, and gender",2022,"T Johnson, AP Burgoyne, KS Mix","T Johnson, AP Burgoyne, KS Mix, CJ Young… - Cognition, 2022 - Elsevier",46,https://www.sciencedirect.com/science/article/pii/S0010027721003413,False,high,No replication signals found in title or abstract.
1408,The coordinating power of social norms,2022,"F Fallucchi, D Nosenzo","F Fallucchi, D Nosenzo - Experimental Economics, 2022 - Springer",45,https://link.springer.com/article/10.1007/s10683-021-09717-8,True,low,"One moderate signal; might be incidental use of ""replicate"". (a_mod=1)"
1409,Economic inequality increases the preference for status consumption,2022,"A Velandia-Morales, R Rodríguez-Bailón","A Velandia-Morales, R Rodríguez-Bailón… - Frontiers in …, 2022 - frontiersin.org",44,https://www.frontiersin.org/articles/10.3389/fpsyg.2021.809101/full,True,medium,"Multiple moderate replication signals, no negatives. (a_mod=2)"
1410,"Investigate the impact of human capital, economic freedom and governance performance on the economic growth of the BRICS",2022,,"C Duan, Y Zhou, Y Cai, W Gong, C Zhao… - Journal of Enterprise …, 2022 - emerald.com",42,https://www.emerald.com/insight/content/doi/10.1108/JEIM-04-2021-0179,True,low,"One moderate signal; might be incidental use of ""replicate"". (a_mod=1)"
1411,Stability of experimental results: Forecasts and evidence,2022,"S DellaVigna, D Pope","S DellaVigna, D Pope - American Economic Journal: Microeconomics, 2022 - aeaweb.org",42,https://www.aeaweb.org/articles?id=10.1257/mic.20200129,False,high,No replication signals found in title or abstract.
1412,Inclusive monetary policy: How tight labor markets facilitate broad-based employment growth,2022,"B Born, DA Matsa, M Weber","N Bergman, B Born, DA Matsa, M Weber - 2022 - nber.org",42,https://www.nber.org/papers/w29651,True,medium,"Multiple moderate replication signals, no negatives. (a_mod=2)"
1413,"Advancing entrepreneurship theory through replication: A case study on contemporary methodological challenges, future best practices, and an entreaty for …",2022,"GC Crawford, V Skorodziyevskiy","GC Crawford, V Skorodziyevskiy… - … Theory and Practice, 2022 - journals.sagepub.com",42,https://journals.sagepub.com/doi/abs/10.1177/10422587211057422,False,high,No replication signals found in title or abstract.
1414,Uncertainty and monetary policy in good and bad times: A replication of the vector autoregressive investigation by Bloom (2009),2022,"G Caggiano, E Castelnuovo","G Caggiano, E Castelnuovo… - Journal of Applied …, 2022 - Wiley Online Library",41,https://onlinelibrary.wiley.com/doi/abs/10.1002/jae.2861,True,high,"Title contains explicit replication indicator. (t_strong=2, a_strong=0)"
1415,Household financial capability and economic hardship: An empirical examination of the financial capability framework,2022,"S Sun, YC Chen, D Ansong, J Huang","S Sun, YC Chen, D Ansong, J Huang… - … of family and economic …, 2022 - Springer",41,https://link.springer.com/article/10.1007/s10834-022-09816-5,False,high,No replication signals found in title or abstract.
1416,Sexual orientation discrimination in the labor market against gay men,2022,N Drydakis,"N Drydakis - Review of Economics of the Household, 2022 - Springer",39,https://link.springer.com/article/10.1007/s11150-021-09581-8,True,high,Abstract has strong replication signal. (a_strong=1)
1417,Economic and cultural determinants of elite attitudes toward redistribution,2022,"M López, G Moraes Silva, C Teeger","M López, G Moraes Silva, C Teeger… - Socio-Economic …, 2022 - academic.oup.com",37,https://academic.oup.com/ser/article-abstract/20/2/489/5827737,True,medium,"Multiple moderate replication signals, no negatives. (a_mod=2)"
1418,ARDL bounds test for cointegration: Replicating the Pesaran et al.(2001) results for the UK earnings equation using R,2022,"K Natsiopoulos, NG Tzeremes","K Natsiopoulos, NG Tzeremes - Journal of Applied …, 2022 - Wiley Online Library",35,https://onlinelibrary.wiley.com/doi/abs/10.1002/jae.2919,False,high,No replication signals found in title or abstract.
1419,Methods matter: P-hacking and publication bias in causal analysis in economics: Comment,2022,,"S Kranz, P Pütz - American Economic Review, 2022 - aeaweb.org",35,https://www.aeaweb.org/articles?id=10.1257/aer.20210121,True,medium,"Multiple moderate replication signals, no negatives. (a_mod=2)"
1420,"Who gets what: The economy, relative gains and Brexit",2022,"J Green, T Hellwig, E Fieldhouse","J Green, T Hellwig, E Fieldhouse - British Journal of Political Science, 2022 - cambridge.org",35,https://www.cambridge.org/core/journals/british-journal-of-political-science/article/who-gets-what-the-economy-relative-gains-and-brexit/092683A0C4CE85FD53FAFAEA6B7207E5,True,high,Abstract has strong replication signal. (a_strong=1)
1421,Parenting values and the intergenerational transmission of time preferences,2022,T Epper,"AA Brenøe, T Epper - European economic review, 2022 - Elsevier",34,https://www.sciencedirect.com/science/article/pii/S0014292122001192,False,high,No replication signals found in title or abstract.
1422,Relationship between government expenditure and economic growth: evidence from Vanuatu,2022,B Singh,"H Chen, B Singh, WS Aru - Journal of the Asia Pacific Economy, 2022 - Taylor & Francis",34,https://www.tandfonline.com/doi/abs/10.1080/13547860.2020.1844610,False,high,No replication signals found in title or abstract.
1423,Semesters or quarters? The effect of the academic calendar on postsecondary student outcomes,2022,"V Bostwick, S Fischer, M Lang","V Bostwick, S Fischer, M Lang - American Economic Journal: Economic …, 2022 - aeaweb.org",34,https://www.aeaweb.org/articles?id=10.1257/pol.20190589,True,medium,"Multiple moderate replication signals, no negatives. (a_mod=2)"
1424,A new algorithm for structural restrictions in Bayesian vector autoregressions,2022,D Korobilis,"D Korobilis - European Economic Review, 2022 - Elsevier",34,https://www.sciencedirect.com/science/article/pii/S001429212200143X,False,high,No replication signals found in title or abstract.
1425,"Demographic change, technological advance, and growth: A cross-country analysis",2022,"CY Park, K Shin, A Kikkawa","CY Park, K Shin, A Kikkawa - Economic Modelling, 2022 - Elsevier",33,https://www.sciencedirect.com/science/article/pii/S026499932100331X,True,high,Abstract has strong replication signal. (a_strong=1)
1426,Perception of economic inequality weakens Americans' beliefs in both upward and downward socioeconomic mobility,2022,AS Browman,"AS Browman, M Destin, DB Miele - Asian Journal of Social …, 2022 - Wiley Online Library",32,https://onlinelibrary.wiley.com/doi/abs/10.1111/ajsp.12481,False,high,No replication signals found in title or abstract.
1427,Do monetary incentives undermine performance on intrinsically enjoyable tasks? A field test,2022,,"C Esteves-Sorenson, R Broce - Review of Economics and Statistics, 2022 - direct.mit.edu",29,https://direct.mit.edu/rest/article-abstract/104/1/67/97664,False,high,No replication signals found in title or abstract.
1428,"Economic policy uncertainty, oil price volatility and stock market returns: Evidence from a nonlinear model",2022,Y Ma,"X Liu, Y Wang, W Du, Y Ma - The North American Journal of Economics …, 2022 - Elsevier",28,https://www.sciencedirect.com/science/article/pii/S1062940822001176,True,medium,"Multiple moderate replication signals, no negatives. (a_mod=2)"
1429,Preferences and perceptions in provision and maintenance public goods,2022,"S Gächter, F Kölle, S Quercia","S Gächter, F Kölle, S Quercia - Games and Economic Behavior, 2022 - Elsevier",28,https://www.sciencedirect.com/science/article/pii/S0899825622001087,True,high,Abstract has strong replication signal. (a_strong=1)
1430,What's across the border? Re-evaluating the cross-border evidence on minimum wage effects,2022,"P Jha, D Neumark, A Rodriguez-Lopez","P Jha, D Neumark, A Rodriguez-Lopez - 2022 - aeaweb.org",28,https://www.aeaweb.org/conference/2024/program/paper/S9YZBS4E,False,high,No replication signals found in title or abstract.
1431,Raising the bar: minimum wages and employers' hiring standards,2022,S Butschek,"S Butschek - American Economic Journal: Economic Policy, 2022 - aeaweb.org",28,https://www.aeaweb.org/articles?id=10.1257/pol.20190534,True,medium,"Multiple moderate replication signals, no negatives. (a_mod=3)"
1432,Disagreement in economic forecasts and equity returns: risk or mispricing?,2022,"TG Bali, SJ Brown","TG Bali, SJ Brown, Y Tang - China Finance Review International, 2022 - emerald.com",27,https://www.emerald.com/insight/content/doi/10.1108/CFRI-05-2022-0075,True,medium,"Multiple moderate replication signals, no negatives. (a_mod=2)"
1433,Are there no wage returns to compulsory schooling in Germany? A reassessment,2022,K Cygan‐Rehm,"K Cygan‐Rehm - Journal of Applied Econometrics, 2022 - Wiley Online Library",27,https://onlinelibrary.wiley.com/doi/abs/10.1002/jae.2854,False,high,No replication signals found in title or abstract.
1434,Obviousness around the clock,2022,"Y Breitmoser, S Schweighofer-Kodritsch","Y Breitmoser, S Schweighofer-Kodritsch - Experimental Economics, 2022 - Springer",26,https://link.springer.com/article/10.1007/s10683-021-09720-z,False,high,No replication signals found in title or abstract.
1435,Relative performance feedback and the effects of being above average—field experiment and replication,2022,"R Brade, O Himmler","R Brade, O Himmler, R Jäckle - Economics of Education Review, 2022 - Elsevier",26,https://www.sciencedirect.com/science/article/pii/S0272775722000449,True,high,Abstract has strong replication signal. (a_strong=1)
1436,Is fiscal policy more effective during recessions?,2022,M Alloza,"M Alloza - International Economic Review, 2022 - Wiley Online Library",26,https://onlinelibrary.wiley.com/doi/abs/10.1111/iere.12571,True,high,Abstract has strong replication signal. (a_strong=1)
1437,Environmental disparities in urban Mexico: Evidence from toxic water pollution,2022,"L Chakraborti, JP Shimshack","L Chakraborti, JP Shimshack - Resource and Energy Economics, 2022 - Elsevier",26,https://www.sciencedirect.com/science/article/pii/S092876552100066X,True,low,"One moderate signal; might be incidental use of ""replicate"". (a_mod=1)"
1438,"Extensions of the Pesaran, Shin and Smith (2001) bounds testing procedure",2022,"G Bertsatos, P Sakellaris, MG Tsionas","G Bertsatos, P Sakellaris, MG Tsionas - Empirical Economics, 2022 - Springer",25,https://link.springer.com/article/10.1007/s00181-021-02041-3,True,high,Abstract has strong replication signal. (a_strong=1)
1439,Do economic conditions affect climate change beliefs and support for climate action? Evidence from the US in the wake of the Great Recession,2022,AG Meyer,"AG Meyer - Economic Inquiry, 2022 - Wiley Online Library",25,https://onlinelibrary.wiley.com/doi/abs/10.1111/ecin.13036,True,medium,"Multiple moderate replication signals, no negatives. (a_mod=2)"
1440,When macro time series meets micro panel data: A clear and present danger,2022,,"HC Huang, X Wang, X Xiong - Energy Economics, 2022 - Elsevier",25,https://www.sciencedirect.com/science/article/pii/S0140988322004182,True,medium,"Multiple moderate replication signals, no negatives. (a_mod=2)"
1441,EU integration and structural gravity: A comprehensive quantification of the border effect on trade,2022,,"J Spornberger - Review of International Economics, 2022 - Wiley Online Library",25,https://onlinelibrary.wiley.com/doi/abs/10.1111/roie.12589,False,medium,"Replication language appears incidental (method step, table/figure reproduction, own results)."
1442,Testing the impact of fiscal policies for economic recovery: does monetary policy act as catalytic tool for economic Survival,2022,"HB Saydaliev, V Dagar","B Yuan, W Leiling, HB Saydaliev, V Dagar… - Economic Change and …, 2022 - Springer",24,https://link.springer.com/article/10.1007/S10644-022-09383-7,True,high,Abstract has strong replication signal. (a_strong=1)
1443,Evaluating the effectiveness of a volunteer one-on-one tutoring model for early elementary reading intervention: A randomized controlled trial replication study,2022,,"CE Markovitz, MW Hernandez… - American …, 2022 - journals.sagepub.com",23,https://journals.sagepub.com/doi/abs/10.3102/00028312211066848,True,high,"Title contains explicit replication indicator. (t_strong=1, a_strong=0)"
1444,Rational inattention in the infield,2022,"V Bhattacharya, G Howard","V Bhattacharya, G Howard - American Economic Journal …, 2022 - aeaweb.org",23,https://www.aeaweb.org/articles?id=10.1257/mic.20200310,True,high,Abstract has multiple strong replication signals. (a_strong=2)
1445,The link between financial education and financial literacy: A cross-national analysis,2022,"J Jerrim, LA Lopez-Agudo","J Jerrim, LA Lopez-Agudo… - … Journal of Economic …, 2022 - Taylor & Francis",23,https://www.tandfonline.com/doi/abs/10.1080/00220485.2022.2111383,False,high,No replication signals found in title or abstract.
1446,Man versus machine: on artificial intelligence and hedge funds performance,2022,"K Grobys, JW Kolari","K Grobys, JW Kolari, J Niang - Applied Economics, 2022 - Taylor & Francis",23,https://www.tandfonline.com/doi/abs/10.1080/00036846.2022.2032585,False,high,No replication signals found in title or abstract.
1447,"Employee satisfaction and long-run stock returns, 1984–2020",2022,H Boustanifar,"H Boustanifar, YD Kang - Financial Analysts Journal, 2022 - Taylor & Francis",23,https://www.tandfonline.com/doi/abs/10.1080/0015198X.2022.2074241,True,high,Abstract has strong replication signal. (a_strong=1)
1448,Match length realization and cooperation in indefinitely repeated games,2022,"F Mengel, S Weidenholzer","F Mengel, L Orlandi, S Weidenholzer - Journal of Economic Theory, 2022 - Elsevier",21,https://www.sciencedirect.com/science/article/pii/S0022053122000060,True,high,Abstract has strong replication signal. (a_strong=1)
1449,Economic uncertainty and natural language processing; The case of Russia,2022,"W Charemza, S Makarova, K Rybiński","W Charemza, S Makarova, K Rybiński - Economic Analysis and Policy, 2022 - Elsevier",21,https://www.sciencedirect.com/science/article/pii/S0313592621001612,True,high,Abstract has strong replication signal. (a_strong=1)
1450,The impact of power and relationship commitment on customer integration: a replication and extension,2022,"M Zhang, B Huo, B Flynn","M Zhang, X Zhao, B Huo, B Flynn - International Journal of Physical …, 2022 - emerald.com",20,https://www.emerald.com/insight/content/doi/10.1108/ijpdlm-04-2021-0121/full/html,True,high,"Title contains explicit replication indicator. (t_strong=2, a_strong=0)"
1451,Cumulative lifetime stressor exposure assessed by the STRAIN predicts economic ambiguity aversion,2022,"CM Raio, M Grubb, GS Shields","CM Raio, BB Lu, M Grubb, GS Shields… - Nature …, 2022 - nature.com",20,https://www.nature.com/articles/s41467-022-28530-2,True,high,Abstract has multiple strong replication signals. (a_strong=4)
1452,A replication of “an experimental test of the expectancy‐disconfirmation theory of citizen satisfaction”,2022,"W Chen, B Dong, CW Hsieh, MJ Lee, N Liu","W Chen, B Dong, CW Hsieh, MJ Lee, N Liu… - Public …, 2022 - Wiley Online Library",20,https://onlinelibrary.wiley.com/doi/abs/10.1111/padm.12860,True,high,"Title contains explicit replication indicator. (t_strong=2, a_strong=0)"
1453,Green perceived value and consumer attitudes in the light of the SDGs: a replication study from a developing economy,2022,"SM Braimah, GK Amoako, A Abubakari","SM Braimah, GK Amoako, A Abubakari… - Society and Business …, 2022 - emerald.com",20,https://www.emerald.com/insight/content/doi/10.1108/sbr-03-2022-0088,True,high,"Title contains explicit replication indicator. (t_strong=2, a_strong=1)"
1454,The non-independence of nations and why it matters,2022,"S Claessens, Q Atkinson","S Claessens, Q Atkinson - 2022 - osf.io",20,https://osf.io/preprints/psyarxiv/m6bsn/,False,high,No replication signals found in title or abstract.
1455,The scientific method: A guide to finding useful knowledge,2022,"JS Armstrong, KC Green","JS Armstrong, KC Green - 2022 - books.google.com",20,https://books.google.com/books?hl=en&lr=&id=g2B2EAAAQBAJ&oi=fnd&pg=PR11&dq=replication+economics&ots=ah_SeuywPW&sig=HAOf4_iLwfSgbzA5jHUuwdbNWUc,True,high,Abstract has multiple strong replication signals. (a_strong=2)
1456,Measurement error in US regional economic data,2022,CW Carpenter,"CW Carpenter, A Van Sandt… - Journal of Regional …, 2022 - Wiley Online Library",19,https://onlinelibrary.wiley.com/doi/abs/10.1111/jors.12551,False,high,No replication signals found in title or abstract.
1457,Economic evaluation of a JAK inhibitor compared to a monoclonal antibody for treatment of moderate-to-severe atopic dermatitis from a UK perspective,2022,D Willems,"KC Heinz, D Willems, M Hiligsmann - … of medical economics, 2022 - Taylor & Francis",19,https://www.tandfonline.com/doi/abs/10.1080/13696998.2022.2059220,False,high,No replication signals found in title or abstract.
1458,The effect of stereotypes on black college test scores at a historically black university,2022,"M Alston, WA Darity, CC Eckel","M Alston, WA Darity, CC Eckel, L McNeil… - Journal of Economic …, 2022 - Elsevier",19,https://www.sciencedirect.com/science/article/pii/S0167268121005151,True,high,Abstract has strong replication signal. (a_strong=1)
1459,The duality of poverty: A replication of Mani et al.(2013) in Colombia,2022,"F González-Arango, J Corredor","F González-Arango, J Corredor, MA López-Ardila… - Theory and …, 2022 - Springer",18,https://link.springer.com/article/10.1007/s11238-021-09836-x,True,medium,Title strongly indicates replication despite abstract discussion of replication broadly.
1460,"Subsidizing unit donations: Matches, rebates, and discounts compared",2022,"CC Eckel, R Epperson, T Goeschl","J Diederich, CC Eckel, R Epperson, T Goeschl… - … Economics, 2022 - Springer",18,https://link.springer.com/article/10.1007/s10683-021-09732-9,False,high,No replication signals found in title or abstract.
1461,Does urban concentration matter for changes in country economic performance?,2022,"R Ganau, A Rodríguez-Pose","R Ganau, A Rodríguez-Pose - Urban Studies, 2022 - journals.sagepub.com",18,https://journals.sagepub.com/doi/abs/10.1177/0042098021998927,False,high,No replication signals found in title or abstract.
1462,High resolution treatment effects estimation: Uncovering effect heterogeneities with the modified causal forest,2022,"H Busshoff, M Lechner","H Bodory, H Busshoff, M Lechner - Entropy, 2022 - mdpi.com",18,https://www.mdpi.com/1099-4300/24/8/1039,True,medium,"Multiple moderate replication signals, no negatives. (a_mod=2)"
1463,Income inequality measures and economic growth channels,2022,,"R Blotevogel, E Imamoglu, K Moriyama… - Journal of Macroeconomics, 2022 - Elsevier",18,https://www.sciencedirect.com/science/article/pii/S0164070422000167,True,low,"One moderate signal; might be incidental use of ""replicate"". (a_mod=1)"
1464,Does certainty on the winner diminish the interest in sport competitions? The case of formula one,2022,"P Garcia-del-Barrio, JJ Reade","P Garcia-del-Barrio, JJ Reade - Empirical Economics, 2022 - Springer",17,https://link.springer.com/article/10.1007/s00181-021-02147-8,True,high,Abstract has strong replication signal. (a_strong=1)
1465,Carrot and stick: Economic support and stringency policies in response to COVID-19,2022,"V Alfano, S Ercolano, M Pinto","V Alfano, S Ercolano, M Pinto - Evaluation and Program Planning, 2022 - Elsevier",17,https://www.sciencedirect.com/science/article/pii/S0149718922000830,False,high,No replication signals found in title or abstract.
1466,"Re-analysis, measurement and misperceptions of cost overruns at Olympic Games",2022,H Preuss,"H Preuss - International Journal of Sport Policy and Politics, 2022 - Taylor & Francis",17,https://www.tandfonline.com/doi/abs/10.1080/19406940.2022.2037685,False,high,No replication signals found in title or abstract.
1467,Endogenous inclusion in the Demographic and Health Survey anthropometric sample: Implications for studying height within households,2022,"D Spears, D Coffey, JR Behrman","D Spears, D Coffey, JR Behrman - Journal of Development Economics, 2022 - Elsevier",16,https://www.sciencedirect.com/science/article/pii/S0304387821001413,True,high,Abstract has strong replication signal. (a_strong=1)
1468,The minimum wage and search effort,2022,"J Meer, CW Sloan","C Adams, J Meer, CW Sloan - Economics Letters, 2022 - Elsevier",16,https://www.sciencedirect.com/science/article/pii/S0165176522000106,True,medium,"Multiple moderate replication signals, no negatives. (a_mod=2)"
1469,"Framing effects, procedural fairness, and the nonprofit managers' reactions to job layoffs in response to the economic shock of the COVID-19 crisis",2022,MH Kim,"MH Kim - Voluntas: International Journal of Voluntary and …, 2022 - Springer",16,https://link.springer.com/article/10.1007/s11266-021-00439-2,True,high,Abstract has strong replication signal. (a_strong=1)
1470,On the robustness of gender differences in economic behavior,2022,"H Fornwagner, B Grosskopf, V Schöller","H Fornwagner, B Grosskopf, A Lauf, V Schöller… - Scientific Reports, 2022 - nature.com",16,https://www.nature.com/articles/s41598-022-25141-1,False,high,No replication signals found in title or abstract.
1471,The relationship between state-level carbon emissions and average working hours in the United States: a replication study,2022,"DJ Mallinson, KJG Cheng","DJ Mallinson, KJG Cheng - Environmental Sociology, 2022 - Taylor & Francis",16,https://www.tandfonline.com/doi/abs/10.1080/23251042.2021.1975350,True,high,"Title contains explicit replication indicator. (t_strong=2, a_strong=0)"
1472,Audit committee attributes and the financial reporting quality of listed deposit money banks in Nigeria,2022,"N Shehu Aliyu, AA Abdullah","RB Ayinla, N Shehu Aliyu, AA Abdullah - Accounting and taxation review, 2022 - zbw.eu",16,https://www.zbw.eu/econis-archiv/bitstream/11159/12658/1/1822179009_0.pdf,False,high,No replication signals found in title or abstract.
1473,The materiality challenge of ESG ratings,2022,,"Z Williams - Economics and Culture, 2022 - sciendo.com",15,https://sciendo.com/pdf/10.2478/jec-2022-0019,False,high,No replication signals found in title or abstract.
1474,Strength is still a weakness in coalition formation: Replicating and understanding the Strength-is-Weakness effect,2022,"I van Beest, T Pronk","J Wissink, I van Beest, T Pronk… - Personality and Social …, 2022 - journals.sagepub.com",15,https://journals.sagepub.com/doi/abs/10.1177/01461672211005883,True,medium,"Multiple moderate replication signals, no negatives. (a_mod=2)"
1475,Happiness and Economic Choice,2022,RK Brahmana,"M Kontesa, JCY Wong, RK Brahmana… - … (Jurnal Ekonomi dan …, 2022 - ejournal.stiesia.ac.id",15,https://ejournal.stiesia.ac.id/ekuitas/article/view/4844,True,high,Abstract has strong replication signal. (a_strong=1)
1476,Narrative theory IV: Within-subject effects of active and control scarcity narratives on delay discounting in alcohol use disorder.,2022,AN Tegge,"WH Craft, AN Tegge, WK Bickel - Experimental and clinical …, 2022 - psycnet.apa.org",15,https://psycnet.apa.org/record/2021-59798-001,False,high,No replication signals found in title or abstract.
1477,Game-based learning as a gateway for promoting financial literacy–how games in economics influence students' financial interest,2022,L Platz,"L Platz, M Jüttler - Citizenship, Social and Economics …, 2022 - journals.sagepub.com",15,https://journals.sagepub.com/doi/abs/10.1177/14788047221135343,True,high,Abstract has multiple strong replication signals. (a_strong=2)
1478,Community college entrance and bachelor's degree attainment: A replication and update,2022,"J Pretlow, M Cameron","J Pretlow, M Cameron… - Community College …, 2022 - journals.sagepub.com",14,https://journals.sagepub.com/doi/abs/10.1177/00915521221087281,True,high,"Title contains explicit replication indicator. (t_strong=2, a_strong=0)"
1479,Multiple market moralities: identifying distinct patterns in how consumers evaluate the fairness of price changes,2022,"EM McDonnell, DS Stoltz, MA Taylor","EM McDonnell, DS Stoltz, MA Taylor - Socio-economic review, 2022 - academic.oup.com",14,https://academic.oup.com/ser/article-abstract/20/3/883/5920448,False,high,No replication signals found in title or abstract.
1480,Survey evidence on core factors of behavioral biases,2022,"MO Rieger, M Wang, YL Hsu","MO Rieger, M Wang, PK Huang, YL Hsu - … and Experimental Economics, 2022 - Elsevier",14,https://www.sciencedirect.com/science/article/pii/S2214804322000866,True,low,"One moderate signal; might be incidental use of ""replicate"". (a_mod=1)"
1481,Do virtual reality experiments replicate projection bias phenomena? Examining the external validity of a virtual supermarket,2022,"T de‐Magistris, B López‐Galán","T de‐Magistris, B López‐Galán… - … Agricultural Economics, 2022 - Wiley Online Library",14,https://onlinelibrary.wiley.com/doi/abs/10.1111/1477-9552.12443,False,high,No replication signals found in title or abstract.
1482,Choice uncertainty and the endowment effect,2022,"C McGranaghan, SG Otto","C McGranaghan, SG Otto - Journal of Risk and Uncertainty, 2022 - Springer",13,https://link.springer.com/article/10.1007/s11166-022-09387-8,False,high,No replication signals found in title or abstract.
1483,Economic impacts of melting of the Antarctic Ice Sheet,2022,,"S Dietz, F Koninx - nature communications, 2022 - nature.com",13,https://www.nature.com/articles/s41467-022-33406-6,True,low,"One moderate signal; might be incidental use of ""replicate"". (a_mod=1)"
1484,Idiosyncratic equity risk two decades later,2022,"JY Campbell, M Lettau, Y Xu","JY Campbell, M Lettau, BG Malkiel, Y Xu - 2022 - nber.org",13,https://www.nber.org/papers/w29916,False,high,No replication signals found in title or abstract.
1485,The competitive woman: Evolutionary insights and cross-cultural evidence into finding the Femina Economica,2022,"A Cassar, YJ Zhang","A Cassar, YJ Zhang - Journal of Economic Behavior & Organization, 2022 - Elsevier",13,https://www.sciencedirect.com/science/article/pii/S0167268122000567,True,low,"One moderate signal; might be incidental use of ""replicate"". (a_mod=1)"
1486,Economic impacts of public air transport investment: a case study of Egypt,2022,"ET Njoya, AM Ragab","ET Njoya, AM Ragab - Sustainability, 2022 - mdpi.com",13,https://www.mdpi.com/2071-1050/14/5/2651,True,low,"One moderate signal; might be incidental use of ""replicate"". (a_mod=1)"
1487,Methods matter: p-hacking and publication bias in causal analysis in economics: reply,2022,"A Brodeur, N Cook, A Heyes","A Brodeur, N Cook, A Heyes - American Economic Review, 2022 - aeaweb.org",12,https://www.aeaweb.org/articles?id=10.1257/aer.20220277,False,high,No replication signals found in title or abstract.
1488,Does too much trust hamper economic growth?,2022,F Roth,"F Roth - … : Essays on Labor Productivity, Monetary Economics …, 2022 - Springer",12,https://link.springer.com/chapter/10.1007/978-3-030-86186-5_7,False,high,No replication signals found in title or abstract.
1489,Detrimental collaborations in creative work: Evidence from economics,2022,"K Vakili, F Teodoridis, M Bikard","K Vakili, F Teodoridis, M Bikard - Organization Science, 2022 - pubsonline.informs.org",12,https://pubsonline.informs.org/doi/abs/10.1287/orsc.2021.1501,True,medium,"Multiple moderate replication signals, no negatives. (a_mod=3)"
1490,"Social closeness can help, harm and be irrelevant in solving pure coordination problems",2022,"S Gächter, C Starmer, C Thöni, F Tufano, TO Weber","S Gächter, C Starmer, C Thöni, F Tufano, TO Weber - Economics Letters, 2022 - Elsevier",12,https://www.sciencedirect.com/science/article/pii/S0165176522001562,True,medium,"Multiple moderate replication signals, no negatives. (a_mod=2)"
1491,What about diversity? The effect of organizational economic inequality on the perceived presence of women and ethnic minority groups,2022,"E Moreno-Bella, C Kulich, GB Willis, M Moya","E Moreno-Bella, C Kulich, GB Willis, M Moya - Plos One, 2022 - journals.plos.org",12,https://journals.plos.org/plosone/article?id=10.1371/journal.pone.0271356,True,low,"One moderate signal; might be incidental use of ""replicate"". (a_mod=1)"
1492,"Temperature and us economic growth: Comment on colacito, hoffmann, and phan",2022,,"D Barker - Econ Journal Watch, 2022 - econjwatch.org",12,https://econjwatch.org/File+download/1246/BarkerSept2022.pdf,False,high,No replication signals found in title or abstract.
1493,Psychological value theory: The psychological value of human lives and economic goods.,2022,DJ Cohen,"DJ Cohen, AR Cromley, KE Freda… - Journal of Experimental …, 2022 - psycnet.apa.org",12,https://psycnet.apa.org/fulltext/2021-81900-001.html,True,medium,"Multiple moderate replication signals, no negatives. (a_mod=2)"
1494,"International differences in math and science tilts: The stability, geography, and predictive power of tilt for economic criteria",2022,"TR Coyle, H Rindermann","D Becker, TR Coyle, TL Minnigh, H Rindermann - Intelligence, 2022 - Elsevier",12,https://www.sciencedirect.com/science/article/pii/S0160289622000277,False,high,No replication signals found in title or abstract.
1495,Choosing factors: the international evidence,2022,"K Grobys, JW Kolari","K Grobys, JW Kolari - Applied economics, 2022 - Taylor & Francis",11,https://www.tandfonline.com/doi/abs/10.1080/00036846.2021.1967865,True,low,"One moderate signal; might be incidental use of ""replicate"". (a_mod=1)"
1496,Not so far east? The impact of Central-Eastern European imports on the Brexit referendum,2022,"F Nicoli, AK Reinl","F Nicoli, D Geulen Walters, AK Reinl - Journal of European Public …, 2022 - Taylor & Francis",11,https://www.tandfonline.com/doi/abs/10.1080/13501763.2021.1968935,True,medium,"Multiple moderate replication signals, no negatives. (a_mod=2)"
1497,Economic segregation and public support for redistribution,2022,WW Franko,"WW Franko, AC Livingston - The Social Science Journal, 2022 - Taylor & Francis",11,https://www.tandfonline.com/doi/abs/10.1080/03623319.2020.1727223,True,medium,"Multiple moderate replication signals, no negatives. (a_mod=2)"
1498,Energy transitions and technology change:“Leapfrogging” reconsidered,2022,,"TR Fetter - Resource and Energy Economics, 2022 - Elsevier",11,https://www.sciencedirect.com/science/article/pii/S0928765522000446,False,high,No replication signals found in title or abstract.
1499,A replication note on humanitarian aid and violence,2022,S Mary,"S Mary - Empirical economics, 2022 - Springer",10,https://link.springer.com/article/10.1007/s00181-021-02064-w,True,high,"Title contains explicit replication indicator. (t_strong=1, a_strong=2)"
1500,A promising approach to optimizing sequential treatment decisions for depression: Markov decision process,2022,F Li,"F Li, F Jörg, X Li, T Feenstra - PharmacoEconomics, 2022 - Springer",10,https://link.springer.com/article/10.1007/s40273-022-01185-z,False,high,No replication signals found in title or abstract.
1501,One more for the road: Reconsidering whether OECD gasoline income and price elasticities have changed over time,2022,B Liddle,"B Liddle, S Parker - Energy Economics, 2022 - Elsevier",10,https://www.sciencedirect.com/science/article/pii/S0140988322004157,False,high,No replication signals found in title or abstract.
1502,2D: 4D and self-employment: A preregistered replication study in a large general population sample,2022,"FM Fossen, L Neyse","FM Fossen, L Neyse… - … Theory and Practice, 2022 - journals.sagepub.com",9,https://journals.sagepub.com/doi/abs/10.1177/1042258720985478,True,high,"Title contains explicit replication indicator. (t_strong=2, a_strong=3)"
1503,Agglomeration and emigration: The economic impact of railways in post-famine Ireland,2022,"A Fernihough, RC Lyons","A Fernihough, RC Lyons - 2022 - econstor.eu",9,https://www.econstor.eu/handle/10419/266731,True,high,Abstract has strong replication signal. (a_strong=1)
1504,Publication bias in asset pricing research,2022,"AY Chen, T Zimmermann","AY Chen, T Zimmermann - arXiv preprint arXiv:2209.13623, 2022 - arxiv.org",9,https://arxiv.org/abs/2209.13623,False,high,No replication signals found in title or abstract.
1505,Conditional skewness in asset pricing: 25 years of out-of-sample evidence,2022,"CR Harvey, AR Siddique","CR Harvey, AR Siddique - Available at SSRN 4085027, 2022 - papers.ssrn.com",9,https://papers.ssrn.com/sol3/papers.cfm?abstract_id=4085027,False,high,No replication signals found in title or abstract.
1506,Schumpeter vs. Keynes redux:“Still not dead”,2022,JT Dalton,"JT Dalton, LR Gaeto - Southern Economic Journal, 2022 - Wiley Online Library",9,https://onlinelibrary.wiley.com/doi/abs/10.1002/soej.12598,False,high,No replication signals found in title or abstract.
1507,Intertemporal consumption and debt aversion: a replication and extension,2022,"C Bosch-Rosa, T Meissner","S Ahrens, C Bosch-Rosa, T Meissner - Journal of the Economic …, 2022 - cambridge.org",8,https://www.cambridge.org/core/journals/journal-of-the-economic-science-association/article/intertemporal-consumption-and-debt-aversion-a-replication-and-extension/BDEFF40C9E2D277C615DECE807AE9172,True,high,"Title contains explicit replication indicator. (t_strong=2, a_strong=1)"
1508,Did the COVID-19 pandemic change the willingness to pay for an early warning system for infectious diseases in Europe?,2022,"S Himmler, J van Exel, W Brouwer","S Himmler, J van Exel, W Brouwer - … Journal of Health Economics, 2022 - Springer",8,https://link.springer.com/article/10.1007/s10198-021-01353-6,True,high,Abstract has strong replication signal. (a_strong=1)
1509,Slouching or speeding toward net zero? Evidence from COVID-19 energy-related stimulus policies in the G20,2022,"K Andrew, B Majerbi, E Rhodes","K Andrew, B Majerbi, E Rhodes - Ecological Economics, 2022 - Elsevier",8,https://www.sciencedirect.com/science/article/pii/S0921800922002488,True,medium,"Multiple moderate replication signals, no negatives. (a_mod=2)"
1510,Using Digitized Newspapers to Refine Historical Measures: The Case of the Boll Weevil,2022,"A Ferrara, JY Ha, R Walsh","A Ferrara, JY Ha, R Walsh - 2022 - nber.org",8,https://www.nber.org/papers/w29808,False,high,No replication signals found in title or abstract.
1511,Entrepreneurial competencies of university students,2022,"T Ratković, S Šokčević","T Ratković, H Šlogar, S Šokčević - Economics & sociology, 2022 - search.proquest.com",8,https://search.proquest.com/openview/6b8ee20292156531efda06b1ae5ff228/1?pq-origsite=gscholar&cbl=1416337,True,low,"One moderate signal; might be incidental use of ""replicate"". (a_mod=1)"
1512,Save the best for last I: Young adults demonstrate negative time preference—A replication and extension.,2022,MA Frank-Crawford,"MI Castillo, S Sun, MA Frank-Crawford… - … Research and Practice, 2022 - psycnet.apa.org",8,https://psycnet.apa.org/fulltext/2022-53877-001.html,True,high,"Title contains explicit replication indicator. (t_strong=2, a_strong=1)"
1513,Beyond money: Risk preferences across both economic and non-economic contexts predict financial decisions,2022,"C Reeck, ODA Mullette-Gillman","C Reeck, ODA Mullette-Gillman, RE McLaurin… - Plos one, 2022 - journals.plos.org",8,https://journals.plos.org/plosone/article?id=10.1371/journal.pone.0279125,True,medium,"Multiple moderate replication signals, no negatives. (a_mod=2)"
1514,Unveiling the relationship between economic growth and equality for developing countries,2022,"TS Cheong, DKH Chui","TS Cheong, G Wan, DKH Chui - China & World Economy, 2022 - Wiley Online Library",8,https://onlinelibrary.wiley.com/doi/abs/10.1111/cwe.12435,False,high,No replication signals found in title or abstract.
1515,"Prosocial spending encourages happiness: A replication of the only experiment reported in Dunn, Aknin, and Norton (2008)",2022,"LD Nelson, MH Jung","G Kim, I Adams, M Diaw, M Celly, LD Nelson, MH Jung - Plos One, 2022 - journals.plos.org",7,https://journals.plos.org/plosone/article?id=10.1371/journal.pone.0272434,True,high,"Title contains explicit replication indicator. (t_strong=2, a_strong=4)"
1516,Both Judge and Party? An Analysis of the Political Leaning of Fact-checkers,2022,C Louis-Sidois,"C Louis-Sidois - An Analysis of the Political Leaning of Fact …, 2022 - papers.ssrn.com",7,https://papers.ssrn.com/sol3/papers.cfm?abstract_id=4030887,True,medium,"Multiple moderate replication signals, no negatives. (a_mod=3)"
1517,Using player types to understand cooperative behaviour under economic and sociocultural heterogeneity in common-pool resources: evidence from lab experiments …,2022,F van Klingeren,"F van Klingeren - Plos one, 2022 - journals.plos.org",7,https://journals.plos.org/plosone/article?id=10.1371/journal.pone.0268616,False,high,No replication signals found in title or abstract.
1518,On the reliability of individual economic rationality measurements,2022,FJ Nitsch,"FJ Nitsch, LM Lüpken, N Lüschow… - Proceedings of the …, 2022 - pnas.org",7,https://www.pnas.org/doi/abs/10.1073/pnas.2202070119,True,high,Abstract has multiple strong replication signals. (a_strong=2)
1519,"Bloody investment: Misaligned incentives, money laundering and violence",2022,V Romero,"V Romero - Trends in Organized Crime, 2022 - Springer",7,https://link.springer.com/article/10.1007/s12117-020-09391-x,True,medium,"Multiple moderate replication signals, no negatives. (a_mod=2)"
1520,No evidence of attraction effect among recommended options: A large-scale field experiment on an online flight aggregator,2022,"I Rafai, Z Babutsidze, N Hanaki","I Rafai, Z Babutsidze, T Delahaye, N Hanaki… - Decision Support …, 2022 - Elsevier",7,https://www.sciencedirect.com/science/article/pii/S0167923621001822,False,high,No replication signals found in title or abstract.
1521,The restart effect in social dilemmas shows humans are self-interested not altruistic,2022,MN Burton-Chellew,"MN Burton-Chellew - Proceedings of the National Academy of Sciences, 2022 - pnas.org",7,https://www.pnas.org/doi/abs/10.1073/pnas.2210082119,True,low,"One moderate signal; might be incidental use of ""replicate"". (a_mod=1)"
1522,Replication in energy markets: Use and misuse of chaos tools,2022,"L Mastroeni, P Vellucci","L Mastroeni, P Vellucci - Entropy, 2022 - mdpi.com",7,https://www.mdpi.com/1099-4300/24/5/701,True,high,"Title contains explicit replication indicator. (t_strong=1, a_strong=0)"
1523,Incentivization matters: a meta-perspective on dictator games,2022,"PD Grech, HH Nax","PD Grech, HH Nax, A Soos - Journal of the Economic Science …, 2022 - cambridge.org",7,https://www.cambridge.org/core/journals/journal-of-the-economic-science-association/article/incentivization-matters-a-metaperspective-on-dictator-games/6FC45784A9626504D6FE3861C9CAEE73,False,high,No replication signals found in title or abstract.
1524,Equity premium forecasts tend to perform worse against a buy-and-hold benchmark,2022,G Löffler,"G Löffler - Critical Finance Review, 2022 - cfr.ivo-welch.info",6,https://cfr.ivo-welch.info/published/papers/loeffler2021buyandhold.pdf,True,high,Abstract has strong replication signal. (a_strong=1)
1525,"Impact of induced moods, sensation seeking, and emotional contagion on economic decisions under risk",2022,"K Efimov, I Ntoumanis","K Efimov, I Ntoumanis, O Kuskova, D Kadieva… - Frontiers in …, 2022 - frontiersin.org",6,https://www.frontiersin.org/articles/10.3389/fpsyg.2021.796016/full,False,high,No replication signals found in title or abstract.
1526,Leveling up applied behavioral economics,2022,DG Goldstein,"DG Goldstein - The Behavioral Economics Guide (with an …, 2022 - neovantas.com",6,https://www.neovantas.com/wp-content/uploads/2022/10/BEGuide2022_con-articulo-de-Neovantas_compressed.pdf#page=7,True,low,"One moderate signal; might be incidental use of ""replicate"". (a_mod=1)"
1527,Why some acute health effects of air pollution could be inflated,2022,,"V Bagilet, L Zabrocki-Hallak - 2022 - econstor.eu",6,https://www.econstor.eu/handle/10419/266386,False,high,No replication signals found in title or abstract.
1528,The cyclical relationship of peace and trust,2022,MR Trussell,"MR Trussell - Defence and Peace Economics, 2022 - Taylor & Francis",6,https://www.tandfonline.com/doi/abs/10.1080/10242694.2021.1896961,False,high,No replication signals found in title or abstract.
1529,"Small world: Narrow, wide, and long replication of Goyal, van der Leij and Moraga‐Gonzélez (JPE 2006) and a comparison of EconLit and Scopus",2022,ME Rose,"ME Rose - Journal of Applied Econometrics, 2022 - Wiley Online Library",5,https://onlinelibrary.wiley.com/doi/abs/10.1002/jae.2886,True,high,"Title contains explicit replication indicator. (t_strong=1, a_strong=0)"
1530,The black box as a control for payoff-based learning in economic games,2022,"MN Burton-Chellew, SA West","MN Burton-Chellew, SA West - Games, 2022 - mdpi.com",5,https://www.mdpi.com/2073-4336/13/6/76,True,high,Abstract has strong replication signal. (a_strong=1)
1531,Erroneous erratum to accounting fraud article,2022,S Walker,"S Walker - Econ Journal Watch, 2022 - econjwatch.org",5,https://econjwatch.org/File+download/1245/WalkerSept2022.pdf,False,high,No replication signals found in title or abstract.
1532,How does decision-making change during challenging times?,2022,"A Cicerale, E Blanzieri, K Sacco","A Cicerale, E Blanzieri, K Sacco - Plos one, 2022 - journals.plos.org",5,https://journals.plos.org/plosone/article?id=10.1371/journal.pone.0270117,False,high,No replication signals found in title or abstract.
1533,Association between the Orthopaedic Trauma Society classification of open fractures and economic costs,2022,"ME Png, S Petrou","ME Png, S Petrou, J Bourget-Murray… - The Bone & Joint …, 2022 - boneandjoint.org.uk",5,https://boneandjoint.org.uk/article/10.1302/0301-620X.104B3.BJJ-2021-1237.R1,False,high,No replication signals found in title or abstract.
1534,The strategy method risks conflating confusion with a social preference for conditional cooperation in public goods games,2022,"MN Burton-Chellew, C Guérin","MN Burton-Chellew, V D'Amico, C Guérin - Games, 2022 - mdpi.com",5,https://www.mdpi.com/2073-4336/13/6/69,True,low,"One moderate signal; might be incidental use of ""replicate"". (a_mod=1)"
1535,Sophisticated deviants: Intelligence and radical economic attitudes,2022,"CA Lin, TC Bates","CA Lin, TC Bates - Intelligence, 2022 - Elsevier",5,https://www.sciencedirect.com/science/article/pii/S0160289622000800,False,high,No replication signals found in title or abstract.
1536,Did the trade liberalization of the 1990s really boost economic growth? a critical replication of Estevadeordal and Taylor (2013),2022,M Hoyos,"M Hoyos - Empirical Economics, 2022 - Springer",4,https://link.springer.com/article/10.1007/s00181-021-02139-8,True,high,"Title contains explicit replication indicator. (t_strong=1, a_strong=0)"
1537,Well excuse me! Replicating and connecting excuse-seeking behaviors,2022,"Y Chen, N Gupta, K Hyde, M Lepper","B Ahumada, Y Chen, N Gupta, K Hyde, M Lepper… - 2022 - scholarworks.smith.edu",4,https://scholarworks.smith.edu/eco_facpubs/103/,True,high,Abstract has strong replication signal. (a_strong=1)
1538,Large devaluations and inflation inequality: Replicating Cravino and Levchenko (2017) with evidence from Brazil,2022,,"R Gouvêa - Journal of Applied Econometrics, 2022 - Wiley Online Library",4,https://onlinelibrary.wiley.com/doi/abs/10.1002/jae.2880,False,high,No replication signals found in title or abstract.
1539,Outlier analysis: Natural resources and immigration policy,2022,SW Choi,"SW Choi - Plos one, 2022 - journals.plos.org",4,https://journals.plos.org/plosone/article?id=10.1371/journal.pone.0261533,True,high,Abstract has strong replication signal. (a_strong=1)
1540,Using behavioral economics to identify potential managed lane users,2022,"S Ashraf, AL Brown","S Ashraf, M W. Burris, AL Brown… - Transportation research …, 2022 - journals.sagepub.com",4,https://journals.sagepub.com/doi/abs/10.1177/03611981221082584,False,high,No replication signals found in title or abstract.
1541,Highly powered analysis plans,2022,"ML Anderson, J Magruder","ML Anderson, J Magruder - 2022 - nber.org",4,https://www.nber.org/papers/w29843,False,high,"Abstract discusses replication as topic/concept, not as paper's primary action. (a_neg=1)"
1542,Perceived Income Inequality: Why Pay Ratios Are Less Effective Than Median Incomes,2022,"I Ziano, C Lembregts","I Ziano, C Lembregts… - Journal of Economic …, 2022 - scholar.archive.org",4,https://scholar.archive.org/work/qnroonsma5fyhjf2cevys4j6g4/access/wayback/https://files.osf.io/v1/resources/2zngf/providers/osfstorage/5c98d8d074462c0019af0f8c?action=download&direct&version=1,False,high,No replication signals found in title or abstract.
1543,Long-Term Economic Effects of Populist Legal Reforms: Evidence from Argentina,2022,M Marzetti,"M Marzetti - Comparative Economic Studies, 2022 - pmc.ncbi.nlm.nih.gov",4,https://pmc.ncbi.nlm.nih.gov/articles/PMC9150839/,False,high,No replication signals found in title or abstract.
1544,Identity Politics and Economic Policy,2022,N Gaikwad,"N Gaikwad - Unpublished Manuscript. Columbia …, 2022 - ipespeakerseries.mit.edu",4,https://ipespeakerseries.mit.edu/sites/default/files/images/Identity_Politics_and_Economic_Policy_Chapters%201%20&%203.pdf,True,medium,"Multiple moderate replication signals, no negatives. (a_mod=3)"
1545,Is a PD game still a dilemma for Japanese rural villagers? A field and laboratory comparison of the impact of social group membership on cooperation,2022,Y Mitani,"Y Mitani - The Japanese Economic Review, 2022 - Springer",4,https://link.springer.com/article/10.1007/s42973-021-00086-8,True,medium,"Multiple moderate replication signals, no negatives. (a_mod=2)"
1546,Training mom entrepreneurs in Pakistan: a replication model,2022,"S Qureshi, DHB Welsh","S Qureshi, DHB Welsh, AR Khan - Service Business, 2022 - Springer",4,https://link.springer.com/article/10.1007/s11628-022-00480-1,True,high,"Title contains explicit replication indicator. (t_strong=1, a_strong=1)"
1547,Dynamic and flexible survival models for extrapolation of relative survival: a case study and simulation study,2022,B Kearns,"B Kearns, MD Stevenson… - Medical Decision …, 2022 - journals.sagepub.com",4,https://journals.sagepub.com/doi/abs/10.1177/0272989X221107649,True,high,Abstract has strong replication signal. (a_strong=1)
1548,How Does Institutional Quality Shape the Impact of Public Debt on Economic Growth? A Threshold Panel Analysis Over EU-28,2022,G De Pascale,"G De Pascale, A Scrocco - A Threshold Panel Analysis Over Eu-28, 2022 - papers.ssrn.com",4,https://papers.ssrn.com/sol3/papers.cfm?abstract_id=4145370,True,medium,"Multiple moderate replication signals, no negatives. (a_mod=2)"
1549,Rethinking how risk aversion and impatience are linked with cognitive ability: experimental findings from agricultural students and farmers,2022,S Gruener,"S Gruener - Journal of Environmental Economics and Policy, 2022 - Taylor & Francis",4,https://www.tandfonline.com/doi/abs/10.1080/21606544.2021.1966516,False,high,No replication signals found in title or abstract.
1550,A developmental perspective on girls' delinquency: testing the family stress model,2022,"L Gordon Simons, AL Brown","L Gordon Simons, AL Brown - Feminist Criminology, 2022 - journals.sagepub.com",4,https://journals.sagepub.com/doi/abs/10.1177/15570851221104963,False,high,No replication signals found in title or abstract.
1551,"The Relationship between Government and Private Consumption: A Replication Study of Fiorito and Kollintzas (European Economic Review, 2004)",2022,,"Z Song - Journal of Comments and Replications in Economics …, 2022 - econstor.eu",3,https://www.econstor.eu/handle/10419/251601,True,high,"Title contains explicit replication indicator. (t_strong=2, a_strong=2)"
1552,A replication study of consumers' private label purchase intentions,2022,"S Karaoglan, T Durukan","S Karaoglan, T Durukan - Journal of Empirical Generalisations in …, 2022 - empgens.com",3,https://www.empgens.com/article/a-replication-study-of-consumers-private-label-purchase-intentions/,True,medium,Title strongly indicates replication despite abstract discussion of replication broadly.
1553,Inequality and savings,2022,HY Andersen,"HY Andersen, T Krause, AK Bartscher, A Kuchler - 2022 - econstor.eu",3,https://www.econstor.eu/handle/10419/298420,False,high,No replication signals found in title or abstract.
1554,Forecasting the US Unemployment Rate: Another Look,2022,"R Chen, JB Guerard Jr","H Xiao, R Chen, JB Guerard Jr - Wilmott Magazine, November, 2022 - statweb.rutgers.edu",3,https://statweb.rutgers.edu/hxiao/unemp.pdf,True,low,"One moderate signal; might be incidental use of ""replicate"". (a_mod=1)"
1555,Does the swap-covered interest parity still hold in long-term capital markets after the financial crisis? Evidence from cross-currency basis swaps,2022,,"T Hattori - International Review of Economics & Finance, 2022 - Elsevier",3,https://www.sciencedirect.com/science/article/pii/S1059056021002136,True,medium,"Multiple moderate replication signals, no negatives. (a_mod=2)"
1556,Replication: Unsuccessful replications and extensions of Temporal Value Asymmetry in monetary valuation and moral judgment,2022,"M El Halabi, B Tunca, I Ziano","M El Halabi, WYF Chan, B Tunca, I Ziano… - Journal of Economic …, 2022 - Elsevier",3,https://www.sciencedirect.com/science/article/pii/S0167487022000277,True,high,"Title contains explicit replication indicator. (t_strong=1, a_strong=0)"
1557,Economic uncertainty and cross section of stock returns: Australian evidence,2022,"K Hoang, R Huang","M Simkus, H Truong, K Hoang, R Huang - Pacific-Basin Finance Journal, 2022 - Elsevier",3,https://www.sciencedirect.com/science/article/pii/S0927538X22001032,True,high,Abstract has strong replication signal. (a_strong=1)
1558,Disaggregated Defense Spending: Introduction to Data and the Case for Systematic Use,2022,"J Becker, S Benson, JP Dunne, EJ Malesky","J Becker, S Benson, JP Dunne, EJ Malesky - 2022 - dukespace.lib.duke.edu",3,https://dukespace.lib.duke.edu/bitstreams/84948cb6-11ab-4f05-9a02-2e38dababcc6/download,False,high,No replication signals found in title or abstract.
1559,Competing now and then: The effects of delay on competitiveness across gender,2022,"G Charness, O Shurchkov","G Charness, L Dao, O Shurchkov - … of Economic Behavior & Organization, 2022 - Elsevier",3,https://www.sciencedirect.com/science/article/pii/S0167268122001500,False,high,No replication signals found in title or abstract.
1560,Replication of “How much does immigration boost innovation?”,2022,TJ Wright,"TJ Wright - Economic Inquiry, 2022 - Wiley Online Library",2,https://onlinelibrary.wiley.com/doi/abs/10.1111/ecin.13230,True,high,"Title contains explicit replication indicator. (t_strong=2, a_strong=0)"
1561,Solidarity with third players in exchange networks: A replication study,2022,"M Schwaninger, B Kittel","S Neuhofer, M Schwaninger, B Kittel… - Jahrbuch für Handlungs …, 2022 - Springer",2,https://link.springer.com/chapter/10.1007/978-3-658-35878-5_5,True,high,"Title contains explicit replication indicator. (t_strong=2, a_strong=0)"
1562,Revisiting Integrated Mobile Advertising Model in Indonesia: A Replication Study,2022,AS Santoso,"N Pradipta, AS Santoso… - ASEAN Marketing Journal, 2022 - scholarhub.ui.ac.id",2,https://scholarhub.ui.ac.id/amj/vol14/iss1/3/,True,high,"Title contains explicit replication indicator. (t_strong=2, a_strong=2)"
1563,"Race, gender and willingness to compete",2022,N Nicholls,"N Nicholls - Economics Letters, 2022 - Elsevier",2,https://www.sciencedirect.com/science/article/pii/S016517652200060X,True,high,Abstract has multiple strong replication signals. (a_strong=2)
1564,Trade liberalization and growth: a quantile moderator for Hoyos'(2021) replication study of Estevadeordal and Taylor (2013),2022,A Papadopoulos,"A Papadopoulos - Empirical Economics, 2022 - Springer",2,https://link.springer.com/article/10.1007/s00181-021-02159-4,False,medium,Title has replication word but only incidental use detected in abstract.
1565,"Impact of export, import, and population on economic growth in Malaysia",2022,"N Romli, S Mohamed, Z Ahmad","N Romli, S Mohamed, Z Ahmad - Journal of Advanced Research …, 2022 - akademiabaru.com",2,https://www.akademiabaru.com/submit/index.php/arbms/article/view/4626,False,high,No replication signals found in title or abstract.
1566,Willingness to be the recipient during the dictator game,2022,"H Hashimoto, K Maeda, K Yamamoto, N Mifune","H Hashimoto, K Maeda, K Yamamoto, N Mifune - BMC Research Notes, 2022 - Springer",2,https://link.springer.com/article/10.1186/s13104-022-06148-3,True,high,Abstract has strong replication signal. (a_strong=1)
1567,Replication and adaptation of incentivized peer outreach: From tuberculosis in India to COVID-19 in Zambia,2022,"A Burlando, P Chintagunta, J Goldberg","A Burlando, P Chintagunta, J Goldberg, M Graboyes… - 2022 - alfredoburlando.com",2,http://www.alfredoburlando.com/s/SMS_results-m2em.pdf,True,high,"Title contains explicit replication indicator. (t_strong=1, a_strong=3)"
1568,The Replication of a Parenting Behavioral Change Communication Intervention during the COVID-19 Pandemic: Too Much or Too Little Information?,2022,"A Balsa, J Bloomfield, A Cid","A Balsa, J Bloomfield, A Cid - 2022 - publications.iadb.org",2,https://publications.iadb.org/en/replication-parenting-behavioral-change-communication-intervention-during-covid-19-pandemic-too,True,high,"Title contains explicit replication indicator. (t_strong=1, a_strong=0)"
1569,Replicability and meta-analysis,2022,JM Schauer,"JM Schauer - Avoiding questionable research practices in applied …, 2022 - Springer",2,https://link.springer.com/chapter/10.1007/978-3-031-04968-2_14,False,high,No replication signals found in title or abstract.
1570,"The Impact of Income Inequality on Mortality: A Replication Study of Leigh and Jencks (Journal of Health Economics, 2007)",2022,W Wu,"W Wu - Economics, 2022 - degruyter.com",1,https://www.degruyter.com/document/doi/10.1515/econ-2022-0030/html,True,high,"Title contains explicit replication indicator. (t_strong=2, a_strong=3)"
1571,"A Replication of “Trade Shocks and the Provision of Local Public Goods” (American Economic Journal: Economic Policy, 2017)",2022,"Z Wang, TL Spreen","Z Wang, TL Spreen, L Yang - Public Finance Review, 2022 - journals.sagepub.com",1,https://journals.sagepub.com/doi/abs/10.1177/10911421221101690,True,high,"Title contains explicit replication indicator. (t_strong=2, a_strong=1)"
1572,Replication Report: How Do Beliefs About the Gender Wage Gap Affect the Demand for Public Policy?,2022,"JF Engel, C Huber, P Nüß","JF Engel, C Huber, P Nüß - 2022 - econstor.eu",1,https://www.econstor.eu/handle/10419/267007,True,high,"Title contains explicit replication indicator. (t_strong=1, a_strong=3)"
1573,"Replication of"" Re-Assessing Elite-Public Gaps in Political Behavior"" by Joshua Kertzer",2022,GS Lenz,"E Guntermann, GS Lenz - 2022 - econstor.eu",1,https://www.econstor.eu/handle/10419/266385,True,high,"Title contains explicit replication indicator. (t_strong=2, a_strong=1)"
1574,Replication files for Consumption Smoothing in the Working-Class Households of interwar Japan,2022,,"K Ogasawara - (No Title), 2022 - cir.nii.ac.jp",1,https://cir.nii.ac.jp/crid/1883961342952250368,True,high,"Title contains explicit replication indicator. (t_strong=1, a_strong=0)"
1575,Long-run determinants of economic growth: putterman and weil revisited,2022,J Briggeman,"J Briggeman - Econ Journal Watch, 2022 - econjwatch.org",1,https://econjwatch.org/File+download/1221/BriggemanMar2022.pdf,False,high,No replication signals found in title or abstract.
1576,The need for public opinion and survey methodology research to embrace preregistration and replication,2022,"S Lundmark, J Protzko, M Weissenbilder","S Lundmark, J Protzko, M Weissenbilder - 2022 - osf.io",1,https://osf.io/preprints/psyarxiv/9p3f8/,False,high,No replication signals found in title or abstract.
1577,Crises and the development of economic institutions: a narrow replication of Rajan and Ramcharan (2016) through a multilevel econometric approach,2022,LPL Fávero,"LPL Fávero, MFC Haddad… - SN Business & Economics, 2022 - Springer",0,https://link.springer.com/article/10.1007/s43546-022-00213-6,True,high,"Title contains explicit replication indicator. (t_strong=1, a_strong=1)"
1578,"… Possible Unemployment Cost of Average Inflation Below a Credible Target. A Replication Study of Svensson (American Economic Journal: Macroeconomics, 2015)",2022,,"R Oraby - Journal of Comments and Replications in Economics …, 2022 - econstor.eu",0,https://www.econstor.eu/handle/10419/253653,True,high,"Title contains explicit replication indicator. (t_strong=2, a_strong=2)"
1579,"A Successful Replication of"" Dust Pollution From the Sahara and African Infant Mortality""",2022,NM Cook,NM Cook - 2022 - econstor.eu,0,https://www.econstor.eu/handle/10419/265509,True,high,"Title contains explicit replication indicator. (t_strong=1, a_strong=0)"
1580,The Transparent Psi Project (TPP): A Consensus-Based Replication of Bem 2011 Experiment 1,2022,"Z Kekecs, B Aczel, B Palfi, B Szaszi","Z Kekecs, B Aczel, B Palfi, B Szaszi… - The Journal of …, 2022 - search.proquest.com",0,https://search.proquest.com/openview/49a2a0d9145be654acbc81a8720c5059/1?pq-origsite=gscholar&cbl=42308,True,high,"Title contains explicit replication indicator. (t_strong=1, a_strong=1)"
1581,The Duality of Empowerment and Marginalization in Microtask Crowdsourcing: A Replication,2022,"Y Hadavi, E Villafranca, S Petter","Y Hadavi, E Villafranca, S Petter - AIS Transactions on Replication …, 2022 - aisel.aisnet.org",0,https://aisel.aisnet.org/trr/vol8/iss1/2/,True,high,"Title contains explicit replication indicator. (t_strong=1, a_strong=4)"
1582,Reopening After Covid: A Replication of Chetty et al.'s “The Economic Impacts of COVID-19.”,2022,,"A Gangolf, D Goyal, SE Ross - samueleross.com",0,https://www.samueleross.com/assets/pdf/GangolfGoyalRoss_CovidReopenings.pdf,True,high,"Title contains explicit replication indicator. (t_strong=2, a_strong=2)"
1583,Tenancy and energy choices in Rwanda. A replication and extension study,2022,"RA Klege, F Amuakwa-Mensah, M Visser","RA Klege, F Amuakwa-Mensah, M Visser - World Development …, 2022 - Elsevier",0,https://www.sciencedirect.com/science/article/pii/S2452292922000376,True,high,"Title contains explicit replication indicator. (t_strong=2, a_strong=2)"
1584,"Replication, Shift-Share Analysis and Instrument Validation of the TSLS setup from” The China Syndrome” by Autor, Dorn, and Hanson 2013",2022,,P Klammer - 2022 - diglib.uibk.ac.at,0,https://diglib.uibk.ac.at/download/pdf/8077568.pdf,True,high,"Title contains explicit replication indicator. (t_strong=1, a_strong=0)"
1585,Instrumental Variables as Tools of Identification: Evidence From a Replication Study,2022,,O Hakula - 2022 - helda.helsinki.fi,0,https://helda.helsinki.fi/items/f4495b5b-67e1-4612-881d-37a498bd47e1,True,high,"Title contains explicit replication indicator. (t_strong=2, a_strong=0)"
1586,"How Economic Conditions Changed the Number of US Farms, 1960-88: A Replication and Extension of Gale (1990) to Midsize Farms in the US and Abroad",2022,"AC Sant'Anna, AL Katchova","AC Sant'Anna, AL Katchova - 2022 - ageconsearch.umn.edu",0,https://ageconsearch.umn.edu/record/321202/,True,high,"Title contains explicit replication indicator. (t_strong=2, a_strong=2)"
1587,FARMERS'RISK PREFERENCES IN ELEVEN EUROPEAN FARMING SYSTEMS: A MULTI-COUNTRY REPLICATION OF BOCQUÉHO ET AL.(2014) JENS …,2022,J ROMMEL,J ROMMEL - wne.uw.edu.pl,0,https://www.wne.uw.edu.pl/application/files/2416/6504/8497/WNE_WP400.pdf,True,high,"Title contains explicit replication indicator. (t_strong=1, a_strong=1)"
1588,Replication Report: How Do Beliefs about the Gender Wage Gap Affect the Public Policy?,2022,"JF Engel, P Nüß","JF Engel, C Huber, P Nüß - 2022 - rwi-essen.de",0,https://www.rwi-essen.de/fileadmin/user_upload/RWI/Publikationen/I4R_Discussion_Paper_Series/012_I4R_DP_Engel_Huber_Nuess.pdf,True,high,"Title contains explicit replication indicator. (t_strong=1, a_strong=3)"
1589,Understanding the (Perverse) Effects of Disclosing Conflicts of Interest: A Replication Study,2022,S Sah,S Sah - researchgate.net,0,https://www.researchgate.net/profile/Sunita-Sah/publication/328558895_Understanding_the_Perverse_Effects_of_Disclosing_Conflicts_of_Interest_A_Direct_Replication_Study/links/61d9b641e669ee0f5c93772c/Understanding-the-Perverse-Effects-of-Disclosing-Conflicts-of-Interest-A-Direct-Replication-Study.pdf,True,high,"Title contains explicit replication indicator. (t_strong=2, a_strong=2)"
1590,Replication package for: The Value of Political Connections: Evidence from China's Anti-Corruption Campaign,2022,M Alonso,"M Alonso, N Palma… - Replication package for …, 2022 - portalcientifico.unav.edu",0,https://portalcientifico.unav.edu/documentos/668fc48db9e7c03b01be0d0a?lang=ca,True,high,"Title contains explicit replication indicator. (t_strong=1, a_strong=0)"
1591,Reevaluating the evidence on seasonality in housing market match quality: Replication of Ngai and Tenreyro (2014),2022,,"D Scrimgeour - Journal of Applied Econometrics, 2022 - Wiley Online Library",0,https://onlinelibrary.wiley.com/doi/abs/10.1002/jae.2933,True,high,"Title contains explicit replication indicator. (t_strong=2, a_strong=0)"
1592,"Replication package for"" Since You're So Rich, You Must Be Really Smart"": Talent, Rent Sharing, and the Finance Wage Premium-V1",2022,"D Metzger, P Strömberg","MJ Böhm, D Metzger, P Strömberg - 2022 - research.hhs.se",0,https://research.hhs.se/esploro/outputs/dataset/Replication-package-for-Since-Youre-So/991001535497406056,True,high,"Title contains explicit replication indicator. (t_strong=1, a_strong=0)"
1593,STAT 230A Final Project Replication of Michalopoulos: The Origins of Ethnolinguistic Diversity,2022,,"A Leban, I Schmidt - ischmidt20.github.io",0,https://ischmidt20.github.io/assets/stat230a.pdf,True,high,"Title contains explicit replication indicator. (t_strong=1, a_strong=0)"
1594,Emotional Well-Being and Unemployment: a Replication Study with the American Time-Use Survey,2022,A Knabe,"TTA Hoang, A Knabe - vwl1.ovgu.de",0,https://www.vwl1.ovgu.de/vwl1_media/Hoang+Knabe+JOEP+PrePrint+Version.pdf,True,high,"Title contains explicit replication indicator. (t_strong=2, a_strong=3)"
1595,Precarity and conspiracy: a replication attempt of Adam-Troian et al. 2022,2022,"M Adamus, EB Mikuskova, M Adamkovic, P Kačmár","M Adamus, EB Mikuskova, M Adamkovic, P Kačmár… - 2022 - osf.io",0,https://osf.io/afu97/resources,True,high,"Title contains explicit replication indicator. (t_strong=2, a_strong=2)"
1596,Replication of Grandin et al.(2022)-Effect of an information shock about income on environmental attitudes,2022,A Grandin,"A Grandin, A Pauron, C Chevallier - 2022 - osf.io",0,https://osf.io/tcfvx/resources,True,high,"Title contains explicit replication indicator. (t_strong=2, a_strong=1)"
1597,The Role of Affect and Scope in Nature versus Human-caused Hazards: A Replication Study,2022,C Kogler,"MLR Wander, C Kogler, T Erle - 2022 - arno.uvt.nl",0,http://arno.uvt.nl/show.cgi?fid=159526,True,high,"Title contains explicit replication indicator. (t_strong=2, a_strong=2)"
1598,"Replication package for"" Long Run Effects of Aid: Forecasts and Evidence from Sierra Leone""",2022,"K Casey, R Glennerster, E Miguel","K Casey, R Glennerster, E Miguel, M Voors - 2022 - library.wur.nl",0,https://library.wur.nl/WebQuery/wurpubs/614628,True,high,"Title contains explicit replication indicator. (t_strong=1, a_strong=0)"
1599,Family Economic Strain and Behavior Problems in Adolescents: A Replication and Extension of Family Stress Model,2022,,W Zhiyou - 2022 - search.proquest.com,0,https://search.proquest.com/openview/efd54cecc7e7070c5bb15f24f7f743e1/1?pq-origsite=gscholar&cbl=2026366&diss=y,True,high,"Title contains explicit replication indicator. (t_strong=2, a_strong=1)"
1600,THE SYSTEMATIC EVALUATION OF REPLICATION RESULTS: A CASE STUDY FROM THE CROSS-SECTIONAL EARNINGS FORECAST LITERATURE,2022,T Kaspereit,"T Kaspereit - Advances in Quantitative Analysis of Finance and …, 2022 - airitilibrary.com",0,https://www.airitilibrary.com/Article/Detail/a0000597-N202303030001-00007,False,high,No replication signals found in title or abstract.
1601,Design and analysis of replication studies with ReplicationSuccess,2022,"L Held, C Micheloud","L Held, C Micheloud, S Pawel… - URL https://crsuzh …, 2022 - mirror.uned.ac.cr",0,https://mirror.uned.ac.cr/cran/web/packages/ReplicationSuccess/vignettes/ReplicationSuccess.pdf,True,high,Abstract has multiple strong replication signals. (a_strong=2)
1602,The Perception of Dignity: A Replication of the Historic Doll Study,2022,,KF Curtis - 2022 - search.proquest.com,0,https://search.proquest.com/openview/196c4660c2b679fb32b809150f7e284c/1?pq-origsite=gscholar&cbl=18750&diss=y,True,high,"Title contains explicit replication indicator. (t_strong=2, a_strong=2)"
1603,Prize Decoys at Work 2.0: Does Frame Equivalence Replicate Asymmetric Dominance Effects in Risky Choices on Lotteries?,2022,,"H Müller, T Richter, H Gischer - Marketing ZFP-Journal of Research & …, 2022 - fww.ovgu.de",0,https://www.fww.ovgu.de/fww_media/Pruefungsamt/Dokumente/Andere/Mueller_et_al_ZFP_04_2022_pp13_21_Prize+decoys+at+work+2_0-p-13116.pdf,True,high,Abstract has strong replication signal. (a_strong=1)
1604,Economic attitudes and individual difference: replication and extension,2022,,CA Lin - 2022 - core.ac.uk,0,https://core.ac.uk/download/pdf/549003217.pdf,True,high,"Title contains explicit replication indicator. (t_strong=2, a_strong=2)"
1605,Replicating a Mixed methods examination of behavior change from learning supports based on a model of helping in equity focused simulation based teacher …,2022,"J Chen, GR Marvez, C Buttimer","J Chen, GR Marvez, C Buttimer… - EdMedia+ Innovate …, 2022 - learntechlib.org",0,https://www.learntechlib.org/p/221362/,True,high,"Title contains explicit replication indicator. (t_strong=1, a_strong=3)"
1606,Do You Really Need to Pay 2/20? Hedge Fund Strategy Replication via Machine Learning,2022,,"K Shen - Hedge Fund Strategy Replication via Machine …, 2022 - papers.ssrn.com",0,https://papers.ssrn.com/sol3/Delivery.cfm?abstractid=4243861,False,high,"Excluded: non-social-science use of ""replication"" (computing/biology/finance)."
1607,Big Data Asset Pricing 4: The Factor Zoo and Replication,2022,LH Pedersen,"LH Pedersen - Available at SSRN 4068793, 2022 - papers.ssrn.com",0,https://papers.ssrn.com/sol3/papers.cfm?abstract_id=4068793,False,high,"Abstract discusses replication as topic/concept, not as paper's primary action. (a_neg=1)"
1608,Is there a replication crisis in finance?,2023,"TI Jensen, B Kelly, LH Pedersen","TI Jensen, B Kelly, LH Pedersen - The Journal of Finance, 2023 - Wiley Online Library",517,https://onlinelibrary.wiley.com/doi/abs/10.1111/jofi.13249,False,high,"Excluded: non-social-science use of ""replication"" (computing/biology/finance)."
1609,Using large language models to simulate multiple humans and replicate human subject studies,2023,"GV Aher, RI Arriaga, AT Kalai","GV Aher, RI Arriaga, AT Kalai - International Conference on …, 2023 - proceedings.mlr.press",498,https://proceedings.mlr.press/v202/aher23a.html,True,high,Abstract has multiple strong replication signals. (a_strong=3)
1610,An alternative explanation for the “fed information effect”,2023,"MD Bauer, ET Swanson","MD Bauer, ET Swanson - American Economic Review, 2023 - aeaweb.org",307,https://www.aeaweb.org/articles?id=10.1257/aer.20201220,True,low,"One moderate signal; might be incidental use of ""replicate"". (a_mod=1)"
1611,Machine learning vs. economic restrictions: Evidence from stock return predictability,2023,"D Avramov, S Cheng","D Avramov, S Cheng, L Metzker - Management Science, 2023 - pubsonline.informs.org",225,https://pubsonline.informs.org/doi/abs/10.1287/mnsc.2022.4449,True,medium,"Multiple moderate replication signals, no negatives. (a_mod=2)"
1612,Mobility and congestion in urban India,2023,"P Akbar, V Couture, G Duranton","P Akbar, V Couture, G Duranton… - American Economic …, 2023 - aeaweb.org",134,https://www.aeaweb.org/articles?id=10.1257/aer.20181662,True,high,Abstract has strong replication signal. (a_strong=1)
1613,Gender differences in job search and the earnings gap: Evidence from the field and lab,2023,"P Cortés, J Pan, L Pilossoph","P Cortés, J Pan, L Pilossoph… - … Journal of Economics, 2023 - academic.oup.com",126,https://academic.oup.com/qje/article-abstract/138/4/2069/7146242,True,medium,"Multiple moderate replication signals, no negatives. (a_mod=2)"
1614,Multigenerational impacts of childhood access to the safety net: Early life exposure to Medicaid and the next generation's health,2023,"CN East, S Miller, M Page, LR Wherry","CN East, S Miller, M Page, LR Wherry - American Economic Review, 2023 - aeaweb.org",123,https://www.aeaweb.org/articles?id=10.1257/aer.20210937,True,high,Abstract has multiple strong replication signals. (a_strong=2)
1615,Facing change: Gender and climate change attitudes worldwide,2023,"SS Bush, A Clayton","SS Bush, A Clayton - American Political Science Review, 2023 - cambridge.org",120,https://www.cambridge.org/core/journals/american-political-science-review/article/facing-change-gender-and-climate-change-attitudes-worldwide/38688C0CA6DF889475FDB52C06DD7FF9,True,medium,"Multiple moderate replication signals, no negatives. (a_mod=2)"
1616,"Ordered beta regression: a parsimonious, well-fitting model for continuous data with lower and upper bounds",2023,R Kubinec,"R Kubinec - Political Analysis, 2023 - cambridge.org",117,https://www.cambridge.org/core/journals/political-analysis/article/ordered-beta-regression-a-parsimonious-wellfitting-model-for-continuous-data-with-lower-and-upper-bounds/89F4141DA16D4FC217809B5EB45EEE83,True,high,Abstract has multiple strong replication signals. (a_strong=2)
1617,Priced risk in corporate bonds,2023,"A Dickerson, P Mueller","A Dickerson, P Mueller, C Robotti - Journal of Financial Economics, 2023 - Elsevier",110,https://www.sciencedirect.com/science/article/pii/S0304405X23001393,False,high,No replication signals found in title or abstract.
1618,Are family firms doing more innovation output with less innovation input? A replication and extension,2023,"J Block, C Hansen, H Steinmetz","J Block, C Hansen, H Steinmetz - … Theory and Practice, 2023 - journals.sagepub.com",70,https://journals.sagepub.com/doi/abs/10.1177/10422587221084249,True,high,"Title contains explicit replication indicator. (t_strong=2, a_strong=0)"
1619,Indoor air quality and strategic decision making,2023,"J Palacios, N Pestel","S Künn, J Palacios, N Pestel - Management Science, 2023 - pubsonline.informs.org",63,https://pubsonline.informs.org/doi/abs/10.1287/mnsc.2022.4643,True,low,"One moderate signal; might be incidental use of ""replicate"". (a_mod=1)"
1620,How much should we trust instrumental variable estimates in political science? Practical advice based on over 60 replicated studies,2023,"A Lal, M Lockhart, Y Xu, Z Zu","A Lal, M Lockhart, Y Xu, Z Zu - arXiv preprint arXiv:2303.11399, 2023 - arxiv.org",61,https://arxiv.org/abs/2303.11399,False,high,No replication signals found in title or abstract.
1621,Synthetic control method: A tool for comparative case studies in economic history,2023,"D Gilchrist, N Garoupa","D Gilchrist, T Emery, N Garoupa… - Journal of Economic …, 2023 - Wiley Online Library",60,https://onlinelibrary.wiley.com/doi/abs/10.1111/joes.12493,False,high,No replication signals found in title or abstract.
1622,How experiments with children inform economics,2023,"JA List, R Petrie, A Samek","JA List, R Petrie, A Samek - Journal of Economic Literature, 2023 - aeaweb.org",59,https://www.aeaweb.org/articles?id=10.1257/jel.20211535,True,medium,"Multiple moderate replication signals, no negatives. (a_mod=2)"
1623,Does market interaction erode moral values?,2023,"B Bartling, E Fehr, Y Özdemir","B Bartling, E Fehr, Y Özdemir - Review of Economics and Statistics, 2023 - direct.mit.edu",58,https://direct.mit.edu/rest/article-abstract/105/1/226/97758,True,medium,"Multiple moderate replication signals, no negatives. (a_mod=2)"
1624,Questioning the growth dogma: A replication study,2023,"C Ben-Hafaïedh, A Hamelin","C Ben-Hafaïedh, A Hamelin - Entrepreneurship Theory and …, 2023 - journals.sagepub.com",44,https://journals.sagepub.com/doi/abs/10.1177/10422587211059991,True,high,"Title contains explicit replication indicator. (t_strong=2, a_strong=0)"
1625,Preferences for redistribution,2023,"F Mengel, E Weidenholzer","F Mengel, E Weidenholzer - Journal of Economic Surveys, 2023 - Wiley Online Library",44,https://onlinelibrary.wiley.com/doi/abs/10.1111/joes.12519,False,high,No replication signals found in title or abstract.
1626,Marijuana legalization and opioid deaths,2023,CJ Ruhm,"NK Mathur, CJ Ruhm - Journal of health economics, 2023 - Elsevier",39,https://www.sciencedirect.com/science/article/pii/S016762962300005X,True,high,Abstract has strong replication signal. (a_strong=1)
1627,"Determinants of Economic Growth, Poverty, and Unemployment: A Path Analysis Study",2023,"I Harsono, IGA Purnamawati","I Harsono, IGA Purnamawati… - Jurnal Ilmu Sosial Dan …, 2023 - ejournal.undiksha.ac.id",38,https://ejournal.undiksha.ac.id/index.php/JISH/article/view/63986,False,high,No replication signals found in title or abstract.
1628,The elusive link between FDI and economic growth,2023,"A Bénétrix, HM Pallan, U Panizza","A Bénétrix, HM Pallan, U Panizza - 2023 - repository.graduateinstitute.ch",35,https://repository.graduateinstitute.ch/record/301564,False,high,No replication signals found in title or abstract.
1629,Preference for human or algorithmic forecasting advice does not predict if and how it is used,2023,"M Himmelstein, DV Budescu","M Himmelstein, DV Budescu - Journal of Behavioral Decision …, 2023 - Wiley Online Library",35,https://onlinelibrary.wiley.com/doi/abs/10.1002/bdm.2285,False,high,No replication signals found in title or abstract.
1630,Corporate bond factors: Replication failures and a new framework,2023,"J Dick-Nielsen, P Feldhütter, LH Pedersen","J Dick-Nielsen, P Feldhütter, LH Pedersen… - Available at SSRN …, 2023 - papers.ssrn.com",34,https://papers.ssrn.com/sol3/papers.cfm?abstract_id=4586652,False,medium,"Title has replication but abstract discusses replication as a topic, not action. (a_neg=1)"
1631,"Rising markups, rising prices?",2023,"C Conlon, NH Miller","C Conlon, NH Miller, T Otgon, Y Yao - AEA Papers and Proceedings, 2023 - aeaweb.org",30,https://www.aeaweb.org/articles?id=10.1257%2Fpandp.20231098&ref=investo.global,True,high,Abstract has strong replication signal. (a_strong=1)
1632,Farmers' risk preferences in 11 European farming systems: A multi‐country replication of Bocquého et al.(2014),2023,"J Rommel, J Sagebiel, MC Baaken","J Rommel, J Sagebiel, MC Baaken… - Applied Economic …, 2023 - Wiley Online Library",30,https://onlinelibrary.wiley.com/doi/abs/10.1002/aepp.13330,True,high,"Title contains explicit replication indicator. (t_strong=1, a_strong=1)"
1633,Does economic growth raise happiness in China? A comprehensive reexamination,2023,"H Cai, Z Su","H Cai, J Yuan, Z Su, X Wang, Z Huang… - Social …, 2023 - journals.sagepub.com",30,https://journals.sagepub.com/doi/abs/10.1177/19485506221089804,True,low,"One moderate signal; might be incidental use of ""replicate"". (a_mod=1)"
1634,"Unequal Responsiveness and Government Partisanship in Northwest Europe""* Ruben Mathisen, Wouter Schakel, Svenja Hense",2023,"L Elsässer, M Persson","L Elsässer, M Persson… - … in an era of rising economic …, 2023 - books.google.com",29,https://books.google.com/books?hl=en&lr=&id=YLLnEAAAQBAJ&oi=fnd&pg=PA29&dq=replication+economics&ots=iKU-wgxPd4&sig=6NPRK8FL4EnjimBfR7vYnIzYezQ,True,high,Abstract has strong replication signal. (a_strong=1)
1635,Enhancing stock market anomalies with machine learning,2023,"V Azevedo, C Hoegner","V Azevedo, C Hoegner - Review of Quantitative Finance and Accounting, 2023 - Springer",28,https://link.springer.com/article/10.1007/s11156-022-01099-z,True,high,Abstract has strong replication signal. (a_strong=1)
1636,Cross-national analyses require additional controls to account for the non-independence of nations,2023,"S Claessens, T Kyritsis, QD Atkinson","S Claessens, T Kyritsis, QD Atkinson - Nature communications, 2023 - nature.com",28,https://www.nature.com/articles/s41467-023-41486-1,False,high,No replication signals found in title or abstract.
1637,The digital layer: alternative data for regional and innovation studies,2023,"M Abbasiharofteh, J Kinne","M Abbasiharofteh, M Krüger, J Kinne… - Spatial Economic …, 2023 - Taylor & Francis",28,https://www.tandfonline.com/doi/abs/10.1080/17421772.2023.2193222,False,high,No replication signals found in title or abstract.
1638,The power of social influence: A replication and extension of the Asch experiment,2023,"A Franzen, S Mader","A Franzen, S Mader - Plos one, 2023 - journals.plos.org",26,https://journals.plos.org/plosone/article?id=10.1371/journal.pone.0294325,True,high,"Title contains explicit replication indicator. (t_strong=2, a_strong=1)"
1639,Tax the élites! The role of economic inequality and conspiracy beliefs on attitudes towards taxes and redistribution intentions,2023,"BG Salvador Casara, S Filippi, C Suitner","BG Salvador Casara, S Filippi, C Suitner… - British Journal of …, 2023 - Wiley Online Library",25,https://bpspsychub.onlinelibrary.wiley.com/doi/abs/10.1111/bjso.12555,False,high,No replication signals found in title or abstract.
1640,Evaluating contradictory experimental and nonexperimental estimates of neighborhood effects on economic outcomes for adults,2023,"DJ Harding, GJ Duncan","DJ Harding, L Sanbonmatsu, GJ Duncan… - Housing policy …, 2023 - Taylor & Francis",24,https://www.tandfonline.com/doi/abs/10.1080/10511482.2021.1881985,True,medium,"Multiple moderate replication signals, no negatives. (a_mod=2)"
1641,Can aging population affect economic growth through the channel of government spending?,2023,N Temsumrit,"N Temsumrit - Heliyon, 2023 - cell.com",24,https://www.cell.com/heliyon/fulltext/S2405-8440(23)06729-4,True,medium,"Multiple moderate replication signals, no negatives. (a_mod=2)"
1642,MNEs' transfer of socially irresponsible practices: A replication with new extensions,2023,"M Bu, RW Tang","M Bu, L Xu, RW Tang - Journal of World Business, 2023 - Elsevier",23,https://www.sciencedirect.com/science/article/pii/S109095162200075X,True,high,"Title contains explicit replication indicator. (t_strong=1, a_strong=1)"
1643,Entrepreneurial behavior of family firms in the Indian community: adoption of a technology platform as a moderator,2023,D Vrontis,"S Chatterjee, R Chaudhuri, D Vrontis - Journal of Enterprising …, 2023 - emerald.com",22,https://www.emerald.com/insight/content/doi/10.1108/jec-08-2021-0122/full/html,True,high,Abstract has strong replication signal. (a_strong=1)
1644,Omitted variable bias in interacted models: A cautionary tale,2023,"B Feigenberg, JA Qureshi","B Feigenberg, B Ost, JA Qureshi - Review of Economics and Statistics, 2023 - direct.mit.edu",22,https://direct.mit.edu/rest/article/doi/10.1162/rest_a_01361/116972,True,low,"One moderate signal; might be incidental use of ""replicate"". (a_mod=1)"
1645,New evidence on the importance of instruction time for student achievement on international assessments,2023,"J Bietenbeck, M Collins","J Bietenbeck, M Collins - Journal of Applied Econometrics, 2023 - Wiley Online Library",21,https://onlinelibrary.wiley.com/doi/abs/10.1002/jae.2957,True,medium,"Multiple moderate replication signals, no negatives. (a_mod=2)"
1646,Uncertainty and monetary policy during the great recession,2023,"G Pellegrino, E Castelnuovo","G Pellegrino, E Castelnuovo… - International Economic …, 2023 - Wiley Online Library",21,https://onlinelibrary.wiley.com/doi/abs/10.1111/iere.12607,True,medium,"Multiple moderate replication signals, no negatives. (a_mod=2)"
1647,When do security markets aggregate dispersed information?,2023,"B Corgnet, C Deck, M DeSantis","B Corgnet, C Deck, M DeSantis… - Management …, 2023 - pubsonline.informs.org",21,https://pubsonline.informs.org/doi/abs/10.1287/mnsc.2022.4463,True,high,Abstract has multiple strong replication signals. (a_strong=2)
1648,A replication of “contracting out: for what? With whom?”,2023,"LG Anguelov, BM Brunjes","LG Anguelov, BM Brunjes - Public Administration, 2023 - Wiley Online Library",21,https://onlinelibrary.wiley.com/doi/abs/10.1111/padm.12921,True,high,"Title contains explicit replication indicator. (t_strong=2, a_strong=0)"
1649,Earnings information and public preferences for university tuition: Evidence from representative experiments,2023,"P Lergetporer, L Woessmann","P Lergetporer, L Woessmann - Journal of Public Economics, 2023 - Elsevier",20,https://www.sciencedirect.com/science/article/pii/S0047272723001500,True,medium,"Multiple moderate replication signals, no negatives. (a_mod=3)"
1650,Reference dependence and attribution bias: evidence from real-effort experiments,2023,"B Bushong, T Gagnon-Bartsch","B Bushong, T Gagnon-Bartsch - American Economic Journal …, 2023 - aeaweb.org",20,https://www.aeaweb.org/articles?id=10.1257/mic.20210031,False,high,No replication signals found in title or abstract.
1651,Testing for causality between climate policies and carbon emissions reduction,2023,"B Candelon, JB Hasse","B Candelon, JB Hasse - Finance Research Letters, 2023 - Elsevier",20,https://www.sciencedirect.com/science/article/pii/S1544612323002507,False,medium,"Replication language appears incidental (method step, table/figure reproduction, own results)."
1652,The authors of economics journals revisited: evidence from a large-scale replication of Hodgson and Rothman (1999),2023,"M Aistleitner, J Kapeller","M Aistleitner, J Kapeller, D Kronberger - … of Institutional Economics, 2023 - cambridge.org",19,https://www.cambridge.org/core/journals/journal-of-institutional-economics/article/authors-of-economics-journals-revisited-evidence-from-a-largescale-replication-of-hodgson-and-rothman-1999/40FEEDA4F379707600B8B336041B8275,True,high,"Title contains explicit replication indicator. (t_strong=1, a_strong=0)"
1653,"Attention and behavior problems in childhood predict adult financial status, health, and criminal activity: A conceptual replication and extension of Moffitt et al.(2011) …",2023,"AE Koepp, TW Watts, ET Gershoff","AE Koepp, TW Watts, ET Gershoff… - Developmental …, 2023 - psycnet.apa.org",19,https://psycnet.apa.org/record/2023-76804-001,True,high,"Title contains explicit replication indicator. (t_strong=2, a_strong=2)"
1654,Do environmental messages emphasising binding morals promote conservatives' pro-environmentalism? A pre-registered replication,2023,"I Kim, MD Hammond, TL Milfont","I Kim, MD Hammond, TL Milfont - Social Psychological Bulletin, 2023 - spb.psychopen.eu",19,https://spb.psychopen.eu/index.php/spb/article/view/8557,True,high,"Title contains explicit replication indicator. (t_strong=1, a_strong=0)"
1655,How much should we trust R2 and adjusted R2: evidence from regressions in top economics journals and Monte Carlo simulations,2023,Q Chen,"Q Chen, J Qi - Journal of Applied Economics, 2023 - Taylor & Francis",19,https://www.tandfonline.com/doi/abs/10.1080/15140326.2023.2207326,False,high,No replication signals found in title or abstract.
1656,"Willingness to accept, willingness to pay, and loss aversion",2023,"J Chapman, M Dean, P Ortoleva, E Snowberg","J Chapman, M Dean, P Ortoleva, E Snowberg… - 2023 - nber.org",19,https://www.nber.org/papers/w30836,True,medium,"Multiple moderate replication signals, no negatives. (a_mod=3)"
1657,Replication of real-world evidence in oncology using electronic health record data extracted by machine learning,2023,"CM Benedum, A Sondhi, AB Cohen, S Nemeth","CM Benedum, A Sondhi, E Fidyk, AB Cohen, S Nemeth… - Cancers, 2023 - mdpi.com",19,https://www.mdpi.com/2072-6694/15/6/1853,True,high,"Title contains explicit replication indicator. (t_strong=2, a_strong=0)"
1658,Multifactorial analysis of football penalty kicks in the Portuguese First League: A replication study,2023,"CH Almeida, A Volossovitch","CH Almeida, A Volossovitch - International Journal of Sports …, 2023 - journals.sagepub.com",18,https://journals.sagepub.com/doi/abs/10.1177/17479541221075722,True,high,"Title contains explicit replication indicator. (t_strong=2, a_strong=0)"
1659,"Health, education, and economic well-being in China: How do human capital and social interaction influence economic returns",2023,"T Ali, S Khan","T Ali, S Khan - Behavioral Sciences, 2023 - mdpi.com",18,https://www.mdpi.com/2076-328X/13/3/209,False,high,No replication signals found in title or abstract.
1660,The benefits of beauty–Individual differences in the pro-attractiveness bias in social decision making,2023,"M Voit, M Weiß, J Hewig","M Voit, M Weiß, J Hewig - Current Psychology, 2023 - Springer",17,https://link.springer.com/article/10.1007/s12144-021-02366-3,True,low,"One moderate signal; might be incidental use of ""replicate"". (a_mod=1)"
1661,Delegating discipline: how indexes restructured the political economy of sovereign bond markets,2023,"B Cormier, N Naqvi","B Cormier, N Naqvi - The Journal of Politics, 2023 - journals.uchicago.edu",17,https://www.journals.uchicago.edu/doi/abs/10.1086/723997,False,high,No replication signals found in title or abstract.
1662,"Zero-sum thinking, the evolution of effort-suppressing beliefs, and economic development",2023,"JP Carvalho, A Bergeron, J Henrich, N Nunn, J Weigel","JP Carvalho, A Bergeron, J Henrich, N Nunn, J Weigel - 2023 - aeaweb.org",16,https://www.aeaweb.org/conference/2024/program/paper/63hkEHGt,True,low,"One moderate signal; might be incidental use of ""replicate"". (a_mod=1)"
1663,The attraction effect in crowdfunding,2023,"M Weinmann, AN Mishra","M Weinmann, AN Mishra, LF Kaiser… - Information Systems …, 2023 - pubsonline.informs.org",16,https://pubsonline.informs.org/doi/abs/10.1287/isre.2022.1152,True,low,"One moderate signal; might be incidental use of ""replicate"". (a_mod=1)"
1664,Employer reallocation during the COVID-19 pandemic: Validation and application of a do-it-yourself CPS,2023,"A Bick, A Blandin","A Bick, A Blandin - Review of Economic Dynamics, 2023 - Elsevier",16,https://www.sciencedirect.com/science/article/pii/S1094202522000606,False,high,No replication signals found in title or abstract.
1665,Effectiveness of random payment in Experiments: A meta-Analysis of dictator games,2023,H Umer,"H Umer - Journal of Economic Psychology, 2023 - Elsevier",16,https://www.sciencedirect.com/science/article/pii/S0167487023000090,False,high,No replication signals found in title or abstract.
1666,Corporate entrepreneurship and firm performance relationship under the moderating effect of environmental dynamism: Replication and extension analysis,2023,A Rodríguez-Peña,"A Rodríguez-Peña - Journal of International Entrepreneurship, 2023 - Springer",15,https://link.springer.com/article/10.1007/s10843-023-00338-1,True,high,"Title contains explicit replication indicator. (t_strong=2, a_strong=0)"
1667,Revisiting economic hardship in a national sample of adolescents with and without disabilities: A conceptual replication,2023,"AR Lombardi, R Wu, E Loken","AR Lombardi, R Wu, E Loken… - Exceptional …, 2023 - journals.sagepub.com",15,https://journals.sagepub.com/doi/abs/10.1177/00144029221141044,True,high,"Title contains explicit replication indicator. (t_strong=1, a_strong=0)"
1668,Revisiting the effects of renewable and non-renewable energy consumption on economic growth for eight countries: asymmetric panel quantile approach,2023,"H Alqaralleh, A Hatemi-J","H Alqaralleh, A Hatemi-J - International Journal of Energy Sector …, 2023 - emerald.com",15,https://www.emerald.com/insight/content/doi/10.1108/IJESM-10-2022-0022,False,high,No replication signals found in title or abstract.
1669,‎“Less Is Better” in Separate Evaluations Versus “More Is Better” in Joint Evaluations: Mostly‎ Successful Close Replication and Extension of Hsee (1998)‎,2023,AJ Vonasch,"AJ Vonasch, WY Hung, WY Leung… - Collabra …, 2023 - online.ucpress.edu",14,https://online.ucpress.edu/collabra/article/9/1/77859/196807,True,high,"Title contains explicit replication indicator. (t_strong=2, a_strong=0)"
1670,Social status and unethical behavior: Two replications of the field studies in Piff et al.(2012).,2023,"MH Jung, P Smeets, J Stoop","MH Jung, P Smeets, J Stoop… - Journal of Experimental …, 2023 - psycnet.apa.org",14,https://psycnet.apa.org/record/2023-34988-001,False,high,No replication signals found in title or abstract.
1671,RCTs against the machine: Can machine learning prediction methods recover experimental treatment effects?,2023,"BC Prest, CJ Wichman","BC Prest, CJ Wichman… - … and Resource Economists, 2023 - journals.uchicago.edu",14,https://www.journals.uchicago.edu/doi/abs/10.1086/724518,False,high,No replication signals found in title or abstract.
1672,Cooperative and conformist behavioural preferences predict the dual dimensions of political ideology,2023,"S Claessens, CG Sibley, A Chaudhuri, QD Atkinson","S Claessens, CG Sibley, A Chaudhuri, QD Atkinson - Scientific Reports, 2023 - nature.com",14,https://www.nature.com/articles/s41598-023-31721-6,False,high,No replication signals found in title or abstract.
1673,Fossil fuel divestment and energy prices: Implications for economic agents,2023,M Benlemlih,"I Abid, M Benlemlih, I El Ouadghiri, J Peillex… - Journal of Economic …, 2023 - Elsevier",14,https://www.sciencedirect.com/science/article/pii/S0167268123002767,False,high,No replication signals found in title or abstract.
1674,Household debt and economic growth: Debt service matters,2023,"C Tunc, M Kilinc","C Tunc, M Kilinc - Open economies review, 2023 - Springer",13,https://link.springer.com/article/10.1007/s11079-021-09659-x,True,high,Abstract has strong replication signal. (a_strong=1)
1675,Impacts of the Brexit referendum on UK employment: a synthetic control method approach,2023,"E Papyrakis, L Pellegrini, L Tasciotti","E Papyrakis, L Pellegrini, L Tasciotti - Applied Economics Letters, 2023 - Taylor & Francis",13,https://www.tandfonline.com/doi/abs/10.1080/13504851.2022.2056567,True,low,"One moderate signal; might be incidental use of ""replicate"". (a_mod=1)"
1676,The effect of cognitive load on economic decision-making: a replication attempt,2023,"S Ball, B Katz, F Li, A Smith","S Ball, B Katz, F Li, A Smith - Journal of Economic Behavior & Organization, 2023 - Elsevier",12,https://www.sciencedirect.com/science/article/pii/S0167268123000938,True,high,"Title contains explicit replication indicator. (t_strong=2, a_strong=2)"
1677,"Ownership, governance, and internationalization in family firms: a replication and extension",2023,"F Debellis, M Pinelli, M Hülsbeck","F Debellis, M Pinelli, M Hülsbeck, A Heider - Small Business Economics, 2023 - Springer",12,https://link.springer.com/article/10.1007/s11187-023-00736-8,True,high,"Title contains explicit replication indicator. (t_strong=2, a_strong=1)"
1678,Natural disasters and preferences for the environment: Evidence from the impressionable years,2023,"C Falco, R Corbi","C Falco, R Corbi - Economics Letters, 2023 - Elsevier",12,https://www.sciencedirect.com/science/article/pii/S0165176522004207,True,medium,"Multiple moderate replication signals, no negatives. (a_mod=2)"
1679,Is open science a double-edged sword?: data sharing and the changing citation pattern of Chinese economics articles,2023,,"L Zhang, L Ma - Scientometrics, 2023 - Springer",12,https://link.springer.com/article/10.1007/s11192-023-04684-8,False,high,No replication signals found in title or abstract.
1680,"Longevity, health and housing risks management in retirement",2023,PC Michaud,"PC Michaud, PS Amour - 2023 - nber.org",12,https://www.nber.org/papers/w31038,False,high,No replication signals found in title or abstract.
1681,Gender and job satisfaction in OECD countries,2023,T Kose,"T Kose, K Avcioglu - Economics and Business Letters, 2023 - zbw.eu",11,https://www.zbw.eu/econis-archiv/bitstream/11159/631060/1/1860629644_0.pdf,True,high,Abstract has strong replication signal. (a_strong=1)
1682,The costs of occupational gender segregation in high-tech growth and productivity across US local labor markets,2023,"WJ Scarborough, K Sobering","WJ Scarborough, K Sobering, R Kwon… - Socio-Economic …, 2023 - academic.oup.com",11,https://academic.oup.com/ser/article-abstract/21/1/643/6318727,True,low,"One moderate signal; might be incidental use of ""replicate"". (a_mod=1)"
1683,Gender and socioeconomic patterning of self-reported sleep problems across European countries,2023,"M Baranowski, P Jabkowski","M Baranowski, P Jabkowski - European Journal of Public Health, 2023 - academic.oup.com",11,https://academic.oup.com/eurpub/article-abstract/33/2/242/7049369,False,high,No replication signals found in title or abstract.
1684,Corporate cash holdings through economic policy uncertainty: An Australian study,2023,"H Chowdhury, KJK Tan","L Heeney, S Yang, H Chowdhury, KJK Tan - Pacific-Basin Finance Journal, 2023 - Elsevier",11,https://www.sciencedirect.com/science/article/pii/S0927538X23000744,False,high,No replication signals found in title or abstract.
1685,Long‐short speculator sentiment in agricultural commodity markets,2023,RL Czudaj,"O Borgards, RL Czudaj - … Journal of Finance & Economics, 2023 - Wiley Online Library",11,https://onlinelibrary.wiley.com/doi/abs/10.1002/ijfe.2605,False,high,No replication signals found in title or abstract.
1686,The impact of Chinese aid on political trust,2023,PA Atitianti,"PA Atitianti - Journal of International Development, 2023 - Wiley Online Library",11,https://onlinelibrary.wiley.com/doi/abs/10.1002/jid.3683,False,high,No replication signals found in title or abstract.
1687,Dividend taxes and the allocation of capital: Comment,2023,"L Bach, A Bozio, A Guillouzouic","L Bach, A Bozio, A Guillouzouic… - American Economic …, 2023 - aeaweb.org",10,https://www.aeaweb.org/articles?id=10.1257/aer.20221432,False,high,No replication signals found in title or abstract.
1688,Long‐run intergenerational health benefits of women empowerment: Evidence from suffrage movements in the US,2023,"H Noghanibehambari, F Noghani","H Noghanibehambari, F Noghani - Health economics, 2023 - Wiley Online Library",10,https://onlinelibrary.wiley.com/doi/abs/10.1002/hec.4744,True,medium,"Multiple moderate replication signals, no negatives. (a_mod=2)"
1689,Lights and GDP relationship: What does the computer tell us?,2023,DH Phan,"DH Phan - Empirical Economics, 2023 - Springer",10,https://link.springer.com/article/10.1007/s00181-023-02377-y,False,high,No replication signals found in title or abstract.
1690,Unraveling controversies over civic honesty measurement: An extended field replication in China,2023,"Q Yang, W Zhang, S Liu","Q Yang, W Zhang, S Liu, W Gong, Y Han, J Lu… - Proceedings of the …, 2023 - pnas.org",10,https://www.pnas.org/doi/abs/10.1073/pnas.2213824120,True,high,Abstract has multiple strong replication signals. (a_strong=2)
1691,Rule of law and economic growth: Evidences from South East Europe,2023,,"P Nedanovski, K Shapkova Kocevska - … for economic theory and policy, 2023 - ekof.bg.ac.rs",10,http://www.ekof.bg.ac.rs/wp-content/uploads/2023/01/Shaping-Post-COVID-World.pdf#page=75,True,medium,"Multiple moderate replication signals, no negatives. (a_mod=2)"
1692,The dynamics of poverty targeting,2023,S Klonner,"M Hillebrecht, S Klonner, NA Pacere - Journal of Development Economics, 2023 - Elsevier",10,https://www.sciencedirect.com/science/article/pii/S0304387822001754,True,medium,"Multiple moderate replication signals, no negatives. (a_mod=2)"
1693,Improving continuity by simplifying the structure of family firms: a replication study,2023,"A Dettori, M Floris","A Dettori, M Floris - Management Review Quarterly, 2023 - Springer",10,https://link.springer.com/article/10.1007/s11301-021-00255-4,True,high,"Title contains explicit replication indicator. (t_strong=2, a_strong=0)"
1694,Ellsberg meets Keynes at an urn,2023,"SH Chew, S Zhong","SH Chew, B Miao, S Zhong - Quantitative Economics, 2023 - Wiley Online Library",10,https://onlinelibrary.wiley.com/doi/abs/10.3982/QE2253,True,medium,"Multiple moderate replication signals, no negatives. (a_mod=2)"
1695,"Estimating the value of democracy relative to other institutional and economic outcomes among citizens in Brazil, France, and the United States",2023,"A Adserà, A Arenas, C Boix","A Adserà, A Arenas, C Boix - Proceedings of the National Academy of …, 2023 - pnas.org",10,https://www.pnas.org/doi/abs/10.1073/pnas.2306168120,True,medium,"Multiple moderate replication signals, no negatives. (a_mod=2)"
1696,Revisiting the impact of per‐unit duties on agricultural export prices,2023,"DD Fiankor, FG Santeramo","DD Fiankor, FG Santeramo - Applied Economic Perspectives …, 2023 - Wiley Online Library",10,https://onlinelibrary.wiley.com/doi/abs/10.1002/aepp.13368,True,medium,"Multiple moderate replication signals, no negatives. (a_mod=2)"
1697,"Childhood use of coin pusher and crane grab machines, and adult gambling: A conceptual replication of Newall et al.(2021)",2023,"A Parrado-González, PWS Newall","A Parrado-González, PWS Newall - Journal of Behavioral …, 2023 - akjournals.com",10,https://akjournals.com/view/journals/2006/12/1/article-p194.xml,True,high,"Title contains explicit replication indicator. (t_strong=2, a_strong=0)"
1698,Kernel-based time-varying IV estimation: handle with care,2023,"R Lucchetti, F Valentini","R Lucchetti, F Valentini - Empirical Economics, 2023 - Springer",9,https://link.springer.com/article/10.1007/s00181-023-02450-6,True,high,Abstract has multiple strong replication signals. (a_strong=2)
1699,Quantitative macroeconomics: Lessons learned from fourteen replications,2023,R Kirkby,"R Kirkby - Computational Economics, 2023 - Springer",9,https://link.springer.com/article/10.1007/s10614-022-10234-w,False,high,No replication signals found in title or abstract.
1700,Origins of Latin American Inequality,2023,FV Caicedo,"F Eslava, FV Caicedo - 2023 - econstor.eu",9,https://www.econstor.eu/handle/10419/299434,True,medium,"Multiple moderate replication signals, no negatives. (a_mod=2)"
1701,On the interpretation of giving in dictator games when the recipient is a charity,2023,JA Livingston,"JA Livingston, R Rasulmukhamedov - … Economic Behavior & Organization, 2023 - Elsevier",9,https://www.sciencedirect.com/science/article/pii/S0167268123000252,True,medium,"Multiple moderate replication signals, no negatives. (a_mod=2)"
1702,"Price promotions, beneficiary framing, and mental accounting",2023,"G Fisher, J Liaukonyte","G Fisher, M McGranaghan, J Liaukonyte… - … and Economics, 2023 - Springer",9,https://link.springer.com/article/10.1007/s11129-023-09261-0,True,high,Abstract has strong replication signal. (a_strong=1)
1703,Is ChatGPT Humanly Irrational?,2023,"D Ma, M Saunders","D Ma, T Zhang, M Saunders - 2023 - researchsquare.com",9,https://www.researchsquare.com/article/rs-3220513/latest,False,high,No replication signals found in title or abstract.
1704,Tokens of virtue: Replicating incentivized measures of children's prosocial behavior with online methods and virtual resources,2023,"RE Ahl, D Amir, M Sheskin","RE Ahl, K Hannan, D Amir, A Baker, M Sheskin… - Cognitive …, 2023 - Elsevier",9,https://www.sciencedirect.com/science/article/pii/S0885201423000187,False,high,No replication signals found in title or abstract.
1705,Diagnosing the role of observable distribution shift in scientific replications,2023,"Y Jin, D Rothenhäusler","Y Jin, K Guo, D Rothenhäusler - arXiv preprint arXiv:2309.01056, 2023 - arxiv.org",9,https://arxiv.org/abs/2309.01056,False,high,"Abstract discusses replication as topic/concept, not as paper's primary action. (a_neg=1)"
1706,Knowledge risk management in banks-An area for improving organizational performance,2023,"S Durst, S Foli","S Durst, S Foli, M La Torre, M Borgia - Heliyon, 2023 - cell.com",9,https://www.cell.com/heliyon/fulltext/S2405-8440(23)09272-1?uuid=uuid%3A711f3cdd-58f8-4bda-8f98-e548f55923e4,True,low,"Weak evidence: strong signal competes with negative signal. (a_strong=2, a_neg=1)"
1707,Replication: Do coaches stick with what barely worked? Evidence of outcome bias in sports,2023,"PF Meier, R Flepp, E Franck","PF Meier, R Flepp, E Franck - Journal of Economic Psychology, 2023 - Elsevier",8,https://www.sciencedirect.com/science/article/pii/S016748702300065X,False,medium,"Title has replication but abstract discusses replication as a topic, not action. (a_neg=1)"
1708,No SNARC effect among left-to-right readers: Evidence from a Turkish sample,2023,"M Bulut, H Çetinkaya","M Bulut, I Hepdarcan, E Palaz, H Çetinkaya… - Advances in Cognitive …, 2023 - gcris.ieu.edu.tr",8,https://gcris.ieu.edu.tr/handle/20.500.14365/4792,True,low,"One moderate signal; might be incidental use of ""replicate"". (a_mod=1)"
1709,Temperature and economic growth: comment on Kiley,2023,,"D Barker - Econ Journal Watch, 2023 - econjwatch.org",8,https://econjwatch.org/File+download/1259/BarkerMar2023.pdf,True,high,Abstract has strong replication signal. (a_strong=1)
1710,"Temperature shocks and economic growth: comment on Dell, Jones, and Olken",2023,,"D Barker - Econ Journal Watch, 2023 - econjwatch.org",8,https://econjwatch.org/File+download/1287/BarkerSept2023.pdf,False,high,No replication signals found in title or abstract.
1711,The impact of perceived partisanship on climate policy support: A conceptual replication and extension of the temporal framing effect,2023,"M Herberz, T Brosch, UJJ Hahnel","M Herberz, T Brosch, UJJ Hahnel - Journal of Environmental Psychology, 2023 - Elsevier",8,https://www.sciencedirect.com/science/article/pii/S0272494423000208,True,high,"Title contains explicit replication indicator. (t_strong=2, a_strong=0)"
1712,Increasing Earnings Inequality: Reconciling Evidence from Survey and Administrative Data,2023,"J Haltiwanger, HR Hyatt","J Haltiwanger, HR Hyatt… - … of Labor Economics, 2023 - journals.uchicago.edu",8,https://www.journals.uchicago.edu/doi/abs/10.1086/726632,False,high,No replication signals found in title or abstract.
1713,Institutional forces and knowledge search strategies as predictors of entrepreneurial venture performance,2023,"J Wu, PJ Murphy","J Wu, PJ Murphy, JJ Chen, MD Bunn - Journal of Small Business …, 2023 - Taylor & Francis",8,https://www.tandfonline.com/doi/abs/10.1080/00472778.2021.1890098,False,high,No replication signals found in title or abstract.
1714,"Collaboration, eco-innovation and economic performance in the automotive industry",2023,,"G Maldonado Guzmám… - International journal of …, 2023 - emerald.com",8,https://www.emerald.com/insight/content/doi/10.1108/IJIEOM-09-2022-0041/full/html,False,high,No replication signals found in title or abstract.
1715,The Experimenters' Dilemma: Inferential Preferences over Populations,2023,"L Rigotti, A Wilson, N Gupta","L Rigotti, A Wilson, N Gupta - 2023 - d-scholarship.pitt.edu",8,http://d-scholarship.pitt.edu/44635/,False,high,No replication signals found in title or abstract.
1716,Components of agricultural productivity change: Replication of US evidence and extension to the EU,2023,"S Wimmer, KH Dakpo","S Wimmer, KH Dakpo - … Economic Perspectives and Policy, 2023 - Wiley Online Library",7,https://onlinelibrary.wiley.com/doi/abs/10.1002/aepp.13377,True,high,"Title contains explicit replication indicator. (t_strong=2, a_strong=2)"
1717,Incorporating dynamic pricing in cost-effectiveness analysis: are known unknowns valuable?,2023,"RB McQueen, KE Anderson, JF Levy, JJ Carlson","RB McQueen, KE Anderson, JF Levy, JJ Carlson - PharmacoEconomics, 2023 - Springer",7,https://link.springer.com/article/10.1007/s40273-022-01230-x,True,low,"One moderate signal; might be incidental use of ""replicate"". (a_mod=1)"
1718,Detecting economic growth pathways in the EU's lagging regions,2023,R Ganau,"R Ganau, A Kilroy - Regional Studies, 2023 - Taylor & Francis",7,https://www.tandfonline.com/doi/abs/10.1080/00343404.2022.2050200,True,low,"One moderate signal; might be incidental use of ""replicate"". (a_mod=1)"
1719,The competitive advantage of sanctioning institutions revisited: A multilab replication,2023,"S Lo Iacono, W Przepiorka, V Buskens, R Corten","S Lo Iacono, W Przepiorka, V Buskens, R Corten… - PNAS …, 2023 - academic.oup.com",7,https://academic.oup.com/pnasnexus/article-abstract/2/5/pgad091/7147348,True,high,Abstract has strong replication signal. (a_strong=1)
1720,Sunk cost effects for time versus money: Replication and extensions Registered Report of Soman (2001),2023,NB Petrov,"NB Petrov, YKM Chan, CN Lau, TH Kwok… - International Review of …, 2023 - rips-irsp.com",7,https://rips-irsp.com/articles/10.5334/irsp.883?_rsc=y3vvi,True,high,"Title contains explicit replication indicator. (t_strong=1, a_strong=2)"
1721,Corporate political ties and firm performance in a transition economy: A replication and extension of Peng and Luo (2000),2023,H Guo,"H Guo, C Wang, Z Wang, X Li - Management and Organization …, 2023 - cambridge.org",7,https://www.cambridge.org/core/journals/management-and-organization-review/article/corporate-political-ties-and-firm-performance-in-a-transition-economy-a-replication-and-extension-of-peng-and-luo-2000/B4DF32501D8B663280A860B6FA986BFA,True,high,"Title contains explicit replication indicator. (t_strong=2, a_strong=0)"
1722,Psychological well-being of hybrid entrepreneurs: A replication and extension study using German panel data,2023,"F Lasch, A Vossen","M Stephan, C Demir, F Lasch, A Vossen… - Journal of Business …, 2023 - Elsevier",7,https://www.sciencedirect.com/science/article/pii/S2352673423000483,True,high,"Title contains explicit replication indicator. (t_strong=2, a_strong=0)"
1723,Culture Based Development in the Regions of China,2023,A Tubadji,"A Tubadji - Journal of Economic Issues, 2023 - Taylor & Francis",7,https://www.tandfonline.com/doi/abs/10.1080/00213624.2023.2154531,False,high,No replication signals found in title or abstract.
1724,Expanding economic activity in space may offer a solution to secular stagnation,2023,M Weinzierl,"M Weinzierl - Proceedings of the National Academy of Sciences, 2023 - pnas.org",7,https://www.pnas.org/doi/abs/10.1073/pnas.2221347120,True,medium,"Multiple moderate replication signals, no negatives. (a_mod=2)"
1725,The common-probability auction puzzle,2023,"MK Ngangoué, A Schotter","MK Ngangoué, A Schotter - American Economic Review, 2023 - aeaweb.org",7,https://www.aeaweb.org/articles?id=10.1257/aer.20191927,False,high,No replication signals found in title or abstract.
1726,"Financial development, diversity, and economic stability: Micro and systemic evidence",2023,B Pisicoli,"B Pisicoli - International Economics, 2023 - Elsevier",7,https://www.sciencedirect.com/science/article/pii/S2110701723000549,False,high,No replication signals found in title or abstract.
1727,Bringing the market in: an expanded framework for understanding popular responses to economic inequality,2023,A Lindh,"A Lindh, L McCall - Socio-Economic Review, 2023 - academic.oup.com",7,https://academic.oup.com/ser/article-abstract/21/2/1035/6573249,True,low,"One moderate signal; might be incidental use of ""replicate"". (a_mod=1)"
1728,Replicating the effects of Facebook deactivation in an ethnically polarized setting,2023,"J Nagler, JA Tucker","N Asimovic, J Nagler, JA Tucker - Research & Politics, 2023 - journals.sagepub.com",7,https://journals.sagepub.com/doi/abs/10.1177/20531680231205157,True,high,"Title contains explicit replication indicator. (t_strong=1, a_strong=0)"
1729,The intrinsic value of decision rights: A replication and an extension to team decision making,2023,M Sutter,"J Buffat, M Praxmarer, M Sutter - … of Economic Behavior & Organization, 2023 - Elsevier",6,https://www.sciencedirect.com/science/article/pii/S0167268123000926,True,high,"Title contains explicit replication indicator. (t_strong=1, a_strong=2)"
1730,The Fiscal Impact of Immigration in the United States,2023,S Eckhardt,"A Nowrasteh, S Eckhardt, M Howard - 2023 - cato.org",6,https://www.cato.org/white-paper/fiscal-impact-immigration-united-states?os=firetv&ref=app,False,high,No replication signals found in title or abstract.
1731,"New data, new results? How data sources and vintages affect the replicability of research",2023,I Goes,"I Goes - Research & Politics, 2023 - journals.sagepub.com",6,https://journals.sagepub.com/doi/abs/10.1177/20531680231170502,True,medium,"Multiple moderate replication signals, no negatives. (a_mod=3)"
1732,Reanalysing the link between democracy and economic development,2023,L Pelke,"L Pelke - International Area Studies Review, 2023 - journals.sagepub.com",6,https://journals.sagepub.com/doi/abs/10.1177/22338659231194945,False,high,No replication signals found in title or abstract.
1733,Human capital and the diffusion of technology,2023,"M Cervellati, G Meyerheim, U Sunde","M Cervellati, G Meyerheim, U Sunde - Economics Letters, 2023 - Elsevier",6,https://www.sciencedirect.com/science/article/pii/S0165176523001337,True,medium,"Multiple moderate replication signals, no negatives. (a_mod=2)"
1734,Optimal interventions in networks during a pandemic,2023,"R Pongou, G Tchuente, JB Tondji","R Pongou, G Tchuente, JB Tondji - Journal of Population Economics, 2023 - Springer",6,https://link.springer.com/article/10.1007/s00148-022-00916-y,True,medium,"Multiple moderate replication signals, no negatives. (a_mod=2)"
1735,Determinants of downside risk exposure: An analysis of Korean rice farms using partial and quantile moments,2023,K Kulkarni,"K Kulkarni, D Rossi - … Economic Perspectives and Policy, 2023 - Wiley Online Library",6,https://onlinelibrary.wiley.com/doi/abs/10.1002/aepp.13320,True,high,Abstract has multiple strong replication signals. (a_strong=3)
1736,Estimating and evaluating treatment effect heterogeneity: A causal forests approach,2023,W Yin,"L Zheng, W Yin - Research & Politics, 2023 - journals.sagepub.com",6,https://journals.sagepub.com/doi/abs/10.1177/20531680231153080,False,high,No replication signals found in title or abstract.
1737,"Cross-Section of Returns, Predictors Credibility, and Method Issues",2023,,"Z Yu - Journal of Risk and Financial Management, 2023 - mdpi.com",6,https://www.mdpi.com/1911-8074/16/1/34,False,high,No replication signals found in title or abstract.
1738,Rearticulating supply chain design and operation principles to mitigate uncertainty in the Norwegian engineer-to-order shipbuilding sector,2023,"E Alfnes, J Gosling, M Naim, HC Dreyer","E Alfnes, J Gosling, M Naim, HC Dreyer - … Journal of Production Economics, 2023 - Elsevier",6,https://www.sciencedirect.com/science/article/pii/S0925527323001354,True,high,Abstract has multiple strong replication signals. (a_strong=2)
1739,Who punishes leaders for lying about the use of force? Evaluating the microfoundations of domestic deception costs,2023,,"K Yarhi-Milo, DT Ribar - Journal of Conflict Resolution, 2023 - journals.sagepub.com",6,https://journals.sagepub.com/doi/abs/10.1177/00220027221118808,True,high,Abstract has strong replication signal. (a_strong=1)
1740,Improving models of coordination incentives for biodiversity conservation by fitting a multi-agent simulation model to a lab experiment,2023,M Drechsler,"M Drechsler - Journal of Behavioral and Experimental Economics, 2023 - Elsevier",6,https://www.sciencedirect.com/science/article/pii/S2214804322001379,True,high,Abstract has strong replication signal. (a_strong=1)
1741,Revisiting the effect of growing up in a recession on attitudes towards redistribution,2023,"J Bietenbeck, P Thiemann","J Bietenbeck, P Thiemann - Journal of Applied Econometrics, 2023 - Wiley Online Library",5,https://onlinelibrary.wiley.com/doi/abs/10.1002/jae.2970,True,high,Abstract has strong replication signal. (a_strong=1)
1742,Cognitive reflection and 2D: 4D: Evidence from a large population sample,2023,"L Neyse, FM Fossen, M Johannesson","L Neyse, FM Fossen, M Johannesson… - Journal of Economic …, 2023 - Elsevier",5,https://www.sciencedirect.com/science/article/pii/S0167268123000914,True,high,Abstract has strong replication signal. (a_strong=1)
1743,Reassessing the dependence between economic growth and financial conditions since 1973,2023,"T Chernis, SP Vahey","T Chernis, PJ Coe, SP Vahey - Journal of Applied …, 2023 - Wiley Online Library",5,https://onlinelibrary.wiley.com/doi/abs/10.1002/jae.2937,True,medium,"Multiple moderate replication signals, no negatives. (a_mod=2)"
1744,Journey effects? Waiting periods in european transit countries and subsequent economic integration of refugees in switzerland,2023,,"E Kuhn - International Migration Review, 2023 - journals.sagepub.com",5,https://journals.sagepub.com/doi/abs/10.1177/01979183221118325,True,medium,"Multiple moderate replication signals, no negatives. (a_mod=3)"
1745,Strategic environment effect and communication,2023,N Hanaki,"N Hanaki, AI Ozkes - Experimental Economics, 2023 - Springer",5,https://link.springer.com/article/10.1007/s10683-022-09774-7,False,high,No replication signals found in title or abstract.
1746,Learning curve: Progress in the replication crisis,2023,"N Angrist, C Cullen","N Angrist, C Cullen, M Ainomugisha… - AEA Papers and …, 2023 - aeaweb.org",5,https://www.aeaweb.org/articles?id=10.1257/pandp.20231009,False,high,No replication signals found in title or abstract.
1747,New insights on regional differences of the farmland price structure: an extended replication study on the parcel size–price relationship,2023,"H Schaak, L Meissner","H Schaak, L Meissner… - Applied Economic …, 2023 - Wiley Online Library",5,https://onlinelibrary.wiley.com/doi/abs/10.1002/aepp.13366,True,high,"Title contains explicit replication indicator. (t_strong=1, a_strong=1)"
1748,Rural migrants and urban informality: Evidence from brazil,2023,,"C Imbert, G Ulyssea - 2023 - ideas.repec.org",5,https://ideas.repec.org/p/hal/wpaper/halshs-04960443.html,False,high,No replication signals found in title or abstract.
1749,Don't sweat it: Ambient temperature does not affect social behavior and perception,2023,"JS Krause, G Brandt, U Schmidt, D Schunk","JS Krause, G Brandt, U Schmidt, D Schunk - Journal of Economic …, 2023 - Elsevier",5,https://www.sciencedirect.com/science/article/pii/S0167487023000582,False,high,No replication signals found in title or abstract.
1750,The rise and spread of female labour force participation at the US county level,2023,,"I Tziolas, JP Elhorst - Spatial Economic Analysis, 2023 - Taylor & Francis",5,https://www.tandfonline.com/doi/abs/10.1080/17421772.2022.2123111,True,high,Abstract has strong replication signal. (a_strong=1)
1751,Are long waves 50 years? Reexamining economic and financial long wave periodicities in Kondratieff and Schumpeter,2023,J Hecht,"J Hecht - Review of Political Economy, 2023 - Taylor & Francis",5,https://www.tandfonline.com/doi/abs/10.1080/09538259.2023.2280803,True,high,Abstract has strong replication signal. (a_strong=1)
1752,The economic cost of a nuclear weapon: a synthetic control approach,2023,AA Mayberry,"AA Mayberry - Defence and Peace Economics, 2023 - Taylor & Francis",5,https://www.tandfonline.com/doi/abs/10.1080/10242694.2022.2065186,False,high,No replication signals found in title or abstract.
1753,Alcohol cues increase behavioral economic demand and craving for alcohol in nontreatment‐seeking and treatment‐seeking heavy drinkers,2023,"JG Murphy, J MacKillop","E Marsden, JG Murphy, J MacKillop… - Alcohol: Clinical and …, 2023 - Wiley Online Library",5,https://onlinelibrary.wiley.com/doi/abs/10.1111/acer.15190,False,high,No replication signals found in title or abstract.
1754,Reaffirming the wheat boom: New evidence for structural breaks in canadian economic growth,2023,"J Bologna Pavlik, V Geloso, C Pender","J Bologna Pavlik, V Geloso, C Pender - 2023 - papers.ssrn.com",5,https://papers.ssrn.com/sol3/papers.cfm?abstract_id=4625130,False,high,No replication signals found in title or abstract.
1755,Ad expenditures and perceived quality: a replication and extension,2023,"K Rajavi, KL Keller, A Golmohammadi","K Rajavi, DR Lehmann, KL Keller, A Golmohammadi - Marketing Letters, 2023 - Springer",4,https://link.springer.com/article/10.1007/s11002-022-09646-3,True,high,"Title contains explicit replication indicator. (t_strong=2, a_strong=0)"
1756,Dictator giving and taking: Evidence from Africa,2023,M Drouvelis,"M Drouvelis - Journal of Economic Behavior & Organization, 2023 - Elsevier",4,https://www.sciencedirect.com/science/article/pii/S016726812300094X,True,low,"One moderate signal; might be incidental use of ""replicate"". (a_mod=1)"
1757,Difference-in-differences with Economic Factors and the Case of Housing Returns,2023,P Östberg,"J Huang, P Östberg - Swiss Finance Institute Research Paper, 2023 - zora.uzh.ch",4,https://www.zora.uzh.ch/id/eprint/254163/,True,medium,"Multiple moderate replication signals, no negatives. (a_mod=2)"
1758,Challenges in studying the interplay of genes and environment. A study of childhood financial distress moderating genetic predisposition for peak smoking,2023,"L Bierut, P Biroli, TJ Galama, K Thom","L Bierut, P Biroli, TJ Galama, K Thom - Journal of Economic Psychology, 2023 - Elsevier",4,https://www.sciencedirect.com/science/article/pii/S0167487023000375,True,high,Abstract has strong replication signal. (a_strong=1)
1759,"Economic sanctions, repression capacity, and human rights",2023,"S Kang, T Whang","S Kang, S Lee, T Whang - Journal of Human Rights, 2023 - Taylor & Francis",4,https://www.tandfonline.com/doi/abs/10.1080/14754835.2022.2096404,False,high,No replication signals found in title or abstract.
1760,"Climate change, technology shocks and the US equity real estate investment trusts (REITs)",2023,"AA Salisu, YS Hammed","AA Salisu, YS Hammed, IN Ouattara - Sustainability, 2023 - mdpi.com",4,https://www.mdpi.com/2071-1050/15/19/14536,False,high,No replication signals found in title or abstract.
1761,The persistent impact of electoral incentives on the quality of infrastructure,2023,D Rogger,"D Rogger, R Somani - Journal of Public Economics, 2023 - Elsevier",4,https://www.sciencedirect.com/science/article/pii/S0047272723000622,False,high,No replication signals found in title or abstract.
1762,"Targeting High Ability Entrepreneurs: Replication and Heterogeneity by Gender of Hussam, Rigol and Roth (2022)",2023,D Ubfal,"I Masetto, D Ubfal - 2023 - econstor.eu",3,https://www.econstor.eu/handle/10419/274139,True,high,"Title contains explicit replication indicator. (t_strong=1, a_strong=0)"
1763,No evidence of biased updating in beliefs about absolute performance: A replication and generalization of Grossman and Owens (2012),2023,"Q Cavalan, V de Gardelle, JC Vergnaud","Q Cavalan, V de Gardelle, JC Vergnaud - Journal of Economic Behavior & …, 2023 - Elsevier",3,https://www.sciencedirect.com/science/article/pii/S0167268123001543,True,high,"Title contains explicit replication indicator. (t_strong=1, a_strong=0)"
1764,News or animal spirits? Consumer confidence and economic activity: Redux,2023,D Yoo,"S Choi, J Jeong, D Park, D Yoo - 2023 - econstor.eu",3,https://www.econstor.eu/handle/10419/271051,True,high,Abstract has strong replication signal. (a_strong=1)
1765,Health Insurance Mandates and the Marriage of Young Adults: A Comment on Barkowski and McLaughlin,2023,,"AM Gamino - Econ Journal Watch, 2023 - econjwatch.org",3,https://econjwatch.org/File+download/1262/GaminoMar2023.pdf,True,high,Abstract has strong replication signal. (a_strong=1)
1766,Registration at founding and firm performance: Generalization and extension replication from global data,2023,"A Adbi, D Shukla","A Adbi, D Shukla - Journal of International Business Studies, 2023 - Springer",3,https://link.springer.com/article/10.1057/s41267-022-00532-8,False,high,No replication signals found in title or abstract.
1767,A new look at agricultural fires and health: A replication of Rangel and Vogl (2019),2023,"M Gammans, A Ortiz‐Bobea","M Gammans, A Ortiz‐Bobea - Applied Economic Perspectives …, 2023 - Wiley Online Library",3,https://onlinelibrary.wiley.com/doi/abs/10.1002/aepp.13393,True,high,"Title contains explicit replication indicator. (t_strong=2, a_strong=1)"
1768,"Giving and taking in dictator games–differences by gender? A replication study of Chowdhury et al.(Southern Economic Journal, 2017)",2023,"K von Blanckenburg, A Iseke","K von Blanckenburg, E Tebbe, A Iseke - … and Replications in Economics …, 2023 - econstor.eu",3,https://www.econstor.eu/handle/10419/271198,True,high,"Title contains explicit replication indicator. (t_strong=2, a_strong=3)"
1769,Anodal transcranial direct current stimulation over the right dorsolateral prefrontal cortex: Less risk taking or more reflective? A tDCS study based on a Bayesian …,2023,,"D Huang, Y Li, J Li - Journal of Economic Psychology, 2023 - Elsevier",3,https://www.sciencedirect.com/science/article/pii/S0167487023000818,True,high,Abstract has strong replication signal. (a_strong=1)
1770,The role of historical malaria in institutions and contemporary economic development,2023,"E Gooch, J Martinez-Vazquez, B Yedgenov","E Gooch, J Martinez-Vazquez, B Yedgenov - Studies in Comparative …, 2023 - Springer",3,https://link.springer.com/article/10.1007/s12116-022-09370-z,False,high,No replication signals found in title or abstract.
1771,Terrorism and land use in agriculture: The case of Boko Haram in Nigeria-a replication attempt of the paper by Adelaja & George (2019),2023,"E Kirchner, O Mußhoff","T Ölkers, E Kirchner, O Mußhoff - Land Use Policy, 2023 - Elsevier",3,https://www.sciencedirect.com/science/article/pii/S026483772300399X,True,high,"Title contains explicit replication indicator. (t_strong=2, a_strong=2)"
1772,"How economic conditions changed the number of US Farms, 1960–1988: A replication and extension of Gale (1990) to midsize farms in the United States and abroad",2023,"AC Sant'Anna, AL Katchova","AC Sant'Anna, AL Katchova - Applied Economic Perspectives …, 2023 - Wiley Online Library",3,https://onlinelibrary.wiley.com/doi/abs/10.1002/aepp.13306,True,high,"Title contains explicit replication indicator. (t_strong=2, a_strong=0)"
1773,The role of incentive structure in eliciting willingness to donate,2023,"C Chisadza, N Nicholls, E Yitbarek","C Chisadza, N Nicholls, E Yitbarek - Economics Letters, 2023 - Elsevier",3,https://www.sciencedirect.com/science/article/pii/S0165176523000307,True,medium,"Multiple moderate replication signals, no negatives. (a_mod=2)"
1774,Negative control falsification tests for instrumental variable designs,2023,"O Danieli, D Nevo, B Weinstein","O Danieli, D Nevo, I Walk, B Weinstein… - arXiv preprint arXiv …, 2023 - arxiv.org",3,https://arxiv.org/abs/2312.15624,False,high,No replication signals found in title or abstract.
1775,The gender reference point gap,2023,"N Kettlewell, A Tymula","N Kettlewell, J Levy, A Tymula, X Wang - 2023 - econstor.eu",3,https://www.econstor.eu/handle/10419/272765,False,high,No replication signals found in title or abstract.
1776,Lockdowns during the COVID-19 pandemic among small island developing states and Guam,2023,MCM Ruane,"LC Kabigting, MCM Ruane, KC Sayama - Library Hi Tech, 2023 - emerald.com",3,https://www.emerald.com/insight/content/doi/10.1108/LHT-12-2022-0574/full/html,False,high,No replication signals found in title or abstract.
1777,Assessing Utility of Differential Privacy for RCTs,2023,"S Mukherjee, A Mustafi, A Slavković","S Mukherjee, A Mustafi, A Slavković… - arXiv preprint arXiv …, 2023 - arxiv.org",3,https://arxiv.org/abs/2309.14581,True,low,"One moderate signal; might be incidental use of ""replicate"". (a_mod=1)"
1778,Factor replication with industry stratification,2023,"R Fletcher, P Lajbcygier","S Bharjana, R Fletcher, P Lajbcygier - Financial Analysts Journal, 2023 - Taylor & Francis",3,https://www.tandfonline.com/doi/abs/10.1080/0015198X.2023.2215252,False,high,"Excluded: non-social-science use of ""replication"" (computing/biology/finance)."
1779,Understanding Environmentalism: The Interplay between Politics and Religion on Environmental Attitudes from Rural Utah,2023,PN Park,"MR Cope, KA Muirbrook, PN Park… - Society & Natural …, 2023 - Taylor & Francis",3,https://www.tandfonline.com/doi/abs/10.1080/08941920.2023.2169423,False,high,No replication signals found in title or abstract.
1780,Elasticities of substitution between marketing and farm inputs in a complete system of food commodities,2023,"Y Lee, Q Li, M Çakır","Y Lee, Q Li, M Çakır - … Economic Perspectives and Policy, 2023 - Wiley Online Library",3,https://onlinelibrary.wiley.com/doi/abs/10.1002/aepp.13322,True,high,Abstract has strong replication signal. (a_strong=1)
1781,Reproduction and replication analyses of Andersson (2019): A replication report from the Toronto Replication Games,2023,"C Bonander, N Jakobsson, N Johansson","C Bonander, N Jakobsson, N Johansson - 2023 - econstor.eu",2,https://www.econstor.eu/handle/10419/270606,True,high,"Title contains explicit replication indicator. (t_strong=1, a_strong=3)"
1782,Replicating Backfire Effects in AntiCorruption Messaging: A Comment on Cheeseman and Peiffer (2022),2023,"O Bergeron-Boutin, C Ciobanu, A Erlich","O Bergeron-Boutin, C Ciobanu, G Cohen, A Erlich - 2023 - econstor.eu",2,https://www.econstor.eu/handle/10419/280691,True,high,"Title contains explicit replication indicator. (t_strong=1, a_strong=3)"
1783,Replication of the “money illusion” effect in a Brazilian sample,2023,,"M de Moraes Ferreira… - … , Marcelo, Replication …, 2023 - papers.ssrn.com",2,https://papers.ssrn.com/sol3/papers.cfm?abstract_id=4661910,True,high,"Title contains explicit replication indicator. (t_strong=2, a_strong=0)"
1784,Replication of the morning after: Report from the nottingham replication games,2023,"C Oswald, J Walterskirchen, M Binetti","C Oswald, J Walterskirchen, S Häffner, M Binetti… - 2023 - econstor.eu",2,https://www.econstor.eu/handle/10419/273308,True,high,"Title contains explicit replication indicator. (t_strong=2, a_strong=1)"
1785,Estimating the effect of US concealed carry laws on homicide: A replication and sensitivity analysis,2023,"MV Bondy, SV Cai, JJ Donohue","MV Bondy, SV Cai, JJ Donohue - … Review of Law and Economics, 2023 - Elsevier",2,https://www.sciencedirect.com/science/article/pii/S0144818823000194,True,high,"Title contains explicit replication indicator. (t_strong=1, a_strong=2)"
1786,The Poisson Method of Poverty Measurement Using Non-monetary Indicators: A Replication Study Based on Australian Data,2023,,"K Yoo - Social Indicators Research, 2023 - Springer",2,https://link.springer.com/article/10.1007/s11205-023-03067-z,True,high,"Title contains explicit replication indicator. (t_strong=2, a_strong=0)"
1787,Do Public Housing Agencies Discriminate Against Latinos? A Large-Scale Replication Study to Assess Discrimination,2023,"M Landgrave, N Weller","M Landgrave, N Weller, J Authement - Journal of Behavioral Public …, 2023 - journal-bpa.org",2,https://www.journal-bpa.org/index.php/jbpa/article/view/325,True,high,"Title contains explicit replication indicator. (t_strong=1, a_strong=1)"
1788,Experimental economics for machine learning-a methodological contribution,2023,D Bershadskyy,"D Bershadskyy, L Dinges, MA Fiedler… - Working Paper …, 2023 - journals.ub.ovgu.de",2,https://journals.ub.ovgu.de/index.php/FEMM-WPS/article/view/2178,True,high,Abstract has strong replication signal. (a_strong=1)
1789,"Comment on"" Historical Lynchings and the Contemporary Voting Behavior of Blacks""",2023,,"J Haddad, L Kattan, T Wochner - 2023 - econstor.eu",2,https://www.econstor.eu/handle/10419/272843,False,high,No replication signals found in title or abstract.
1790,Social License for Wyoming's Energy Future: A Replication Study,2023,J Western,"J Western, S Gerace, W Benkelman - 2023 - wyoscholar.uwyo.edu",2,https://wyoscholar.uwyo.edu/items/a1c86977-b40d-4d6c-91dc-0990a33b2b4e,True,high,"Title contains explicit replication indicator. (t_strong=2, a_strong=0)"
1791,"Natural Resources, State Ownership, and Economic Development",2023,M Brückner,"M Brückner, CB Habib, M Lokanc - 2023 - cbe.anu.edu.au",2,https://cbe.anu.edu.au/researchpapers/econ/wp694.pdf,True,low,"One moderate signal; might be incidental use of ""replicate"". (a_mod=1)"
1792,Beyond the first offer: decoding negotiation openings and their impact on economic and subjective outcomes,2023,"R Smolinski, P Kesting","WE Lipp, R Smolinski, P Kesting - Group decision and negotiation, 2023 - Springer",2,https://link.springer.com/article/10.1007/s10726-023-09813-5,False,high,No replication signals found in title or abstract.
1793,Exploring the use of price indices to adjust angler expenditure profiles over time,2023,,"CR Parker, KM Hunt, SC Grado… - … American Journal of …, 2023 - academic.oup.com",2,https://academic.oup.com/najfm/article-abstract/43/2/417/7811723,True,high,Abstract has multiple strong replication signals. (a_strong=2)
1794,Simulating economic experiments using large language models: design and development of a computational tool,2023,,S Kar - 2023 - dspace.mit.edu,2,https://dspace.mit.edu/handle/1721.1/151473,True,medium,"Multiple moderate replication signals, no negatives. (a_mod=2)"
1795,Direct replication and additional sensitivity analyses for Altindag et al.(2022): A replication report from the Oslo Replication Games,2023,"C Bonander, G Chauca Strand, N Jakobsson","C Bonander, G Chauca Strand, N Jakobsson - 2023 - econstor.eu",1,https://www.econstor.eu/handle/10419/268496,True,high,"Title contains explicit replication indicator. (t_strong=2, a_strong=3)"
1796,"Does Education Improve Cognitive Performance Four Decades After School Completion? A Replication Study of Nicole Schneeweis, Vegard Skirbekk and Rudolf …",2023,,"BB Tawiah, V Schiele - 2023 - ideas.repec.org",1,https://ideas.repec.org/p/pdn/dispap/102.html,True,high,"Title contains explicit replication indicator. (t_strong=2, a_strong=4)"
1797,… of “The effect of the conservation reserve program on rural economies: Deriving a statistical verdict from a null finding”(American Journal of Agricultural Economics …,2023,,"J Tian - Economics, 2023 - degruyter.com",1,https://www.degruyter.com/document/doi/10.1515/econ-2022-0036/html,False,high,No replication signals found in title or abstract.
1798,Replication study of Baron (2022): school spending and student outcomes,2023,LP Beland,"T Zahra, LP Beland - 2023 - econstor.eu",1,https://www.econstor.eu/handle/10419/279961,True,high,"Title contains explicit replication indicator. (t_strong=2, a_strong=1)"
1799,"Replication of Dickens (2022)"" Understanding Ethnolinguistic Differences: The Roles of Geography and Trade""",2023,"J Gonzalez, Ö Özak","J Gonzalez, Ö Özak - 2023 - econstor.eu",1,https://www.econstor.eu/handle/10419/276250,True,high,"Title contains explicit replication indicator. (t_strong=2, a_strong=2)"
1800,"Knowledge Transfers from Multinational to Domestic Firms: Evidence from Worker Mobility. A Replication Study of Poole (Review of Economics and Statistics, 2013)",2023,"ET Flaherty, R Balsvik","S Haller, ET Flaherty, R Balsvik - … and Replications in Economics (JCRE …, 2023 - econstor.eu",1,https://www.econstor.eu/handle/10419/281075,True,high,"Title contains explicit replication indicator. (t_strong=2, a_strong=4)"
1801,The Origin of the State: Land Productivity or Appropriability?: Replication,2023,"N Cook, T Duprey, A Heyes, M Pelli","N Cook, T Duprey, A Heyes, M Pelli - 2023 - econstor.eu",1,https://www.econstor.eu/handle/10419/280434,True,high,"Title contains explicit replication indicator. (t_strong=1, a_strong=3)"
1802,Coordination and cooperation in asymmetric commons dilemmas: a replication study,2023,,"J Jarke-Neuert - Journal of the Economic Science Association, 2023 - cambridge.org",1,https://www.cambridge.org/core/journals/journal-of-the-economic-science-association/article/coordination-and-cooperation-in-asymmetric-commons-dilemmas-a-replication-study/F3039A3A3BE7ED4F4D33A0E583BEB828,True,high,"Title contains explicit replication indicator. (t_strong=2, a_strong=0)"
1803,"A replication of “Women Representation in Parliaments: A Qualitative Comparative Analysis”(Political Studies, 2010)",2023,,"DM Bekana - International Journal of Public Administration, 2023 - Taylor & Francis",1,https://www.tandfonline.com/doi/abs/10.1080/01900692.2021.1993903,True,high,"Title contains explicit replication indicator. (t_strong=2, a_strong=2)"
1804,Knowledge transfers from multinational to domestic firms: Evidence from worker mobility-A replication-robustness study,2023,"E Flaherty, R Balsvik","S Haller, E Flaherty, R Balsvik - … and Replications in Economics, 2023 - ojs.jcr-econ.org",1,https://www.ojs.jcr-econ.org/index.php/jcre/article/view/15,True,high,"Title contains explicit replication indicator. (t_strong=1, a_strong=4)"
1805,"A Comment on"" Vulnerability and Clientelism""(2022)",2023,"S Montpetit, A Nordstrom","H Ma, S Montpetit, A Nordstrom - 2023 - econstor.eu",1,https://www.econstor.eu/handle/10419/279522,True,high,Abstract has strong replication signal. (a_strong=1)
1806,Integrated student support and student achievement: A replication study,2023,N Khanani,"N Khanani, AE Raczek, YR Leigh, C Foley, ME Walsh… - 2023 - edworkingpapers.com",1,https://edworkingpapers.com/sites/default/files/ai23-706.pdf,True,high,"Title contains explicit replication indicator. (t_strong=2, a_strong=2)"
1807,Replication Data for: Aspiration versus Apprehension: Economic Opportunities and Electoral Preferences,2023,"S Häusermann, T Kurer, D Zollinger","S Häusermann, T Kurer, D Zollinger - 2023 - kops.uni-konstanz.de",1,https://kops.uni-konstanz.de/entities/dataset/17eb2da1-d173-4f36-bbf2-d618368f50a0,True,high,"Title contains explicit replication indicator. (t_strong=1, a_strong=0)"
1808,Reproducibility and Robustness Replicability of Gsottbauer et al.(2022),2023,H Ye,"A Akhtar, H Ye - 2023 - econstor.eu",1,https://www.econstor.eu/handle/10419/270890,True,high,Abstract has strong replication signal. (a_strong=1)
1809,Inaction Inertia Effect: Foregoing Opportunities as a Consequence of an Initial Failure to Act-a Replication-Extension Study in the Brazilian Population,2023,,"RS Borborema, M de Moraes Ferreira, ALM da Silva… - 2023 - osf.io",1,https://osf.io/preprints/psyarxiv/4u98x/,True,high,"Title contains explicit replication indicator. (t_strong=1, a_strong=1)"
1810,A comment on Xu (2022). Reshaping Global Trade: The Immediate and Long-Term Effects of Bank Failures,2023,"G Bérard, D Freitas, P Verma","G Bérard, D Freitas, P Verma - 2023 - econstor.eu",1,https://www.econstor.eu/handle/10419/279958,False,high,No replication signals found in title or abstract.
1811,"A comment on Herzog, Baron, and Gibbons (2022)",2023,"RG Park, T Balogh","H Daarstad, RG Park, T Balogh - 2023 - econstor.eu",1,https://www.econstor.eu/handle/10419/280748,True,medium,"Multiple moderate replication signals, no negatives. (a_mod=2)"
1812,Managerial motivation in China: replication and extension of miner's hierarchical role motivation theory,2023,BP Ebrahimi,"BP Ebrahimi, SA Young - Management Review Quarterly, 2023 - Springer",1,https://link.springer.com/article/10.1007/s11301-021-00232-x,True,high,"Title contains explicit replication indicator. (t_strong=2, a_strong=0)"
1813,Structural Breaks,2023,JD Levendis,"JD Levendis - … Series Econometrics: Learning Through Replication, 2023 - Springer",1,https://link.springer.com/chapter/10.1007/978-3-031-37310-7_8,False,high,No replication signals found in title or abstract.
1814,Temporary disenfranchisement revisited: a report from the 2023 Montréal replication games on the robustness of recent findings in the APSR,2023,J Frese,"J Frese, AC Gkotinakos, P GRAU VILALTA… - 2023 - cadmus.eui.eu",1,https://cadmus.eui.eu/atmire/handle/1814/76195,False,high,No replication signals found in title or abstract.
1815,How to build a returnee entrepreneurship technology capacity in developing countries using a learning economy approach? Replicating the Chinese experience in …,2023,"M Aissa, BAH Beshr","M Aissa, BAH Beshr, SNM Roslan… - Journal of Law and …, 2023 - ojs.journalsdg.org",1,https://ojs.journalsdg.org/jlss/article/view/2414,False,high,No replication signals found in title or abstract.
1816,"“The empirical relevance of the competitive storage model” by Cafiero et al.(2011): Replication, robustness, and extension",2023,N Legrand,"N Legrand - Applied Economic Perspectives and Policy, 2023 - Wiley Online Library",1,https://onlinelibrary.wiley.com/doi/abs/10.1002/aepp.13282,True,high,"Title contains explicit replication indicator. (t_strong=1, a_strong=0)"
1817,Political turnover negatively affects the quality of public services: a replication,2023,S Gallegos,"S Gallegos - Journal of Economic Behavior & Organization, 2023 - Elsevier",1,https://www.sciencedirect.com/science/article/pii/S0167268123001993,True,high,"Title contains explicit replication indicator. (t_strong=1, a_strong=0)"
1818,The impact of exogenous shocks on the innovation performance of firms in the Caribbean small island economies: Quasi-replication of Paunov (2012),2023,"P Piperopoulos, E Jimenez-Moro, M Yeung","P Piperopoulos, E Jimenez-Moro, M Yeung… - … Forecasting and Social …, 2023 - Elsevier",1,https://www.sciencedirect.com/science/article/pii/S0040162523005280,True,high,"Title contains explicit replication indicator. (t_strong=1, a_strong=0)"
1819,A replication and extension of wine retail consumer purchase patterns: double jeopardy and duplication of purchase laws,2023,"D Wilson, M Winchester","D Wilson, M Winchester, MS Visser - International Journal of Wine …, 2023 - emerald.com",1,https://www.emerald.com/insight/content/doi/10.1108/IJWBR-12-2022-0049/full/html,True,high,"Title contains explicit replication indicator. (t_strong=2, a_strong=0)"
1820,Income shock increases preferences for smaller immediate rewards and reduces alcohol demand among a sample of crowd-sourced adults.,2023,"H Patel, M Amlung","H Patel, M Amlung - Experimental and clinical …, 2023 - psycnet.apa.org",1,https://psycnet.apa.org/fulltext/2022-96578-001.html,False,high,No replication signals found in title or abstract.
1821,Variation in standard errors in event-study design: insights from empirical studies and simulations,2023,,"Y Li - Applied Economics, 2023 - Taylor & Francis",1,https://www.tandfonline.com/doi/abs/10.1080/00036846.2022.2091109,False,high,No replication signals found in title or abstract.
1822,Integrating Behavioral Economics into System Dynamics,2023,,"S Bah - … Ph. D. Dissertation. Worcester Polytechnic Institute …, 2023 - digital.wpi.edu",1,https://digital.wpi.edu/downloads/dn39x4827,True,low,"One moderate signal; might be incidental use of ""replicate"". (a_mod=1)"
1823,"Replication of Atwood's (2022)"" The Long-Term Effects of Measles Vaccination on Earnings and Employment""",2023,"M Barschkett, M Huebener, A Leibing, J Marcus","M Barschkett, M Huebener, A Leibing, J Marcus… - 2023 - econstor.eu",0,https://www.econstor.eu/handle/10419/271673,True,high,"Title contains explicit replication indicator. (t_strong=2, a_strong=0)"
1824,A replication analysis of Laffitte and Toubal (2022),2023,,"I Tastan, K Qiu, T Khushboo, L Goff - 2023 - econstor.eu",0,https://www.econstor.eu/handle/10419/271677,True,high,"Title contains explicit replication indicator. (t_strong=1, a_strong=1)"
1825,"What we measure when we measure the effects of user fees: a replication, reanalysis, and extension of Tanaka, 2014",2023,JS Goldberg,"JS Goldberg - Empirical Economics, 2023 - Springer",0,https://link.springer.com/article/10.1007/s00181-023-02400-2,True,high,"Title contains explicit replication indicator. (t_strong=1, a_strong=0)"
1826,"The Long-Term Effects of Measles Vaccination on Earnings and Employment. A Replication Study of Atwood (American Economic Journal: Economic Policy, 2022)",2023,"M Barschkett, M Huebener, A Leibing","M Barschkett, M Huebener, A Leibing… - … in Economics (JCRE), 2023 - econstor.eu",0,https://www.econstor.eu/handle/10419/281076,True,high,"Title contains explicit replication indicator. (t_strong=2, a_strong=2)"
1827,A (partial) replication study of Hjort and Poulsen (2019),2023,M Sangnier,M Sangnier - 2023 - econstor.eu,0,https://www.econstor.eu/handle/10419/270965,True,high,"Title contains explicit replication indicator. (t_strong=1, a_strong=1)"
1828,"Replication Report: A Comment on Peter T. Leeson, R. August Hardy and Paola A. Suarez (2022)",2023,"GG Cantone, J Gabani","L Braga de Melo, GG Cantone, J Gabani, X Gao - 2023 - econstor.eu",0,https://www.econstor.eu/handle/10419/274554,True,high,"Title contains explicit replication indicator. (t_strong=1, a_strong=1)"
1829,Replication Report: Checking and Sharing Alt-Facts,2023,"M Beeder, EØ Sørensen","M Beeder, EØ Sørensen - 2023 - econstor.eu",0,https://www.econstor.eu/handle/10419/271674,True,high,"Title contains explicit replication indicator. (t_strong=1, a_strong=1)"
1830,A replication of Jones & Marinescu (2022),2023,,"E Bacher, M Herrera-Rodriguez, D Marino Fages… - 2023 - econstor.eu",0,https://www.econstor.eu/handle/10419/278842,True,high,"Title contains explicit replication indicator. (t_strong=2, a_strong=2)"
1831,"Successful Replication of"" The Long-Run Effects of Sports Club Vouchers for Primary School Children (2022)""",2023,"AH Bello, T Morris, L Renée","F Bacon, AH Bello, M Brown, T Morris, L Renée - 2023 - econstor.eu",0,https://www.econstor.eu/handle/10419/273431,True,high,"Title contains explicit replication indicator. (t_strong=1, a_strong=2)"
1832,Replication Report: Concentration Bias in Intertemporal Choice,2023,"L Deer, F Heuer","L Deer, S Ellingsrud, AH Kordt, F Heuer - 2023 - econstor.eu",0,https://www.econstor.eu/handle/10419/272844,True,high,"Title contains explicit replication indicator. (t_strong=1, a_strong=1)"
1833,The Conditional Associations of Authoritarianism with Americans' Responses to COVID-19: An Out-of-Sample Replication,2023,,T Ollerenshaw - 2023 - preprints.apsanet.org,0,https://preprints.apsanet.org/engage/apsa/article-details/64a317686e1c4c986bc0e762,True,high,Abstract has multiple strong replication signals. (a_strong=2)
1834,Is the supermultiplier nil? A replication study of Deleidi and Mazzucato (2021),2023,J Boysen-Hogrefe,J Boysen-Hogrefe - 2023 - econstor.eu,0,https://www.econstor.eu/handle/10419/273079,True,high,"Title contains explicit replication indicator. (t_strong=2, a_strong=2)"
1835,"A Replication of"" When a Doctor Falls from the Sky: The Impact of Easing Doctor Supply Constraints on Mortality"", Okeke EN (2023)",2023,"E McManus, J Richardson","E McManus, J Richardson, V Wattal, R Woodard - 2023 - econstor.eu",0,https://www.econstor.eu/handle/10419/274552,True,high,"Title contains explicit replication indicator. (t_strong=2, a_strong=2)"
1836,A replication of Ideological asymmetries and the determinants of politically motivated reasoning (2022),2023,"R Briggs, MJ Donnelly, T Galipeau","R Briggs, MJ Donnelly, T Bergeron, T Galipeau - 2023 - econstor.eu",0,https://www.econstor.eu/handle/10419/278117,True,high,"Title contains explicit replication indicator. (t_strong=2, a_strong=3)"
1837,"Replicating"" State Action to Prevent Violence against Women"". A Comment on Córdova & Kras (2022)",2023,"SN Andersen, NT Borgen, ST Borgen, E Brini, MJ Frith","SN Andersen, NT Borgen, ST Borgen, E Brini, MJ Frith… - 2023 - econstor.eu",0,https://www.econstor.eu/handle/10419/276961,True,high,"Title contains explicit replication indicator. (t_strong=1, a_strong=1)"
1838,Replication Report: The Welfare Effects of Pride and Shame,2023,T Fries,T Fries - 2023 - econstor.eu,0,https://www.econstor.eu/handle/10419/276252,True,high,"Title contains explicit replication indicator. (t_strong=1, a_strong=2)"
1839,Direct Replication and Additional Sensitivity and Robustness Analyses for Frederiksen (2022): A Replication Report from the Nottingham Replication Games,2023,"T Brailey, S Moser","T Brailey, M Hepplewhite, S Moser - 2023 - econstor.eu",0,https://www.econstor.eu/handle/10419/270858,True,high,"Title contains explicit replication indicator. (t_strong=2, a_strong=4)"
1840,"Replicating:"" Playing Politics with Environmental Protection: The Political Economy of Designating Protected Areas""",2023,"L Villalobos, J Caviglia-Harris","L Villalobos, J Caviglia-Harris, T Jayalath - 2023 - econstor.eu",0,https://www.econstor.eu/handle/10419/278026,True,high,"Title contains explicit replication indicator. (t_strong=1, a_strong=1)"
1841,"Upset but (almost) correct: a conceptual replication of Di Tella, Perez-Truglia, Babino and Sigman (2015)",2023,E Verrina,"E Verrina - Journal of the Economic Science Association, 2023 - cambridge.org",0,https://www.cambridge.org/core/journals/journal-of-the-economic-science-association/article/upset-but-almost-correct-a-conceptual-replication-of-di-tella-pereztruglia-babino-and-sigman-2015/9BEB1C46C50E79700FD54414D4DE28BA,True,high,"Title contains explicit replication indicator. (t_strong=2, a_strong=1)"
1842,Replication Report on Altmann et al.(2022),2023,,"S Bachler, A Erhart, A Holzknecht - 2023 - econstor.eu",0,https://www.econstor.eu/handle/10419/272845,False,medium,Title has replication word but only incidental use detected in abstract.
1843,Replication Report: Concentration Bias in Intertemporal,2023,L Deer,"L Deer, S Ellingsrud, AH Kordt, F Heuer - 2023 - rwi-essen.de",0,https://www.rwi-essen.de/fileadmin/user_upload/RWI/Publikationen/I4R_Discussion_Paper_Series/042_I4R_Deer_Ellingsrud_Kordt_Heuer.pdf,True,high,"Title contains explicit replication indicator. (t_strong=1, a_strong=1)"
1844,"Replication and Sensitivity Analysis of"" Market Access and Quality Up-grading: Evidence from Four Field Experiments"": A Comment on Bold et al.(2022b)",2023,"R McWay, K Nchare","R McWay, K Nchare, P Sun - 2023 - econstor.eu",0,https://www.econstor.eu/handle/10419/277561,True,high,"Title contains explicit replication indicator. (t_strong=1, a_strong=0)"
1845,"Replication Report: A Comment on Gethin, Martínez-Toledano & Piketty (2022)",2023,"D Gong, O Hammar","D Gong, O Hammar - 2023 - econstor.eu",0,https://www.econstor.eu/handle/10419/268753,True,high,"Title contains explicit replication indicator. (t_strong=1, a_strong=1)"
1846,Components of agricultural productivity change: Replication of US evidence and extension to the EU [Composantes de l'évolution de la productivité agricole …,2023,KH Dakpo,"S Wimmer, KH Dakpo - 2023 - ideas.repec.org",0,https://ideas.repec.org/p/hal/journl/hal-04125659.html,True,high,"Title contains explicit replication indicator. (t_strong=2, a_strong=2)"
1847,Teacher Influence in Music Composition since 1450: A Replication of Borowiecki (2022),2023,M Musumeci,"J Korpershoek, M Musumeci, RA Stans, M Totarelli - 2023 - econstor.eu",0,https://www.econstor.eu/handle/10419/270744,True,high,"Title contains explicit replication indicator. (t_strong=2, a_strong=3)"
1848,"Replication Report: A Comment on Peter T. Leeson, R. August Hardy and Paola A. Suarez",2023,"GG Cantone, J Gabani","LB de Melo, GG Cantone, J Gabani, X Gao - 2023 - rwi-essen.de",0,https://www.rwi-essen.de/fileadmin/user_upload/RWI/Publikationen/I4R_Discussion_Paper_Series/055_I4R_BragaDeMelo_Cantone_Gabani_Gao.pdf,True,high,"Title contains explicit replication indicator. (t_strong=1, a_strong=1)"
1849,The Big Robber Game-A conceptual replication and extension,2023,"M Kirchler, J Huber","A Holzknecht, S Bachler, M Kirchler, J Huber - 2023 - osf.io",0,https://osf.io/5t7mz/resources,True,high,"Title contains explicit replication indicator. (t_strong=2, a_strong=2)"
1850,Economic Insecurity Increases Physical Pain Replication,2023,,J Troutman - 2023 - osf.io,0,https://osf.io/vmfue/resources,True,high,Abstract has multiple strong replication signals. (a_strong=2)
1851,Replication: Reshaping Adolescents' Gender Attitudes: Evidence from a School-Based Experiment in India,2023,L Fiala,"L Fiala, EM Fleisje, TA Reiremo - 2023 - econstor.eu",0,https://www.econstor.eu/handle/10419/270604,True,high,"Title contains explicit replication indicator. (t_strong=1, a_strong=1)"
1852,"Computational Reproduction and Robustness Replication for Hollyer, Klašnja and Titiunik (2022): A Replication Report from the Nottingham Replication Games",2023,"E Kelly, L Metson","E Kelly, A Odermatt, L Metson - 2023 - econstor.eu",0,https://www.econstor.eu/handle/10419/274553,True,high,"Title contains explicit replication indicator. (t_strong=1, a_strong=1)"
1853,"Targeting High Ability Entrepreneurs: Replication and Heterogeneity by Gender of Hussam, Rigol and Roth",2023,D Ubfal,"I Masetto, D Ubfal - 2023 - rwi-essen.de",0,https://www.rwi-essen.de/fileadmin/user_upload/RWI/Publikationen/I4R_Discussion_Paper_Series/049_I4R_Masetto_Ubfal.pdf,True,high,"Title contains explicit replication indicator. (t_strong=1, a_strong=0)"
1854,Knowledge Transfers from Multinational to Domestic Firms: Evidence from Worker Mobility–A Replication-Robustness Study of Poole (2013),2023,"ET Flaherty, R Balsvik","SA Haller, ET Flaherty, R Balsvik, S Haller - 2023 - econstor.eu",0,https://www.econstor.eu/handle/10419/282342,True,high,"Title contains explicit replication indicator. (t_strong=1, a_strong=4)"
1855,"Citizens' Trade-offs between Life, Liberty, and Money during a Public Health Crisis: A Comparative Replication in Shanghai, Singapore, and Taipei",2023,"D Binzizi, CW HSIEH, KIM Soojin","D Binzizi, CW HSIEH, KIM Soojin… - … 2023: United or …, 2023 - scholars.cityu.edu.hk",0,https://scholars.cityu.edu.hk/en/publications/publication(2fe3fdf7-330c-41d7-bf16-65edc9bdd7ee).html,True,high,Abstract has strong replication signal. (a_strong=1)
1856,Revisiting Gino Et Al.'s (2009) Contagion and Differentiation in Unethical Behavior: A Registered Replication and Extension,2023,E Aslan,"J Martuza, E Aslan - Available at SSRN 4616321 - papers.ssrn.com",0,https://papers.ssrn.com/sol3/papers.cfm?abstract_id=4616321,True,high,"Title contains explicit replication indicator. (t_strong=1, a_strong=0)"
1857,The Influence of Visuo-spatial Perspective-taking on Coalition Formation-A replication study,2023,,F van Leeuwen - arno.uvt.nl,0,http://arno.uvt.nl/show.cgi?fid=162328,True,high,"Title contains explicit replication indicator. (t_strong=2, a_strong=2)"
1858,Expecting Brexit and UK migration: Should I go?-Replication file,2023,"J Wahba, V Di Iasio","J Wahba, V Di Iasio - 2023 - eprints.soton.ac.uk",0,https://eprints.soton.ac.uk/480667/,False,high,No replication signals found in title or abstract.
1859,"ORD_33_103_R_Data: R notebook and data to replicate the results presented in Nitka and Weron (2023) Operations Research and Decisions 33 (3), 105-118",2023,"W Nitka, R Weron","W Nitka, R Weron - WORMS Software (WORking papers in …, 2023 - ideas.repec.org",0,https://ideas.repec.org/c/ahh/wcodes/wormsc2301.html,True,high,Abstract has strong replication signal. (a_strong=1)
1860,Estimating Cross-Model Variability in Estimates of Cost-Effectiveness for Eleven Diabetes Health Economic Models: A Mass Replication Exercise,2023,MJ Keng,"J Altunkaya, X Li, T Feenstra, MJ Keng… - … Economics (08/07/2023 …, 2023 - hub.hku.hk",0,https://hub.hku.hk/handle/10722/337609,True,low,"One moderate signal; might be incidental use of ""replicate"". (a_mod=1)"
1861,Review and Replication of: The Career Decisions of Young Men,2023,J Holbrook,J Holbrook - 2023 - jordanholbrook.github.io,0,https://jordanholbrook.github.io/files/Jordan_Holbrook_Human_Cap_Final_Project.pdf,True,high,"Title contains explicit replication indicator. (t_strong=1, a_strong=0)"
1862,Replication Report: Market-Based Monetary Policy Uncertainty,2023,,"C Griffa, M Oliver i Vert, B Tatlow, Y Zhong - 2023 - econstor.eu",0,https://www.econstor.eu/handle/10419/278110,True,high,"Title contains explicit replication indicator. (t_strong=1, a_strong=0)"
1863,A Replication Study on Prosocial Choice,2023,M Pereda,"J Portolés, M Pereda - … and Industrial Management (ICIEIM)–Congreso de …, 2023 - Springer",0,https://link.springer.com/chapter/10.1007/978-3-031-57996-7_77,True,high,"Title contains explicit replication indicator. (t_strong=2, a_strong=0)"
1864,Integrated Student Support and Student Achievement: A Replication Study. EdWorkingPaper No. 23-706.,2023,N Khanani,"N Khanani, AE Raczek, YR Leigh, C Foley… - Annenberg Institute for …, 2023 - ERIC",0,https://eric.ed.gov/?id=ED672228,True,high,"Title contains explicit replication indicator. (t_strong=2, a_strong=2)"
1865,Comparing Discounting of Climate Change to Catastrophic Financial Loss: A Replication and Extension Study,2023,"J Belisle, M Matthews","J Belisle, M Matthews, S Blecha, R Snavely - The Psychological Record, 2023 - Springer",0,https://link.springer.com/article/10.1007/s40732-023-00539-z,True,high,"Title contains explicit replication indicator. (t_strong=2, a_strong=0)"
1866,"FARMIND InnoFarm: Replication Package for the Application of the Agent-Based"" Farm Interaction and Decision Model"" in the context of the adoption of precision …",2023,R Huber,"R Huber, K Späti - 2023 - research-collection.ethz.ch",0,https://www.research-collection.ethz.ch/handle/20.500.11850/619462,True,high,"Title contains explicit replication indicator. (t_strong=1, a_strong=0)"
1867,"Replication Package for"" Discontinuities in the Age-Victimization Profile and the Determinants of Victimization""",2023,"R Hjalmarsson, N Ketel, A Mitrut","A Bindler, R Hjalmarsson, N Ketel, A Mitrut - 2023 - research.hhs.se",0,https://research.hhs.se/esploro/outputs/dataset/Replication-Package-for-Discontinuities-in-the/991001546899606056,True,high,"Title contains explicit replication indicator. (t_strong=1, a_strong=0)"
1868,Replicating the literature on meritocratic promotion of prefecture leaders in China,2023,,M Wiebe - 2023 - michaelwiebe.com,0,https://michaelwiebe.com/assets/promotion.pdf,True,high,"Title contains explicit replication indicator. (t_strong=1, a_strong=0)"
1869,The nitrogen requirement values of the Fertilizer Ordinance (DüV) for winter rape and winter wheat are set 15-20% too high-a replica of Kage et al.(2022): nitrogen …,2023,F Taube,F Taube - 2023 - cabidigitallibrary.org,0,https://www.cabidigitallibrary.org/doi/full/10.5555/20230319299,False,high,No replication signals found in title or abstract.
1870,"Systematic evaluation, replication and validation of structural health economic modelling approaches: Lessons learned in the field of obesity",2023,,B Schwander - 2023 - cris.maastrichtuniversity.nl,0,https://cris.maastrichtuniversity.nl/en/publications/systematic-evaluation-replication-and-validation-of-structural-he,False,high,No replication signals found in title or abstract.
1871,Ethnic Diversity in Motion: Understanding the Relationship between Dynamic Ethnic Fractionalization and Economic Growth,2023,L Miladinovic,L Miladinovic - 2023 - researchsquare.com,0,https://www.researchsquare.com/article/rs-3134803/latest,False,high,No replication signals found in title or abstract.
1872,The impact of war in Ukraine on the inbound tourism in Lithuania: replication of studies,2023,,"J Variakojienë, I Achonen… - Turystyka i Rozwój …, 2023 - tirr.sggw.edu.pl",0,https://tirr.sggw.edu.pl/article/view/6074,True,high,"Title contains explicit replication indicator. (t_strong=2, a_strong=0)"
1873,"Replication material for"" Nudging farmers towards low-pesticide practices: Evidence from a randomized experiment in viticulture""",2023,L Zachmann,L Zachmann - 2023 - research-collection.ethz.ch,0,https://www.research-collection.ethz.ch/bitstream/handle/20.500.11850/624982/8/ReplicationDocument.pdf,True,high,"Title contains explicit replication indicator. (t_strong=1, a_strong=0)"
1874,Negative News & Ambiguity & Risk: Replication study,2023,K Lempert,"K Lempert, LSG Campos - 2023 - osf.io",0,https://osf.io/dsnua/resources,True,high,"Title contains explicit replication indicator. (t_strong=2, a_strong=0)"
1875,"Bad Beta, Good Beta: A Replication",2023,PF Maio,"PF Maio - Good Beta: A Replication (December 29, 2023), 2023 - papers.ssrn.com",0,https://papers.ssrn.com/sol3/papers.cfm?abstract_id=5024809,True,high,"Title contains explicit replication indicator. (t_strong=1, a_strong=0)"
1876,Giving according to GARP: A replication exercise,2023,,E Degetau - 2023 - estebandegetau.com,0,https://estebandegetau.com/garp.pdf,True,high,"Title contains explicit replication indicator. (t_strong=1, a_strong=0)"
1877,"EE468 The Full Circle: Systematic Evaluation, Replication and Validation of Structural Health Economic Modelling Approaches: Lessons Learned in the Field of …",2023,S Evers,"B Schwander, M Nuijten, S Evers… - Value in …, 2023 - valueinhealthjournal.com",0,https://www.valueinhealthjournal.com/article/S1098-3015(23)03864-0/fulltext,True,high,Abstract has multiple strong replication signals. (a_strong=3)
1878,Drug Cartels and Government in Mexico: A Replication and Extension,2023,,LA Beckstead - 2023 - digitalcommons.usu.edu,0,https://digitalcommons.usu.edu/etd/8818/,True,high,"Title contains explicit replication indicator. (t_strong=2, a_strong=1)"
1879,Evaluating the Effectiveness of Incubating Individual Women's Businesses for Replication,2023,M Oleche,"M Oleche, C Mwikali - 2023 - erepository.uonbi.ac.ke",0,https://erepository.uonbi.ac.ke/bitstream/handle/11295/163660/Evaluating%20the%20Effectiveness%20of%20Incubating%20Individual%20Women%E2%80%99s%20Businesses%20for%20Replication.pdf?sequence=1,False,high,No replication signals found in title or abstract.
1880,Strategic Reflection on Good Practices for the Inclusion of People with Disabilities on the Employment Market in Europe and Replication Strategy in Portugal,2023,,"J Vanhumbeeck, A Marneffe, G Monjardino… - 2023 - search.proquest.com",0,https://search.proquest.com/openview/ecb35b669976482c079888b7f6e91bd3/1?pq-origsite=gscholar&cbl=2026366&diss=y,False,high,No replication signals found in title or abstract.
1881,Data and Replication Materials for Grandmothers and the Gender Gap in the Mexican Labor Market,2023,MÁT Marcos,MÁT Marcos - 2023 - publications.iadb.org,0,https://publications.iadb.org/publications/english/document/Data-and-Replication-Materials-for-Grandmothers-and-the-Gender-Gap-in-the-Mexican-Labor-Market.pdf,False,high,No replication signals found in title or abstract.
1882,Logs with zeros? Some problems and solutions,2024,"J Chen, J Roth","J Chen, J Roth - The Quarterly Journal of Economics, 2024 - academic.oup.com",632,https://academic.oup.com/qje/article-abstract/139/2/891/7473710,True,low,"One moderate signal; might be incidental use of ""replicate"". (a_mod=1)"
1883,Economic costs of diabetes in the US in 2022,2024,ED Parker,"ED Parker, J Lin, T Mahoney, N Ume, G Yang… - Diabetes …, 2024 - diabetesjournals.org",425,https://diabetesjournals.org/care/article/47/1/26/153797,True,medium,"Multiple moderate replication signals, no negatives. (a_mod=2)"
1884,Changes in social network structure in response to exposure to formal credit markets,2024,,"A Banerjee, E Breza, AG Chandrasekhar… - Review of Economic …, 2024 - academic.oup.com",172,https://academic.oup.com/restud/article-abstract/91/3/1331/7208633,True,medium,"Multiple moderate replication signals, no negatives. (a_mod=2)"
1885,Measuring employer-to-employer reallocation,2024,"S Fujita, G Moscarini, F Postel-Vinay","S Fujita, G Moscarini, F Postel-Vinay - American Economic Journal …, 2024 - aeaweb.org",108,https://www.aeaweb.org/articles?id=10.1257/mac.20210076,True,high,Abstract has strong replication signal. (a_strong=1)
1886,The fake news effect: Experimentally identifying motivated reasoning using trust in news,2024,,"M Thaler - American Economic Journal: Microeconomics, 2024 - aeaweb.org",92,https://www.aeaweb.org/articles?id=10.1257/mic.20220146,True,high,Abstract has multiple strong replication signals. (a_strong=3)
1887,Growth at risk from climate change,2024,MT Kiley,"MT Kiley - Economic Inquiry, 2024 - Wiley Online Library",64,https://onlinelibrary.wiley.com/doi/abs/10.1111/ecin.13206,False,high,No replication signals found in title or abstract.
1888,Entrepreneurship and economic growth,2024,I Munyo,"I Munyo, L Veiga - Journal of the Knowledge Economy, 2024 - Springer",58,https://link.springer.com/article/10.1007/s13132-022-01032-8,True,medium,"Multiple moderate replication signals, no negatives. (a_mod=2)"
1889,Is “real” effort more real?,2024,"EG Dutcher, TC Salmon, KJ Saral","EG Dutcher, TC Salmon, KJ Saral - Experimental Economics, 2024 - Springer",56,https://link.springer.com/article/10.1007/s10683-024-09844-y,True,high,Abstract has strong replication signal. (a_strong=1)
1890,Decisions under risk are decisions under complexity,2024,R Oprea,"R Oprea - American Economic Review, 2024 - aeaweb.org",52,https://www.aeaweb.org/articles?id=10.1257%2Faer.20221227&from=f&utm_source=substack&utm_medium=email,True,medium,"Multiple moderate replication signals, no negatives. (a_mod=2)"
1891,A scientific approach to entrepreneurial decision‐making: Large‐scale replication and extension,2024,"A Camuffo, A Gambardella","A Camuffo, A Gambardella… - Strategic …, 2024 - Wiley Online Library",42,https://onlinelibrary.wiley.com/doi/abs/10.1002/smj.3580,True,high,"Title contains explicit replication indicator. (t_strong=1, a_strong=0)"
1892,"Economic status of the young and old in the working-age population, 1964 and 1987",2024,,"RA Easterlin, DJ Macunovich… - The changing contract …, 2024 - taylorfrancis.com",42,https://www.taylorfrancis.com/chapters/edit/10.4324/9781003571827-6/economic-status-young-old-working-age-population-1964-1987-richard-easterlin-diane-macunovich-eileen-crimmins,False,high,No replication signals found in title or abstract.
1893,Physical infrastructure and economic growth,2024,,"G Timilsina, DI Stern, DK Das - Applied Economics, 2024 - Taylor & Francis",41,https://www.tandfonline.com/doi/abs/10.1080/00036846.2023.2184461,False,high,No replication signals found in title or abstract.
1894,The effects of education on mortality: Evidence using college expansions,2024,"J Fletcher, H Noghanibehambari","J Fletcher, H Noghanibehambari - Health Economics, 2024 - Wiley Online Library",40,https://onlinelibrary.wiley.com/doi/abs/10.1002/hec.4787,True,medium,"Multiple moderate replication signals, no negatives. (a_mod=2)"
1895,Mass reproducibility and replicability: A new hope,2024,"A Brodeur, D Mikola, N Cook","A Brodeur, D Mikola, N Cook - 2024 - JSTOR",38,https://www.jstor.org/stable/pdf/resrep58994.pdf?acceptTC=true&coverpage=false&addFooter=false,False,high,No replication signals found in title or abstract.
1896,How much should we trust instrumental variable estimates in political science? Practical advice based on 67 replicated studies,2024,"A Lal, M Lockhart, Y Xu, Z Zu","A Lal, M Lockhart, Y Xu, Z Zu - Political Analysis, 2024 - cambridge.org",30,https://www.cambridge.org/core/journals/political-analysis/article/how-much-should-we-trust-instrumental-variable-estimates-in-political-science-practical-advice-based-on-67-replicated-studies/70A232CA0CD55FE8B97E93543CDD6361,False,high,No replication signals found in title or abstract.
1897,Simulating human strategic behavior: Comparing single and multi-agent llms,2024,"K Sreedhar, L Chilton","K Sreedhar, L Chilton - arXiv preprint arXiv:2402.08189, 2024 - arxiv.org",30,https://arxiv.org/abs/2402.08189,False,high,No replication signals found in title or abstract.
1898,Replicating and digesting anomalies in the Chinese A-share market,2024,KC John Wei,"Z Li, LX Liu, X Liu, KC John Wei - Management Science, 2024 - pubsonline.informs.org",29,https://pubsonline.informs.org/doi/abs/10.1287/mnsc.2023.4904,True,high,"Title contains explicit replication indicator. (t_strong=1, a_strong=0)"
1899,Retirement consumption and pension design,2024,,"J Kolsrud, C Landais, D Reck… - American Economic …, 2024 - aeaweb.org",29,https://www.aeaweb.org/articles?id=10.1257/aer.20221426,True,medium,"Multiple moderate replication signals, no negatives. (a_mod=2)"
1900,Unpacking social capital,2024,,"R Durante, N Mastrorocco, L Minale… - The Economic …, 2024 - academic.oup.com",26,https://academic.oup.com/ej/advance-article-abstract/doi/10.1093/ej/ueae074/7720537,True,medium,"Multiple moderate replication signals, no negatives. (a_mod=2)"
1901,"Globalization, government popularity, and the great skill divide",2024,,"CG Aksoy, S Guriev, D Treisman - The Journal of Politics, 2024 - journals.uchicago.edu",26,https://www.journals.uchicago.edu/doi/full/10.1086/729955,False,high,No replication signals found in title or abstract.
1902,Artificial intelligence to automate health economic modelling: a case study to evaluate the potential application of large language models,2024,,"T Reason, W Rawlinson, J Langham, A Gimblett… - PharmacoEconomics …, 2024 - Springer",23,https://link.springer.com/article/10.1007/s41669-024-00477-8,True,low,"One moderate signal; might be incidental use of ""replicate"". (a_mod=1)"
1903,Evaluating the impact of supplemental computer-assisted math instruction in elementary school: A conceptual replication,2024,ME Foster,"ME Foster - Journal of Research on Educational Effectiveness, 2024 - Taylor & Francis",22,https://www.tandfonline.com/doi/abs/10.1080/19345747.2023.2174919,True,high,"Title contains explicit replication indicator. (t_strong=1, a_strong=0)"
1904,Panel data in environmental economics: Econometric issues and applications to IPAT models,2024,"T Eibinger, B Deixelberger, H Manner","T Eibinger, B Deixelberger, H Manner - … of Environmental Economics and …, 2024 - Elsevier",21,https://www.sciencedirect.com/science/article/pii/S0095069624000159,True,high,Abstract has strong replication signal. (a_strong=1)
1905,Public discourse and socially responsible market behavior,2024,,"B Bartling, V Valero, RA Weber… - American Economic …, 2024 - pubs.aeaweb.org",18,https://pubs.aeaweb.org/doi/pdf/10.1257/aer.20201361,True,low,"One moderate signal; might be incidental use of ""replicate"". (a_mod=1)"
1906,The 'complex'transition: Energy intensity and CO2 emissions amidst technological and structural shifts. Evidence from OECD countries,2024,,"A Marra, E Colantonio, M Cucculelli, E Nissi - Energy Economics, 2024 - Elsevier",17,https://www.sciencedirect.com/science/article/pii/S0140988324004109,False,high,No replication signals found in title or abstract.
1907,"Earn more tomorrow: Overconfidence, income expectations, and consumer indebtedness",2024,"A Grohmann, L Menkhoff, C Merkle","A Grohmann, L Menkhoff, C Merkle… - Journal of Money …, 2024 - Wiley Online Library",17,https://onlinelibrary.wiley.com/doi/abs/10.1111/jmcb.13157,False,high,No replication signals found in title or abstract.
1908,The misuse of regression-based x-scores as dependent variables,2024,,"D Byzalov, S Basu - Journal of Accounting and Economics, 2024 - Elsevier",16,https://www.sciencedirect.com/science/article/pii/S0165410123000678,True,low,"One moderate signal; might be incidental use of ""replicate"". (a_mod=1)"
1909,Reprint of “Unveiling the dance of commodity prices and the global financial cycle”,2024,,"L Juvenal, I Petrella - Journal of International Economics, 2024 - Elsevier",16,https://www.sciencedirect.com/science/article/pii/S0022199624000680,False,high,No replication signals found in title or abstract.
1910,Non-binary gender economics,2024,"LC Coffman, KM Ericson","KB Coffman, LC Coffman, KM Ericson - 2024 - nber.org",16,https://www.nber.org/papers/w32222,True,medium,"Multiple moderate replication signals, no negatives. (a_mod=2)"
1911,The role of student effort on performance in PISA: Revisiting the gender gap in achievement,2024,,"LM Anaya, G Zamarro - Oxford Economic Papers, 2024 - academic.oup.com",16,https://academic.oup.com/oep/article-abstract/76/2/533/7187098,False,high,No replication signals found in title or abstract.
1912,The robustness reproducibility of the American Economic Review,2024,"D Campbell, A Brodeur, A Dreber, M Johannesson","D Campbell, A Brodeur, A Dreber, M Johannesson… - 2024 - econstor.eu",15,https://www.econstor.eu/handle/10419/295222,False,high,No replication signals found in title or abstract.
1913,Leading-by-example: a meta-analysis,2024,,"G Eisenkopf, T Kölpin - Journal of Business Economics, 2024 - Springer",15,https://link.springer.com/article/10.1007/s11573-023-01176-2,True,low,"One moderate signal; might be incidental use of ""replicate"". (a_mod=1)"
1914,Reproduction and replication at scale,2024,"A Brodeur, A Dreber, F Hoces de la Guardia","A Brodeur, A Dreber, F Hoces de la Guardia… - Nature Human …, 2024 - nature.com",15,https://www.nature.com/articles/s41562-023-01807-2,False,high,No replication signals found in title or abstract.
1915,Testing models of strategic uncertainty: Equilibrium selection in repeated games,2024,"M Boczoń, E Vespa","M Boczoń, E Vespa, T Weidman… - … the European Economic …, 2024 - academic.oup.com",15,https://academic.oup.com/jeea/advance-article-abstract/doi/10.1093/jeea/jvae042/7708358,False,medium,"Replication language appears incidental (method step, table/figure reproduction, own results)."
1916,"Rural roads, farm labor exits, and crop fires",2024,"T Garg, M Jagnani","T Garg, M Jagnani, HK Pullabhotla - … Economic Journal: Economic …, 2024 - aeaweb.org",14,https://www.aeaweb.org/articles?id=10.1257/pol.20220422,True,high,Abstract has strong replication signal. (a_strong=1)
1917,Confusion cannot explain cooperative behavior in public goods games,2024,"J Li, W Wang, X Niu","G Wang, J Li, W Wang, X Niu, Y Wang - Proceedings of the National …, 2024 - pnas.org",14,https://www.pnas.org/doi/abs/10.1073/pnas.2310109121,False,high,No replication signals found in title or abstract.
1918,Using middle‐range theorizing to advance supply chain management research: a how‐to primer and demonstration,2024,,"CW Craighead, L Cheng… - Journal of Business …, 2024 - Wiley Online Library",14,https://onlinelibrary.wiley.com/doi/abs/10.1111/jbl.12381,True,high,Abstract has strong replication signal. (a_strong=1)
1919,Economic outcomes of strikers in an era of weak unions,2024,,"M Massenkoff, N Wilmers - Journal of Labor Economics, 2024 - journals.uchicago.edu",14,https://www.journals.uchicago.edu/doi/abs/10.1086/722743,True,medium,"Multiple moderate replication signals, no negatives. (a_mod=2)"
1920,Reflective goal-setting improves academic performance in teacher and business education: a large-scale field experiment,2024,"I Dekker, M Schippers","I Dekker, M Schippers… - Journal of Research on …, 2024 - Taylor & Francis",14,https://www.tandfonline.com/doi/abs/10.1080/19345747.2023.2231440,False,high,No replication signals found in title or abstract.
1921,"The role of individualism, collectivism, and promotional reward type on consumer response to amplified word-of-mouth strategies",2024,,"M Rawal, JL Saavedra Torres… - Journal of Consumer …, 2024 - emerald.com",13,https://www.emerald.com/insight/content/doi/10.1108/jcm-05-2022-5369/full/html,False,high,No replication signals found in title or abstract.
1922,How do you say your name? Difficult-to-pronounce names and labor market outcomes,2024,"Q Ge, S Wu","Q Ge, S Wu - American Economic Journal: Economic Policy, 2024 - aeaweb.org",13,https://www.aeaweb.org/articles?id=10.1257/pol.20220611,False,high,No replication signals found in title or abstract.
1923,Financial development and economic complexity: The role of country stability,2024,,"H Ndoya, BE Ongo Nkoa, FH Kemeze… - Economics of …, 2024 - Wiley Online Library",13,https://onlinelibrary.wiley.com/doi/abs/10.1111/ecot.12392,True,medium,"Multiple moderate replication signals, no negatives. (a_mod=2)"
1924,The Perceived Economic Scarcity Scale: A valid tool with greater predictive utility than income,2024,"V Auger, N Sommet","V Auger, N Sommet, A Normand - British Journal of Social …, 2024 - Wiley Online Library",12,https://bpspsychub.onlinelibrary.wiley.com/doi/abs/10.1111/bjso.12719,False,high,No replication signals found in title or abstract.
1925,McKinsey's Diversity Matters/Delivers/Wins Results Revisited.,2024,"J Green, JRM Hand","J Green, JRM Hand - Econ Journal Watch, 2024 - dailysceptic.org",12,https://dailysceptic.org/wp-content/uploads/2024/04/McKinseys-Diversity-Results-Revisited-by-Jeremiah-Green-and-John-R.-M.-Hand.pdf,False,high,No replication signals found in title or abstract.
1926,What caused the post-pandemic era inflation in Belgium? Replication of the Bernanke-Blanchard model for Belgium,2024,,"G De Walque, T Lejeune - 2024 - econstor.eu",11,https://www.econstor.eu/handle/10419/298375,True,high,"Title contains explicit replication indicator. (t_strong=1, a_strong=0)"
1927,The impact of youth Medicaid eligibility on adult incarceration,2024,,"S Arenberg, S Neller, S Stripling - … Journal: Applied Economics, 2024 - aeaweb.org",11,https://www.aeaweb.org/articles?id=10.1257/app.20200785,True,medium,"Multiple moderate replication signals, no negatives. (a_mod=2)"
1928,Heterogeneity of beliefs and trading behavior: A reexamination,2024,"S Füllbrunn, C Huber, C Eckel","S Füllbrunn, C Huber, C Eckel… - Journal of Financial and …, 2024 - cambridge.org",11,https://www.cambridge.org/core/journals/journal-of-financial-and-quantitative-analysis/article/heterogeneity-of-beliefs-and-trading-behavior-a-reexamination/FCAD2DFAA90025948F230D43E7345067,False,high,No replication signals found in title or abstract.
1929,The role of tourism in European regions' economic recovery: A spatial perspective,2024,,"R De Siano, RR Canale - Tourism Economics, 2024 - journals.sagepub.com",11,https://journals.sagepub.com/doi/abs/10.1177/13548166241248679,False,medium,"Replication language appears incidental (method step, table/figure reproduction, own results)."
1930,The effects of virtual nature exposure on pro‐environmental behaviour,2024,,"T Yu, X Hao, F Lange - International Journal of Psychology, 2024 - Wiley Online Library",11,https://onlinelibrary.wiley.com/doi/abs/10.1002/ijop.12949,False,high,No replication signals found in title or abstract.
1931,Heterogeneity of European farmers' risk preferences: an individual participant data meta-analysis,2024,"V Garcia, C McCallum, R Finger","V Garcia, C McCallum, R Finger - … of Agricultural Economics, 2024 - academic.oup.com",11,https://academic.oup.com/erae/article-abstract/51/3/725/7682226,False,high,No replication signals found in title or abstract.
1932,Redistribution and human development: evidence from Europe,2024,O Claveria,"O Claveria - Economics and Business Letters, 2024 - zbw.eu",10,https://www.zbw.eu/econis-archiv/bitstream/11159/654054/1/1895025621_0.pdf,True,high,Abstract has strong replication signal. (a_strong=1)
1933,Structural breaks and GARCH models of exchange rate volatility: Re‐examination and extension,2024,"AS Hasanov, R Brooks, S Abrorov","AS Hasanov, R Brooks, S Abrorov… - Journal of Applied …, 2024 - Wiley Online Library",10,https://onlinelibrary.wiley.com/doi/abs/10.1002/jae.3091,False,high,No replication signals found in title or abstract.
1934,Global and local technical changes: A new decomposition of the Malmquist productivity index using virtual units,2024,"J Aparicio, D Santín","J Aparicio, D Santín - Economic Modelling, 2024 - Elsevier",10,https://www.sciencedirect.com/science/article/pii/S0264999324000300,False,high,No replication signals found in title or abstract.
1935,A COVID replication and extension of firms' resilience to supply chain disruptions,2024,,"RA Inman, KW Green, MD Roberts - Supply Chain Management: An …, 2024 - emerald.com",10,https://www.emerald.com/insight/content/doi/10.1108/SCM-06-2023-0297,True,high,"Title contains explicit replication indicator. (t_strong=1, a_strong=0)"
1936,Lay beliefs about homo economicus: How and why does economics education make us see honesty as effortful?,2024,"M Ong, BL Parmar","M Ong, JL Cunningham, BL Parmar - Academy of Management …, 2024 - journals.aom.org",9,https://journals.aom.org/doi/abs/10.5465/amle.2021.0134,False,medium,"Replication language appears incidental (method step, table/figure reproduction, own results)."
1937,On “Innovation and institutional ownership”,2024,,"M Simeth, D Wehrheim - Journal of Corporate Finance, 2024 - Elsevier",9,https://www.sciencedirect.com/science/article/pii/S0929119924000312,False,high,No replication signals found in title or abstract.
1938,Comparing the effects of non-monetary incentives and monetary incentives on prosocial behavior,2024,"Y Heller, N Munichor","Y Asulin, Y Heller, N Munichor - European Economic Review, 2024 - Elsevier",8,https://www.sciencedirect.com/science/article/pii/S0014292124000692,True,high,Abstract has multiple strong replication signals. (a_strong=2)
1939,Economic booms and recidivism,2024,"O Eren, E Owens","O Eren, E Owens - Journal of Quantitative Criminology, 2024 - Springer",8,https://link.springer.com/article/10.1007/s10940-023-09571-2,True,medium,"Multiple moderate replication signals, no negatives. (a_mod=2)"
1940,Evidence of direct and indirect reciprocity in network-structured economic games,2024,,"D Redhead, M Gervais, K Kajokaite, J Koster… - Communications …, 2024 - nature.com",8,https://www.nature.com/articles/s44271-024-00098-1,False,high,No replication signals found in title or abstract.
1941,Economic crises and the survival of international organizations,2024,YZ Haftel,"YZ Haftel, B Nadel - The Review of International Organizations, 2024 - Springer",8,https://link.springer.com/article/10.1007/s11558-024-09549-0,False,medium,"Replication language appears incidental (method step, table/figure reproduction, own results)."
1942,Financial depth versus more comprehensive metrics of financial development in tests of the finance-growth nexus,2024,M Boďa,"M Boďa - Economic Systems, 2024 - Elsevier",8,https://www.sciencedirect.com/science/article/pii/S0939362523001127,False,high,No replication signals found in title or abstract.
1943,"Revisiting the relationships between energy consumption, economic development and urban size: A global perspective using remote sensing data",2024,"S Ma, S Li","S Ma, S Li, Q Luo, Z Yu, Y Wang - Heliyon, 2024 - cell.com",8,https://www.cell.com/heliyon/fulltext/S2405-8440(24)03349-8,False,high,No replication signals found in title or abstract.
1944,"How does organizational slack influence firm performance? A replication and extension of Peng, Li, Xie, and Su (2010)",2024,,"DH Weng, KP Yang - Asia Pacific Journal of Management, 2024 - Springer",7,https://link.springer.com/article/10.1007/s10490-022-09842-9,True,high,"Title contains explicit replication indicator. (t_strong=2, a_strong=0)"
1945,The volatility of survey measures of culture and its consequences,2024,G Zanella,"G Zanella, MM Bellani - Economic Inquiry, 2024 - Wiley Online Library",7,https://onlinelibrary.wiley.com/doi/abs/10.1111/ecin.13202,True,high,Abstract has strong replication signal. (a_strong=1)
1946,Detecting statistically significant changes in connectedness: A bootstrap-based technique,2024,"M Greenwood-Nimmo, E Kočenda, VH Nguyen","M Greenwood-Nimmo, E Kočenda, VH Nguyen - Economic Modelling, 2024 - Elsevier",7,https://www.sciencedirect.com/science/article/pii/S0264999324002001,True,high,Abstract has strong replication signal. (a_strong=1)
1947,"Global Non-Linear Effect of Temperature on Economic Production: Comment on Burke, Hsiang, and Miguel.",2024,,"D Barker - Econ Journal Watch, 2024 - econjwatch.org",7,https://econjwatch.org/File+download/1297/BarkerMar2024.pdf,False,high,No replication signals found in title or abstract.
1948,Individual evolutionary learning in repeated beauty contest games,2024,"M Anufriev, J Duffy, V Panchenko","M Anufriev, J Duffy, V Panchenko - … of Economic Behavior & Organization, 2024 - Elsevier",7,https://www.sciencedirect.com/science/article/pii/S0167268123004493,False,high,No replication signals found in title or abstract.
1949,Replicating the literature on prefecture-level meritocratic promotion in China,2024,,"M Wiebe - Research & Politics, 2024 - journals.sagepub.com",7,https://journals.sagepub.com/doi/abs/10.1177/20531680241229875,True,high,"Title contains explicit replication indicator. (t_strong=1, a_strong=1)"
1950,Replication of audit and financial accounting research: We do more than we think,2024,"Y Luo, SE Salterio","Y Luo, SE Salterio, C Adamson - Accounting Horizons, 2024 - publications.aaahq.org",7,https://publications.aaahq.org/accounting-horizons/article/38/4/173/12165,True,high,"Title contains explicit replication indicator. (t_strong=2, a_strong=0)"
1951,Economic Freedom of the World in the universe of measuring institutions,2024,RH Murphy,"RH Murphy - Handbook of Research on Economic Freedom, 2024 - elgaronline.com",7,https://www.elgaronline.com/edcollchap/book/9781802206159/book-part-9781802206159-9.xml,False,high,No replication signals found in title or abstract.
1952,EuroMod: Modelling European power markets with improved price granularity,2024,,"C Mendes, I Staffell, R Green - Energy Economics, 2024 - Elsevier",7,https://www.sciencedirect.com/science/article/pii/S0140988324000513,True,high,Abstract has strong replication signal. (a_strong=1)
1953,"Conventional wisdom, meta‐analysis, and research revision in economics",2024,S Gechert,"S Gechert, B Mey, M Opatrny… - Journal of Economic …, 2024 - Wiley Online Library",7,https://onlinelibrary.wiley.com/doi/abs/10.1111/joes.12630,False,high,No replication signals found in title or abstract.
1954,Cadasters and Economic Growth: A Long-Run Cross-Country Panel,2024,"M D'Arcy, M Nistotskaya","M D'Arcy, M Nistotskaya… - Journal of Political …, 2024 - journals.uchicago.edu",6,https://www.journals.uchicago.edu/doi/full/10.1086/730551,True,low,"One moderate signal; might be incidental use of ""replicate"". (a_mod=1)"
1955,Early-life economic conditions and old-age male mortality: evidence from historical county-level bank deposit data,2024,,"H Noghanibehambari, J Fletcher, L Schmitz… - … of population economics, 2024 - Springer",6,https://link.springer.com/article/10.1007/s00148-024-01007-w,True,high,Abstract has strong replication signal. (a_strong=1)
1956,Pockets of predictability: A replication,2024,"N Cakici, C Fieberg","N Cakici, C Fieberg, T Neumaier, T Poddig… - Journal of Finance …, 2024 - papers.ssrn.com",6,https://papers.ssrn.com/sol3/papers.cfm?abstract_id=4710577,True,high,"Title contains explicit replication indicator. (t_strong=1, a_strong=0)"
1957,The normative permissiveness of political partyism,2024,"T Lane, L Miller, I Rodriguez","T Lane, L Miller, I Rodriguez - European Economic Review, 2024 - Elsevier",6,https://www.sciencedirect.com/science/article/pii/S0014292123002891,False,high,No replication signals found in title or abstract.
1958,The equally weighted portfolio still remains a challenging benchmark,2024,,"M Gelmini, P Uberti - International Economics, 2024 - Elsevier",6,https://www.sciencedirect.com/science/article/pii/S2110701724000489,False,high,No replication signals found in title or abstract.
1959,When forgiveness beats permission: Exploring the scholarly ethos of clinical faculty in economics,2024,,"FG Mixon Jr, KP Upadhyaya - American Journal of Economics …, 2024 - Wiley Online Library",6,https://onlinelibrary.wiley.com/doi/abs/10.1111/ajes.12514,False,high,No replication signals found in title or abstract.
1960,Mandatory seatbelt laws and traffic fatalities: A reassessment,2024,,"DM Anderson, Y Liang, JJ Sabia - Journal of Applied …, 2024 - Wiley Online Library",5,https://onlinelibrary.wiley.com/doi/abs/10.1002/jae.3026,True,low,"One moderate signal; might be incidental use of ""replicate"". (a_mod=1)"
1961,Uncertain trends in economic policy uncertainty,2024,"N Buliskeria, J Baxa","N Buliskeria, J Baxa, T Šestořád - 2024 - econstor.eu",5,https://www.econstor.eu/handle/10419/286367,True,medium,"Multiple moderate replication signals, no negatives. (a_mod=2)"
1962,The Preference Survey Module: evidence on social preferences from Tehran,2024,Z Sharafi,"M Kosfeld, Z Sharafi - Journal of the Economic Science Association, 2024 - cambridge.org",5,https://www.cambridge.org/core/journals/journal-of-the-economic-science-association/article/preference-survey-module-evidence-on-social-preferences-from-tehran/501A8EA9B1D14739DE2F6B3DE4203620,True,high,Abstract has multiple strong replication signals. (a_strong=2)
1963,How to account for tax planning and its uncertainty in firm valuation?,2024,,"J Knaisch - Journal of Business Economics, 2024 - Springer",5,https://link.springer.com/article/10.1007/s11573-023-01177-1,False,high,No replication signals found in title or abstract.
1964,"Foreign Direct Investment, Institutions, and Domestic Investment in Developing Countries: Is there a Crowding-Out Effect?",2024,,"KG Magbondé, DR Thiam, MA Konté - Comparative Economic Studies, 2024 - Springer",5,https://link.springer.com/article/10.1057/s41294-024-00239-9,False,high,No replication signals found in title or abstract.
1965,"Life insurance, loss aversion, and temporal orientation: a field experiment and replication with young adults",2024,,"SJ Blanchard, R Trudel - Marketing Letters, 2024 - Springer",5,https://link.springer.com/article/10.1007/s11002-023-09712-4,True,high,Abstract has strong replication signal. (a_strong=1)
1966,"Works councils as gatekeepers: Codetermination, management practices, and job satisfaction",2024,"C Grund, D Sliwka","C Grund, D Sliwka, K Titz - Labour Economics, 2024 - Elsevier",5,https://www.sciencedirect.com/science/article/pii/S0927537124000587,True,medium,"Multiple moderate replication signals, no negatives. (a_mod=2)"
1967,"Entrepreneurship, management, and cognitive reflection: A preregistered replication study with extensions",2024,"FM Fossen, L Neyse","FM Fossen, L Neyse - Entrepreneurship Theory and Practice, 2024 - journals.sagepub.com",5,https://journals.sagepub.com/doi/abs/10.1177/10422587231211005,True,high,"Title contains explicit replication indicator. (t_strong=2, a_strong=1)"
1968,The Predictive Power of the Term Spread and Financial Variables for Economic Activity Across Countries,2024,,"MD Chinn, L Ferrara - 2024 - nber.org",5,https://www.nber.org/papers/w32084,True,low,"One moderate signal; might be incidental use of ""replicate"". (a_mod=1)"
1969,Household reduction of gas consumption in the energy crisis is not explained by individual economic incentives,2024,"M Dertwinkel-Kalt, C Feldhaus, A Ockenfels","M Dertwinkel-Kalt, C Feldhaus, A Ockenfels… - Proceedings of the …, 2024 - pnas.org",5,https://www.pnas.org/doi/abs/10.1073/pnas.2411740121,True,medium,"Multiple moderate replication signals, no negatives. (a_mod=2)"
1970,The impact of facial attractiveness and alleged personality traits on fairness decisions in the ultimatum game: Evidence from ERPs.,2024,W Sommer,"T Li, Z Liang, Y Yuan, W Sommer, W Li - Biological Psychology, 2024 - Elsevier",5,https://www.sciencedirect.com/science/article/pii/S0301051124000681,True,low,"One moderate signal; might be incidental use of ""replicate"". (a_mod=1)"
1971,Online Appendix for A Comparative Assessment of Measures of Area-Level Socio-Economic Status,2024,A Chorniy,"L Franchi, PN Barreto Parra, A Chorniy… - … Law & Econ …, 2024 - papers.ssrn.com",5,https://papers.ssrn.com/sol3/papers.cfm?abstract_id=4547384,True,high,Abstract has strong replication signal. (a_strong=1)
1972,Positive autobiographical memory recall does not influence temporal discounting: An internal meta-analysis of experimental studies,2024,"KM Lempert, S Linhares","KM Lempert, T Parthasarathi, S Linhares, N Ruh… - Journal of Economic …, 2024 - Elsevier",5,https://www.sciencedirect.com/science/article/pii/S0167487024000382,True,high,Abstract has multiple strong replication signals. (a_strong=2)
1973,Honesty is predicted by moral values and economic incentives but is unaffected by acute stress,2024,"NM Sooter, G Ugazio","NM Sooter, RG Brandon, G Ugazio - Journal of Behavioral and …, 2024 - Elsevier",5,https://www.sciencedirect.com/science/article/pii/S2214635024000145,False,high,No replication signals found in title or abstract.
1974,"Unsustainable prosperity? Decoupling wellbeing, economic growth, and greenhouse gas emissions over the past 150 years",2024,"J Infante-Amate, E Travieso, E Aguilera","J Infante-Amate, E Travieso, E Aguilera - World Development, 2024 - Elsevier",5,https://www.sciencedirect.com/science/article/pii/S0305750X24002249,True,low,"One moderate signal; might be incidental use of ""replicate"". (a_mod=1)"
1975,On the realized risk of foreign exchange rates: A fractal perspective,2024,,"M Fathi, K Grobys, JW Kolari - Journal of Risk and Financial Management, 2024 - mdpi.com",5,https://www.mdpi.com/1911-8074/17/2/79,False,high,No replication signals found in title or abstract.
1976,Scale and modularity in thermal governance: The replication of India's heat action plans,2024,,"A Khandekar, J Cross, A Maringanti - Urban Studies, 2024 - journals.sagepub.com",5,https://journals.sagepub.com/doi/abs/10.1177/00420980231195193,True,high,"Title contains explicit replication indicator. (t_strong=1, a_strong=0)"
1977,It matters what and where we measure: Education and ideology in a Swedish twin design,2024,R Ahlskog,"R Ahlskog - Journal of Experimental Political Science, 2024 - cambridge.org",4,https://www.cambridge.org/core/journals/journal-of-experimental-political-science/article/it-matters-what-and-where-we-measure-education-and-ideology-in-a-swedish-twin-design/C10E64C1FA33E5D901462DDCA14A4FBC,False,high,No replication signals found in title or abstract.
1978,Fairness in markets and market experiments: insights from a field‐plus‐lab study and a failed replication,2024,J Friedrichsen,"D Engelmann, J Friedrichsen… - … Journal of Economics, 2024 - Wiley Online Library",4,https://onlinelibrary.wiley.com/doi/abs/10.1111/sjoe.12565,True,high,"Title contains explicit replication indicator. (t_strong=1, a_strong=1)"
1979,Replication: Erat and Gneezy's white lies paradigm,2024,"JJ Babin, HS Chauhan","JJ Babin, HS Chauhan - Journal of Economic Psychology, 2024 - Elsevier",4,https://www.sciencedirect.com/science/article/pii/S0167487024000126,True,high,"Title contains explicit replication indicator. (t_strong=1, a_strong=0)"
1980,Democracy and economic freedom,2024,"A Choutagunta, J Gutmann","A Choutagunta, J Gutmann - Handbook of Research on Economic …, 2024 - elgaronline.com",4,https://www.elgaronline.com/edcollchap/book/9781802206159/book-part-9781802206159-19.xml,True,high,Abstract has strong replication signal. (a_strong=1)
1981,"Solar geoengineering, free-driving and conflict: an experimental investigation",2024,"TL Cherry, S Kroll, DM McEvoy","TL Cherry, S Kroll, DM McEvoy… - … and Resource Economics, 2024 - Springer",4,https://link.springer.com/article/10.1007/s10640-024-00854-1,True,high,Abstract has strong replication signal. (a_strong=1)
1982,Leveraging real-world data to assess treatment sequences in health economic evaluations: a study protocol for emulating target trials using the English Cancer …,2024,JYA Chang,"JYA Chang, JB Chilcott… - HEDS Discussion …, 2024 - eprints.whiterose.ac.uk",4,https://eprints.whiterose.ac.uk/208318/,False,high,No replication signals found in title or abstract.
1983,Replicating the Resource Curse: A Qualitative Replication of Ross 2004,2024,,"M Becker, J Markowitz, S Orsborn… - International Studies …, 2024 - academic.oup.com",4,https://academic.oup.com/isq/article-pdf/doi/10.1093/isq/sqae125/60958840/sqae125.pdf,True,high,"Title contains explicit replication indicator. (t_strong=2, a_strong=0)"
1984,Passionately or reluctantly independent? Artistic and non-artistic self-employment compared,2024,E Loots,"B Bosma, E Loots, P Stroet… - … of Cultural Economics, 2024 - Springer",4,https://link.springer.com/article/10.1007/s10824-024-09525-x,False,high,No replication signals found in title or abstract.
1985,The threshold effect of finance on growth: Reassessing the burden of evidence,2024,"KB Luintel, M Khan","KB Luintel, G Li, M Khan - Open Economies Review, 2024 - Springer",4,https://link.springer.com/article/10.1007/s11079-024-09757-6,False,high,No replication signals found in title or abstract.
1986,Decoupling of functional and household income distribution by economic growth: new findings from analysing the three‐way growth‐equity nexus,2024,J Lee,"J Lee, K Lee - Journal of International Development, 2024 - Wiley Online Library",4,https://onlinelibrary.wiley.com/doi/abs/10.1002/jid.3903,True,medium,"Multiple moderate replication signals, no negatives. (a_mod=2)"
1987,Economic inequality reduces preferences for competent leaders,2024,"F Long, Z Ye","F Long, Z Ye, G Liu - Personality and Social Psychology …, 2024 - journals.sagepub.com",4,https://journals.sagepub.com/doi/abs/10.1177/01461672241235381,False,high,No replication signals found in title or abstract.
1988,Home Economics and Women's Gateway to Science,2024,,"M Andrews, Y Zhao - Available at SSRN 4708155, 2024 - papers.ssrn.com",4,https://papers.ssrn.com/sol3/papers.cfm?abstract_id=4708155,True,medium,"Multiple moderate replication signals, no negatives. (a_mod=2)"
1989,Recovering the anchoring of economic valuations,2024,,"L Guo - American Economic Journal: Microeconomics, 2024 - aeaweb.org",4,https://www.aeaweb.org/articles?id=10.1257/mic.20200320,False,high,No replication signals found in title or abstract.
1990,The effect of conscientiousness on managerial learning from stock prices,2024,,"HJ Jeon, GG Kim, J Kim - Applied Economics, 2024 - Taylor & Francis",4,https://www.tandfonline.com/doi/abs/10.1080/00036846.2023.2277692,True,medium,"Multiple moderate replication signals, no negatives. (a_mod=2)"
1991,The U-shaped charitable-giving curve,2024,,"EP Hargaden, NJ Duquette - Nonprofit and Voluntary Sector …, 2024 - journals.sagepub.com",4,https://journals.sagepub.com/doi/abs/10.1177/08997640231189451,False,high,No replication signals found in title or abstract.
1992,"Organizational culture, generational involvement and entrepreneurial orientation components: a replication study",2024,,"A Ferrari, DM Mucci, F Beck - Journal of Entrepreneurship in …, 2024 - emerald.com",4,https://www.emerald.com/insight/content/doi/10.1108/jeee-04-2022-0123/full/html,True,medium,Title strongly indicates replication despite abstract discussion of replication broadly.
1993,"Populism, Economic Distress, Cultural Backlash, and Identity Threat: Integrating Patterns and Testing Cross-National Validity",2024,"E Manunta, M Becker, VL Vignoles","E Manunta, M Becker, VL Vignoles… - Personality and …, 2024 - journals.sagepub.com",4,https://journals.sagepub.com/doi/abs/10.1177/01461672241231727,False,high,No replication signals found in title or abstract.
1994,Markov modeling for cost-effectiveness using federated health data network,2024,,"M Haug, M Oja, M Pajusalu, K Mooses… - Journal of the …, 2024 - academic.oup.com",4,https://academic.oup.com/jamia/article-abstract/31/5/1093/7627292,False,high,No replication signals found in title or abstract.
1995,"Digitalisation of financial services, access to finance and aggregate economic performance",2024,"F Bontadini, F Filippucci, CS Jona Lasinio","F Bontadini, F Filippucci, CS Jona Lasinio… - OECD Economics …, 2024 - iris.luiss.it",4,https://iris.luiss.it/handle/11385/240878,False,high,No replication signals found in title or abstract.
1996,Education and economic growth: Does the East Asian education fever overstate the growth effect?,2024,,"JC Jin, DA Kim - Journal of Government and Economics, 2024 - Elsevier",4,https://www.sciencedirect.com/science/article/pii/S2667319324000259,False,high,No replication signals found in title or abstract.
1997,Economic spillovers from cloud computing: evidence from OECD countries,2024,,"R Katz, J Jung - Information Technology for Development, 2024 - Taylor & Francis",4,https://www.tandfonline.com/doi/abs/10.1080/02681102.2023.2292108,False,high,No replication signals found in title or abstract.
1998,Expanding the remit of psychology across time and space,2024,,"M Atari, J Henrich, J Schulz - 2024 - files.osf.io",4,https://files.osf.io/v1/resources/8atwz/providers/osfstorage/665291ccd835c417bb4ce2e2?direct=&mode=render,True,high,Abstract has multiple strong replication signals. (a_strong=2)
1999,Are Exams Authentic Assessment? The Case of Economics.,2024,P Stankov,"P Stankov - Practical Assessment, Research & Evaluation, 2024 - ERIC",4,https://eric.ed.gov/?id=EJ1443402,False,high,No replication signals found in title or abstract.
2000,Examining Pairs Trading Profitability,2024,,"X Zhu - Yale Department of Economics, 2024 - economics.yale.edu",3,https://economics.yale.edu/sites/default/files/2024-05/Zhu_Pairs_Trading.pdf,True,high,Abstract has multiple strong replication signals. (a_strong=3)
2001,Using digitized newspapers to address measurement error in historical data,2024,"A Ferrara, JY Ha, R Walsh","A Ferrara, JY Ha, R Walsh - The Journal of Economic History, 2024 - cambridge.org",3,https://www.cambridge.org/core/journals/journal-of-economic-history/article/using-digitized-newspapers-to-address-measurement-error-in-historical-data/546A6B362C219A2412FC44C068A51CBD,False,high,No replication signals found in title or abstract.
2002,"Is the Effect of Trust on Risk Perceptions a Matter of Knowledge, Control, and Time? An Extension and Direct-Replication Attempt of Siegrist and Cvetkovich (2000)",2024,"S Pauer, BT Rutjens, C Brick, AB Lob","S Pauer, BT Rutjens, C Brick, AB Lob… - Social …, 2024 - journals.sagepub.com",3,https://journals.sagepub.com/doi/abs/10.1177/19485506241263884,True,high,"Title contains explicit replication indicator. (t_strong=1, a_strong=1)"
2003,"Local economic impact of small, non-research private universities: evidence from Japan",2024,"T Yanagiura, S Tateishi","T Yanagiura, S Tateishi - Economics of Education Review, 2024 - Elsevier",3,https://www.sciencedirect.com/science/article/pii/S0272775724000700,True,medium,"Multiple moderate replication signals, no negatives. (a_mod=2)"
2004,"Racial economic segregation across US public schools, 1991–2022",2024,,"H Jang - AERA Open, 2024 - journals.sagepub.com",3,https://journals.sagepub.com/doi/abs/10.1177/23328584241282274,True,medium,"Multiple moderate replication signals, no negatives. (a_mod=3)"
2005,Should We Quantify Karl Marx?,2024,,"J Francis - Econ Journal Watch, 2024 - econjwatch.org",3,https://econjwatch.org/File+download/1322/FrancisSept2024.pdf,False,high,No replication signals found in title or abstract.
2006,Gender gaps and economic growth: Why haven't women won globally (yet)?,2024,"P Agte, O Attanasio, PK Goldberg","P Agte, O Attanasio, PK Goldberg, A Lakshmi Ratan… - 2024 - elischolar.library.yale.edu",3,https://elischolar.library.yale.edu/egcenter-discussion-paper-series/1105/,True,medium,"Multiple moderate replication signals, no negatives. (a_mod=2)"
2007,"Genetic Risk for Alzheimer's Disease and Related Dementias: Cognition, Economic Behavior, and Clinically Actionable Information",2024,"Y Jeong, NW Papageorge, M Skira, K Thom","Y Jeong, NW Papageorge, M Skira, K Thom - 2024 - nber.org",3,https://www.nber.org/papers/w32181,True,medium,"Multiple moderate replication signals, no negatives. (a_mod=2)"
2008,The Entrepreneurial Ecosystem Clock Keeps on Ticking: Regional Persistence of High-growth Firms,2024,"J Leendertse, E Stam, F van Rijnsoever","JJ van Dijk, J Leendertse, E Stam, F van Rijnsoever - 2024 - uu.nl",3,https://www.uu.nl/sites/default/files/LEG_USE_WP_24-01.pdf,True,high,Abstract has strong replication signal. (a_strong=1)
2009,Graphical causal modelling: an application to identify and estimate cause-and-effect relationships,2024,"JW Burnett, C Blackwell","JW Burnett, C Blackwell - Applied Economics, 2024 - Taylor & Francis",3,https://www.tandfonline.com/doi/abs/10.1080/00036846.2023.2208856,True,high,Abstract has multiple strong replication signals. (a_strong=2)
2010,Strategizing with ai: Insights from a beauty contest experiment,2024,"D Dagaev, S Paklina, P Parshakov","D Dagaev, S Paklina, P Parshakov - Available at SSRN 4754435, 2024 - papers.ssrn.com",3,https://papers.ssrn.com/sol3/papers.cfm?abstract_id=4754435,False,high,No replication signals found in title or abstract.
2011,Revisiting the effect of democracy on population health,2024,,"TV Vu - Oxford Economic Papers, 2024 - academic.oup.com",3,https://academic.oup.com/oep/advance-article-abstract/doi/10.1093/oep/gpae034/7739144,False,high,No replication signals found in title or abstract.
2012,Oil crisis vs pandemic: a broader outlook of time-frequency volatility transmission between Islamic and conventional stock markets,2024,,"MU Rehman, A Saleem, J Sági - Cogent Economics & Finance, 2024 - Taylor & Francis",3,https://www.tandfonline.com/doi/abs/10.1080/23322039.2024.2365366,False,high,No replication signals found in title or abstract.
2013,Can nationalism and group conflict explain cultural and economic threat perceptions? Cross-sectional and longitudinal evidence from the ISSP (1995–2013),2024,,"MS Callens, B Meuleman - International Journal of …, 2024 - journals.sagepub.com",3,https://journals.sagepub.com/doi/abs/10.1177/00207152231177622,False,high,No replication signals found in title or abstract.
2014,Firm aggregations and firm performance: evidence from network contracts,2024,,"A Caragliu, P Landoni - Regional Science Policy & Practice, 2024 - Elsevier",3,https://www.sciencedirect.com/science/article/pii/S1757780224001896,False,high,No replication signals found in title or abstract.
2015,Revisiting Gender Differences in Economic Behavior Amidst the COVID-19 Pandemic,2024,,"B Aksoy, I Chadd, E Osun, E Ozbay - Available at SSRN 3920502, 2024 - papers.ssrn.com",3,https://papers.ssrn.com/sol3/papers.cfm?abstract_id=3920502,False,high,No replication signals found in title or abstract.
2016,Is economic growth less welfare enhancing in Africa? Evidence from the last forty years,2024,"H Wu, A Atamanov","H Wu, A Atamanov, T Bundervoet, P Paci - World Development, 2024 - Elsevier",3,https://www.sciencedirect.com/science/article/pii/S0305750X24002298,False,high,No replication signals found in title or abstract.
2017,Does paid parental leave affect children's schooling outcomes? Replicating Danzer and Lavy (2018),2024,,"C Troccoli - Journal of Applied Econometrics, 2024 - Wiley Online Library",2,https://onlinelibrary.wiley.com/doi/abs/10.1002/jae.3021,True,high,Abstract has strong replication signal. (a_strong=1)
2018,"Replicating epley and gilovich: Need for cognition, cognitive load, and forewarning do not moderate anchoring effects",2024,"L Röseler, L Koßmann","L Röseler, H Bögler, L Koßmann… - … in Economics, 2024 - ojs.jcr-econ.org",2,https://www.ojs.jcr-econ.org/index.php/jcre/article/view/30,True,high,"Title contains explicit replication indicator. (t_strong=1, a_strong=2)"
2019,Auditors and client investment efficiency: a quasi-replication and further insights from a regulatory change,2024,"M Erinc, L Orozco, Z Shi","C Bleibtreu, M Erinc, L Orozco, Z Shi - Journal of Business Economics, 2024 - Springer",2,https://link.springer.com/article/10.1007/s11573-024-01198-4,False,high,No replication signals found in title or abstract.
2020,Do experimental asset market results replicate? High-powered preregistered replications of 17 claims,2024,"C Huber, F Holzmeister, M Johannesson","C Huber, F Holzmeister, M Johannesson… - 2024 - econstor.eu",2,https://www.econstor.eu/handle/10419/307733,True,high,Abstract has multiple strong replication signals. (a_strong=4)
2021,Explaining the decline of China's labor share: A wide replication of Oberfield and Raval (2021),2024,W Zhang,"H Yang, W Zhang - Journal of Applied Econometrics, 2024 - Wiley Online Library",2,https://onlinelibrary.wiley.com/doi/abs/10.1002/jae.3082,True,high,"Title contains explicit replication indicator. (t_strong=1, a_strong=2)"
2022,Reassessing growth vulnerability,2024,S Rho,"D Cho, S Rho - Journal of Applied Econometrics, 2024 - Wiley Online Library",2,https://onlinelibrary.wiley.com/doi/abs/10.1002/jae.3005,False,high,No replication signals found in title or abstract.
2023,Salience or event-splitting? An experimental investigation of correlation sensitivity in risk-taking,2024,"M Loewenfeld, J Zheng","M Loewenfeld, J Zheng - Journal of the Economic Science …, 2024 - cambridge.org",2,https://www.cambridge.org/core/journals/journal-of-the-economic-science-association/article/salience-or-eventsplitting-an-experimental-investigation-of-correlation-sensitivity-in-risktaking/CFBFF69EC15A470B02F9CAC8F1164CE8,False,high,No replication signals found in title or abstract.
2024,Firm-level Irreversibility,2024,"H Bai, C Xue, L Zhang","H Bai, EXN Li, C Xue, L Zhang - Available at SSRN 5026933, 2024 - papers.ssrn.com",2,https://papers.ssrn.com/sol3/papers.cfm?abstract_id=5026933,False,high,No replication signals found in title or abstract.
2025,Revisiting the moral forecasting error–A preregistered replication and extension of “Are we more moral than we think?”,2024,"S Bø, H Sjåstad","S Bø, H Sjåstad - Journal of Experimental Social Psychology, 2024 - Elsevier",2,https://www.sciencedirect.com/science/article/pii/S0022103124000751,True,high,"Title contains explicit replication indicator. (t_strong=2, a_strong=0)"
2026,Financing A Free-for-All: Crowdfunding Open-Source Software,2024,,"J Bort, A Meoli, DW Sullivan - Small Business Economics, 2024 - Springer",2,https://link.springer.com/article/10.1007/s11187-023-00867-y,False,high,No replication signals found in title or abstract.
2027,Economic preferences across generations and family clusters: a comment,2024,"A Ertl, D Horn, HJ Kiss","A Ertl, D Horn, HJ Kiss - 2024 - econstor.eu",2,https://www.econstor.eu/handle/10419/286489,False,high,No replication signals found in title or abstract.
2028,Position uncertainty in a sequential public goods game: an experiment,2024,"CMS Anwar, K Georgalos","CMS Anwar, K Georgalos - Experimental Economics, 2024 - Springer",2,https://link.springer.com/article/10.1007/s10683-024-09831-3,False,high,No replication signals found in title or abstract.
2029,“I'll be the first one on the street to protest against the lockdown”: Economic grievances and antilockdown protests during the COVID-19 pandemic in high-income …,2024,"M Chayinska, ÖM Uluğ, J Adam-Troian","M Chayinska, ÖM Uluğ, J Adam-Troian… - Group Processes & …, 2024 - journals.sagepub.com",2,https://journals.sagepub.com/doi/abs/10.1177/13684302231194553,False,high,No replication signals found in title or abstract.
2030,"Comment on Cakici, Fieberg, Neumaier, Poddig, and Zaremba: Pockets of predictability: A replication",2024,"LE Farmer, L Schmidt","LE Farmer, L Schmidt… - … Predictability: A Replication …, 2024 - papers.ssrn.com",2,https://papers.ssrn.com/sol3/papers.cfm?abstract_id=4717259,True,high,"Title contains explicit replication indicator. (t_strong=1, a_strong=0)"
2031,Economic Development in Pixels: The Limitations of Nightlights and New Spatially Disaggregated Measures of Consumption and Poverty,2024,,"JD Huber, L Mayoral - 2024 - iae.csic.es",2,http://www.iae.csic.es/investigatorsMaterial/a24266122009sp71065.pdf,True,high,Abstract has strong replication signal. (a_strong=1)
2032,The role of confidence in the gaze bias effect among economics trainee teachers—results from a digital assessment of economic content knowledge,2024,,"S Brückner, O Zlatkin-Troitschanskaia - Empirical Research in Vocational …, 2024 - Springer",2,https://link.springer.com/article/10.1186/s40461-024-00156-2,True,high,Abstract has strong replication signal. (a_strong=1)
2033,What We Can Learn When Impacts Fail to Replicate: Lessons From an Empowerment Programme for Young Women in Tanzania,2024,"N Buehren, M Goldstein, S Gulesci","N Buehren, M Goldstein, S Gulesci… - The Journal of …, 2024 - Taylor & Francis",2,https://www.tandfonline.com/doi/abs/10.1080/00220388.2024.2337370,False,high,No replication signals found in title or abstract.
2034,Social scoring systems for behavioral regulation: An experiment on the role of transparency in determining perceptions and behaviors,2024,"C Loefflad, M Chen, J Grossklags","C Loefflad, M Chen, J Grossklags - … of the AAAI/ACM Conference on AI …, 2024 - ojs.aaai.org",2,https://ojs.aaai.org/index.php/AIES/article/view/31690,True,low,"One moderate signal; might be incidental use of ""replicate"". (a_mod=1)"
2035,Day-of-the-week effect: a meta-analysis,2024,,"L Grebe, D Schiereck - Eurasian Economic Review, 2024 - Springer",2,https://link.springer.com/article/10.1007/s40822-024-00293-9,False,high,"Abstract discusses replication as topic/concept, not as paper's primary action. (a_neg=1)"
2036,Romanian Local Action Groups'(LAGs) Economic Impact: A Solution to a Problem or a Perpetuating Status Quo of a Gimmick?,2024,D Buda,"D Buda, A Pop - Transylvanian Review of Administrative Sciences, 2024 - rtsa.ro",2,https://rtsa.ro/tras/index.php/tras/article/view/767,True,high,Abstract has strong replication signal. (a_strong=1)
2037,The Psychology of Poverty: A Replication Based on Zimbabwe's Harmonised Social Cash Transfer Programme,2024,"M Ibrahim, Y Chen, A Pereira","M Ibrahim, Y Chen, A Pereira, T Musa… - Journal of African …, 2024 - academic.oup.com",2,https://academic.oup.com/jae/article-abstract/33/3/225/7231197,True,high,"Title contains explicit replication indicator. (t_strong=1, a_strong=0)"
2038,Paving the road to re-election,2024,,"C Boudot-Reddy, A Butler - Journal of Public Economics, 2024 - Elsevier",2,https://www.sciencedirect.com/science/article/pii/S0047272724001646,False,high,No replication signals found in title or abstract.
2039,Analysis of the impact of financial and labour uncertainty on suicide mortality in England,2024,"O Claveria, M Sorić, P Sorić","O Claveria, M Sorić, P Sorić - Health & place, 2024 - Elsevier",2,https://www.sciencedirect.com/science/article/pii/S1353829224001576,False,high,No replication signals found in title or abstract.
2040,Carry-over effects of tourism on traditional activities,2024,,"JF Perles, M Sevilla, AB Ramón-Rodríguez… - … Economics, 2024 - journals.sagepub.com",2,https://journals.sagepub.com/doi/abs/10.1177/13548166231203148,True,low,"One moderate signal; might be incidental use of ""replicate"". (a_mod=1)"
2041,Revisiting the world management survey in strategy: Applications to theory and replication,2024,"D Scur, S Wolfolds","D Scur, S Wolfolds - Strategy Science, 2024 - pubsonline.informs.org",2,https://pubsonline.informs.org/doi/abs/10.1287/stsc.2022.0006,False,high,No replication signals found in title or abstract.
2042,Integrating large language models into the psychological sciences,2024,,"A Sohail, L Zhang - 2024 - research.birmingham.ac.uk",2,https://research.birmingham.ac.uk/en/publications/integrating-large-language-models-into-the-psychological-sciences-2,False,high,No replication signals found in title or abstract.
2043,In Search of the Causes of the Globalization Backlash: Methodological Considerations on Post-treatment Bias,2024,"P Agnolin, I Colantone, P Stanig","P Agnolin, I Colantone, P Stanig - Comparative Political …, 2024 - journals.sagepub.com",2,https://journals.sagepub.com/doi/abs/10.1177/00104140241271124,False,high,No replication signals found in title or abstract.
2044,Learning to be overprecise,2024,"C Merkle, P Schreiber","C Merkle, P Schreiber - Journal of Business Economics, 2024 - Springer",1,https://link.springer.com/article/10.1007/s11573-024-01203-w,True,high,Abstract has strong replication signal. (a_strong=1)
2045,Limited and Mixed Evidence for System-Sanctioned Change to Protect the Environment: A Replication Study,2024,,"I Kim, SK Stanley, KM Jylhä… - International Review of …, 2024 - rips-irsp.com",1,https://rips-irsp.com/articles/10.5334/irsp.871?_rsc=jatly,True,medium,Title strongly indicates replication despite abstract discussion of replication broadly.
2046,"Historical Communist Party Strength and Modern Party Loyalty. A Replication Study of Barceló (PNAS, 2021)",2024,"EJ Malesky, TA Nguyen","EJ Malesky, TA Nguyen - … of Comments and Replications in Economics …, 2024 - econstor.eu",1,https://www.econstor.eu/handle/10419/299994,True,high,"Title contains explicit replication indicator. (t_strong=2, a_strong=4)"
2047,"Trends in US Wage Inequality: Revising the Revisionists. A Replication Study of Autor, Katz, and Kearney (The Review of Economics and Statistics, 2008)",2024,,"C Stephenson - Journal of Comments and Replications in Economics …, 2024 - econstor.eu",1,https://www.econstor.eu/handle/10419/299993,True,high,"Title contains explicit replication indicator. (t_strong=2, a_strong=3)"
2048,"Does Proactive Policing Really Increase Major Crime? A Replication Study of Sullivan and O'Keeffe (Nature Human Behaviour, 2017)",2024,"A Chalfin, D Mitre-Becerril","A Chalfin, D Mitre-Becerril, MC Williams - … Replications in Economics …, 2024 - econstor.eu",1,https://www.econstor.eu/handle/10419/302916,True,high,"Title contains explicit replication indicator. (t_strong=2, a_strong=2)"
2049,"Profit motives, environmental motives, and perceived corporate greenwashing revisited: A replication and extension of De Vries et al.(2015)",2024,,"E Løhre, M Høstaker… - Social Psychological …, 2024 - spb.psychopen.eu",1,https://spb.psychopen.eu/index.php/spb/article/view/12875,True,high,"Title contains explicit replication indicator. (t_strong=2, a_strong=3)"
2050,Re-examining the effect of wage delegation: a replication study of Charness et al.(2012),2024,P Schreck,"H Niehoff, P Schreck - Journal of Business Economics, 2024 - Springer",1,https://link.springer.com/article/10.1007/s11573-024-01214-7,True,high,"Title contains explicit replication indicator. (t_strong=2, a_strong=2)"
2051,"Reproduction of"" Teaching Norms: Direct Evidence of Parental Transmission""",2024,V Kadriu,"M Brun, M De Vera, V Kadriu, F Mierisch - 2024 - econstor.eu",1,https://www.econstor.eu/handle/10419/286490,True,high,Abstract has multiple strong replication signals. (a_strong=3)
2052,More on the influence of gender equality on gender differences in economic preferences,2024,A Formozov,"S Cerioli, A Formozov - Jahrbücher für Nationalökonomie und …, 2024 - degruyter.com",1,https://www.degruyter.com/document/doi/10.1515/jbnst-2022-0072/html,True,high,Abstract has strong replication signal. (a_strong=1)
2053,The Long-Term Effects of Measles Vaccination on Earnings and Employment: Comment,2024,,M Wiebe - 2024 - econstor.eu,1,https://www.econstor.eu/handle/10419/305225,True,medium,"Multiple moderate replication signals, no negatives. (a_mod=3)"
2054,Measuring social norm variation across contexts: Replication and comparison to alternative methods,2024,"D Huffman, SW Wang","D Huffman, G Kohno, P Madies, S Vogrinec, SW Wang… - 2024 - sites.pitt.edu",1,https://sites.pitt.edu/~swwang/papers/Eliciting_Social_Norms.pdf,True,high,"Title contains explicit replication indicator. (t_strong=1, a_strong=2)"
2055,Don't Ruin the Surprise: Temporal Aggregation Bias in Structural Innovations,2024,,S Snudden - 2024 - aeaweb.org,1,https://www.aeaweb.org/conference/2025/program/paper/yrEQfn8a,True,high,Abstract has strong replication signal. (a_strong=1)
2056,Representativeness heuristic in intuitive predictions: Replication Registered Report of problems reviewed in Kahneman and Tversky (1973),2024,G Feldman,"HCB Chan, G Feldman - 2024 - researchgate.net",1,https://www.researchgate.net/profile/Gilad-Feldman/publication/378141887_Representativeness_heuristic_in_intuitive_predictions_Replication_Registered_Report_of_problems_reviewed_in_Kahneman_and_Tversky_1973_Stage_1/links/663f644335243041539aab7d/Representativeness-heuristic-in-intuitive-predictions-Replication-Registered-Report-of-problems-reviewed-in-Kahneman-and-Tversky-1973-Stage-1.pdf,True,high,"Title contains explicit replication indicator. (t_strong=1, a_strong=2)"
2057,"Response to"" Do Radical-Right Parties Use Descriptive Representation Strategically? A Replication of Weeks et al.(2023)""",2024,,"AC Weeks, BM Meguid, MC Kittilson, H Coffé - 2024 - econstor.eu",1,https://www.econstor.eu/handle/10419/302284,True,high,"Title contains explicit replication indicator. (t_strong=2, a_strong=2)"
2058,"Fraudulent Research Practices in Accounting: A Replication and Extension of Bailey, Hasselback, and Karcher (2001)",2024,CD Bailey,"CD Bailey - Research on Professional Responsibility and Ethics in …, 2024 - emerald.com",1,https://www.emerald.com/insight/content/doi/10.1108/S1574-076520240000026005,True,high,"Title contains explicit replication indicator. (t_strong=2, a_strong=0)"
2059,To syndicate or not: a replication and extension about the influence of business angels' personality traits on syndication using Twitter data,2024,C Fisch,"A Altmeier, C Fisch - Management Review Quarterly, 2024 - Springer",1,https://link.springer.com/article/10.1007/s11301-024-00410-7,False,medium,"Title has replication but abstract discusses replication as a topic, not action. (a_neg=1)"
2060,A long-term analysis of research unbundling: implications for research provision and market quality,2024,"M Bender, T Cestonaro, B Clapham","M Bender, T Cestonaro, B Clapham… - … of Business Economics, 2024 - Springer",1,https://link.springer.com/article/10.1007/s11573-024-01205-8,True,high,Abstract has multiple strong replication signals. (a_strong=2)
2061,Robust design heuristics for product costing systems: a replication and extension using an ABC cost hierarchy,2024,M Schmidt,"M Meyer, M Schmidt - Journal of Business Economics, 2024 - Springer",1,https://link.springer.com/article/10.1007/s11573-024-01210-x,True,high,"Title contains explicit replication indicator. (t_strong=2, a_strong=2)"
2062,Understanding cultural persistence and change: A replication of Giuliano and Nunn (2021),2024,"S Bertoli, J Loper","S Bertoli, M Clerc, J Loper… - Economic Inquiry, 2024 - Wiley Online Library",1,https://onlinelibrary.wiley.com/doi/abs/10.1111/ecin.13242,True,high,"Title contains explicit replication indicator. (t_strong=2, a_strong=1)"
2063,Replication: The money illusion effect in a Brazilian sample and meta-analyses,2024,R Bastos,"M de Moraes Ferreira, MYT Santiago, R Bastos… - Journal of Economic …, 2024 - Elsevier",1,https://www.sciencedirect.com/science/article/pii/S0167487024000527,True,high,"Title contains explicit replication indicator. (t_strong=1, a_strong=0)"
2064,Examining relative thinking in mixed compensation schemes: A replication study,2024,"OH Azar, A Voslinsky","OH Azar, A Voslinsky - Journal of Economic Behavior & Organization, 2024 - Elsevier",1,https://www.sciencedirect.com/science/article/pii/S0167268124000015,True,high,"Title contains explicit replication indicator. (t_strong=2, a_strong=0)"
2065,"Replicating"" Run-off elections in the laboratory""",2024,"CI Hausladen, SH Hu, JM Levin","CI Hausladen, SH Hu, JM Levin - 2024 - econstor.eu",1,https://www.econstor.eu/handle/10419/281134,True,high,"Title contains explicit replication indicator. (t_strong=1, a_strong=1)"
2066,Share Buybacks and Earnings Management: Replication and Extension,2024,"PA Griffin, DH Lont","PA Griffin, DH Lont - 2024 - business.columbia.edu",1,https://business.columbia.edu/sites/default/files-efs/imce-uploads/ADP/Spring%202024/Griffin%20Lont%202024.pdf,True,high,"Title contains explicit replication indicator. (t_strong=2, a_strong=2)"
2067,Benefitting from Bitcoin Beliefs: can Twitter Sentiment obtained using kmeans clustering predict Bitcoin Returns?,2024,,"J Frasa - Erasmus School of Economics Rotterdam 1, 2024 - thesis.eur.nl",1,https://thesis.eur.nl/pub/73761/Bachelor-Thesis-Jeroen-Frasa.pdf,True,high,Abstract has multiple strong replication signals. (a_strong=3)
2068,Economic Inequality and Public Support for Redistribution in Europe: A Cross-Sectional and Longitudinal Multilevel Analysis,2024,"V Velev, AW Schmidt-Catran","V Velev, AW Schmidt-Catran - International Journal of Public …, 2024 - academic.oup.com",1,https://academic.oup.com/ijpor/article-abstract/36/4/edae055/7907488,False,high,No replication signals found in title or abstract.
2069,The boulevard of broken dreams? Long-run effects of labor-managed socialism.,2024,"R Spruk, N Garoupa","R Spruk, M Kovac, N Garoupa - … of Comparative Economics, 2024 - search.ebscohost.com",1,https://search.ebscohost.com/login.aspx?direct=true&profile=ehost&scope=site&authtype=crawler&jrnl=18242979&AN=184729412&h=cvyrDdbVTbh0fN1sb9u8vDTRnV4kRM%2F0BJ0aEHubZM6yhWY814ik0CbAEe7XVaHBoQ7uvzZhy65%2FR9RYl2m2gA%3D%3D&crl=c,True,medium,"Multiple moderate replication signals, no negatives. (a_mod=2)"
2070,P-Values on the Free-Slave State Border: A Critique of Bleakley and Rhode,2024,,J Francis - 2024 - mpra.ub.uni-muenchen.de,1,https://mpra.ub.uni-muenchen.de/id/eprint/122197,False,high,No replication signals found in title or abstract.
2071,In Defense of Synthetic Karl Marx: A Reply to Joseph Francis,2024,,"PW Magness, M Makovi - Econ Journal Watch, 2024 - econjwatch.org",1,https://econjwatch.org/File+download/1321/MagnessMakoviSept2024.pdf,False,high,No replication signals found in title or abstract.
2072,"Double/Debiased Machine Learning for Economists: Practical Guidelines, Best Practices, and Common Pitfalls",2024,"M Feyzollahi, N Rafizadeh","M Feyzollahi, N Rafizadeh - Best Practices, and Common Pitfalls …, 2024 - papers.ssrn.com",1,https://papers.ssrn.com/sol3/papers.cfm?abstract_id=4703243,True,high,Abstract has strong replication signal. (a_strong=1)
2073,Supplement to 'Geometric methods for finite rational inattention',2024,,"R Armenter, M Müller-Itten… - … Economics …, 2024 - econometricsociety.org",1,https://www.econometricsociety.org/publications/quantitative-economics/online/supplemental-material/2024/01/01/Geometric-Methods-for-Finite-Rational-Inattention/supp/quan200304-sup-0001-onlineappendix.pdf,False,high,No replication signals found in title or abstract.
2074,Modifiable prognostic factors of high societal costs among people on sick leave due to musculoskeletal disorders: a replication study,2024,,"RM Killingmo, T Rysstad, E Maas, AH Pripp… - BMC musculoskeletal …, 2024 - Springer",1,https://link.springer.com/article/10.1186/s12891-024-08132-3,True,high,"Title contains explicit replication indicator. (t_strong=2, a_strong=2)"
2075,When and how information about economic inequality affects attitudes towards redistribution,2024,"Á Sánchez-Rodríguez, E García-Sánchez","Á Sánchez-Rodríguez, E García-Sánchez… - Social Justice …, 2024 - Springer",1,https://link.springer.com/article/10.1007/s11211-024-00435-z,False,high,No replication signals found in title or abstract.
2076,Replicating Anomalies Using the Aggregate Average Method,2024,GM Korniotis,"J Guo, GM Korniotis, A Kumar, P Li - Available at SSRN 4990134, 2024 - papers.ssrn.com",1,https://papers.ssrn.com/sol3/papers.cfm?abstract_id=4990134,False,medium,"Title has replication but abstract discusses replication as a topic, not action. (a_neg=1)"
2077,Firm actions and Media tenor after a data breach: A quasi replication and extension of Zavyalova et al.'s (2012) product harm study,2024,"J Yan, X Wang, TP Munyon","J Yan, X Wang, TP Munyon… - Journal of …, 2024 - journals.sagepub.com",1,https://journals.sagepub.com/doi/abs/10.1177/27550311231225957,True,high,"Title contains explicit replication indicator. (t_strong=1, a_strong=0)"
2078,How do cultural values affect economic growth? An empirical evidence from world values survey (1994–2021),2024,,"IA El Husseiny, A Al Samman, S Mansour… - Review of Economics …, 2024 - emerald.com",1,https://www.emerald.com/insight/content/doi/10.1108/reps-02-2023-0012/full/html,False,high,No replication signals found in title or abstract.
2079,A New Trade Openness Rate,2024,,G Peña - 2024 - iedis.unizar.es,1,https://iedis.unizar.es/sites/iedis/files/archivos/PDF/CONGRESO%20IEDIS/III%20CONGRESO%20IEDIS/3_Pe%C3%B1aL5.pdf,True,low,"One moderate signal; might be incidental use of ""replicate"". (a_mod=1)"
2080,Replication Data for:(When) Do Parties Affect Economic Inequality? A Systematic Analysis of 30 Years of Research,2024,"M Haselmayer, A Horn","M Haselmayer, A Horn - 2024 - kops.uni-konstanz.de",1,https://kops.uni-konstanz.de/entities/dataset/dac85096-4ad2-47de-80b6-8bc67739b403,True,high,"Title contains explicit replication indicator. (t_strong=1, a_strong=0)"
2081,Influence of digital product convergence on the disruptive susceptibility of value networks and the disruptive potential: a replication case study of the German digital …,2024,"G Ahuja, S Hüsig","E Fritsch, G Ahuja, S Hüsig - International Journal of …, 2024 - inderscienceonline.com",1,https://www.inderscienceonline.com/doi/abs/10.1504/IJTM.2024.135711,True,high,"Title contains explicit replication indicator. (t_strong=1, a_strong=0)"
2082,On the economics of extinction and possible mass extinctions,2024,"MS Taylor, R Weder","MS Taylor, R Weder - Journal of Economic Perspectives, 2024 - aeaweb.org",1,https://www.aeaweb.org/articles?id=10.1257%2Fjep.38.3.237,True,low,"One moderate signal; might be incidental use of ""replicate"". (a_mod=1)"
2083,A replication attempt of personality change through randomized peer groups,2024,,"MD Krämer, A Kretzschmar… - European Journal …, 2024 - journals.sagepub.com",1,https://journals.sagepub.com/doi/abs/10.1177/08902070251331355,True,high,"Title contains explicit replication indicator. (t_strong=2, a_strong=0)"
2084,Second-order economic voting in elections to the European Parliament,2024,,"A Bosch - Papers (Universitat Autònoma de Barcelona), 2024 - ddd.uab.cat",1,https://ddd.uab.cat/record/290821,False,high,No replication signals found in title or abstract.
2085,A Perfect Storm: First-Nature Geography and Economic Development,2024,C Vedel,"C Vedel - arXiv preprint arXiv:2408.00885, 2024 - arxiv.org",1,https://arxiv.org/abs/2408.00885,False,high,No replication signals found in title or abstract.
2086,Ouazad and Kahn (2022) Replicates: A Detailed Analysis of LLPW (2024),2024,"ME Kahn, ACL Ouazad","ME Kahn, ACL Ouazad - Available at SSRN, 2024 - papers.ssrn.com",1,https://papers.ssrn.com/sol3/papers.cfm?abstract_id=4950851,False,high,No replication signals found in title or abstract.
2087,Beyond WEIRD: Can synthetic survey participants substitute for humans in global policy research?,2024,,"P Shrestha, D Krpan, F Koaik… - … Science & Policy, 2024 - journals.sagepub.com",1,https://journals.sagepub.com/doi/abs/10.1177/23794607241311793,False,high,No replication signals found in title or abstract.
2088,EE247 Fully Replicating Published Markov Health Economic Models Using Generative AI,2024,"J Chhatwal, S Samur","J Chhatwal, S Samur, IF Yildirim… - Value in …, 2024 - valueinhealthjournal.com",1,https://www.valueinhealthjournal.com/article/S1098-3015(24)03392-8/abstract,True,low,"One moderate signal; might be incidental use of ""replicate"". (a_mod=1)"
2089,A tutorial on aggregating evidence from conceptual replication studies using the product Bayes factor,2024,,"CJ Van Lissa, EB Clapper… - Research Synthesis …, 2024 - Wiley Online Library",1,https://onlinelibrary.wiley.com/doi/abs/10.1002/jrsm.1765,True,high,"Title contains explicit replication indicator. (t_strong=1, a_strong=0)"
2090,First impressions on sustainable innovation matter: Using NLP to replicate B-lab environmental index by analyzing companies' homepages,2024,D Pulizzotto,"P Cruciata, D Pulizzotto, C Beaudry - Technological Forecasting and Social …, 2024 - Elsevier",1,https://www.sciencedirect.com/science/article/pii/S0040162524002518,False,high,No replication signals found in title or abstract.
2091,Impact of renewables on the Peruvian electricity system,2024,JM Roldan-Fernandez,"H Fiestas-Chevez, JM Roldan-Fernandez… - Journal of Cleaner …, 2024 - Elsevier",1,https://www.sciencedirect.com/science/article/pii/S0959652624028385,False,high,No replication signals found in title or abstract.
2092,HTA77 Replicating a Partitioned Survival Model From an ICER Report Using Generative AI,2024,"T Ayer, S Samur, T Ermis","T Ayer, S Samur, E Bayraktar, T Ermis… - Value in …, 2024 - valueinhealthjournal.com",1,https://www.valueinhealthjournal.com/article/S1098-3015(24)04765-X/abstract,False,high,No replication signals found in title or abstract.
2093,Terrorism and land use in agriculture: A response to a replication attempt and additional insights on replication guidelines,2024,"A Adelaja, J George","A Adelaja, J George - Land Use Policy, 2024 - Elsevier",1,https://www.sciencedirect.com/science/article/pii/S0264837723005136,True,high,"Title contains explicit replication indicator. (t_strong=2, a_strong=0)"
2094,Penalized Bayesian Approach-Based Variable Selection for Economic Forecasting,2024,A Pacifico,"A Pacifico, D Pilone - Journal of Risk and Financial Management, 2024 - mdpi.com",1,https://www.mdpi.com/1911-8074/17/2/84,True,low,"One moderate signal; might be incidental use of ""replicate"". (a_mod=1)"
2095,"Assessing Robustness to Varying Clustering Methods and Samples in Ambuehl, Bernheim, and Lusardi (2022): Replication and Sensitivity Analysis",2024,,"CD Dao, G Fenig, G Sator, JY Yoon - 2024 - econstor.eu",0,https://www.econstor.eu/handle/10419/289580,True,high,"Title contains explicit replication indicator. (t_strong=1, a_strong=2)"
2096,"Replication of Hamel & Wilcox-Archuleta (2022):"" Black Workers in White Places: Daytime Racial Diversity and White Public Opinion""",2024,"J Gretton, E Schlüter","J Gretton, T Roemer, E Schlüter - 2024 - econstor.eu",0,https://www.econstor.eu/handle/10419/284350,True,high,"Title contains explicit replication indicator. (t_strong=2, a_strong=3)"
2097,"A Replication of Macchi (2023):"" Worth Your Weight: Experimental Evidence on the Benefits of Obesity in Low-Income Countries""",2024,A Gosselin-Pali,"M Clerc, A Gosselin-Pali, E Wendling - I4R Discussion Paper Series, 2024 - shs.hal.science",0,https://shs.hal.science/halshs-04840748/,True,high,"Title contains explicit replication indicator. (t_strong=2, a_strong=2)"
2098,"Voting Patterns, Mortality, and Health Inequalities in England: A replication and extension of Smith and Dorling (1996)",2024,"C Rahal, MC Mills, PM Clarke","C Rahal, J Knight, V L'Esperance, MC Mills, PM Clarke - medRxiv, 2024 - medrxiv.org",0,https://www.medrxiv.org/content/10.1101/2024.06.26.24309517.abstract,True,high,"Title contains explicit replication indicator. (t_strong=2, a_strong=1)"
2099,"Revisiting the Breadwinner Norm: Replicating Bertrand, Kamenica, and Pan (2015)",2024,,R Sarah - 2024 - ideas.repec.org,0,https://ideas.repec.org/p/hhs/lunewp/2024_010.html,True,high,Abstract has strong replication signal. (a_strong=1)
2100,"Carbon Taxes and CO2 Emissions: A Replication of Andersson (American Economic Journal: Economic Policy, 2019)",2024,,"Y Yu - Economics, 2024 - degruyter.com",0,https://www.degruyter.com/document/doi/10.1515/econ-2022-0109/html,True,high,"Title contains explicit replication indicator. (t_strong=2, a_strong=0)"
2101,Eliciting risk preferences in an artefactual field experiment via replication and an alternative approach,2024,,"J Jozwik - Journal of the Economic Science Association, 2024 - cambridge.org",0,https://www.cambridge.org/core/journals/journal-of-the-economic-science-association/article/eliciting-risk-preferences-in-an-artefactual-field-experiment-via-replication-and-an-alternative-approach/DAF3E26FDF14EBDFBF94047270625966,True,medium,"Multiple moderate replication signals, no negatives. (a_mod=2)"
2102,"Not All Oil Price Shocks Are Alike. A Replication of Kilian (American Economic Review, 2009)",2024,"R Ryan, N Michieka","R Ryan, N Michieka - arXiv preprint arXiv:2409.00769, 2024 - arxiv.org",0,https://arxiv.org/abs/2409.00769,True,high,"Title contains explicit replication indicator. (t_strong=2, a_strong=2)"
2103,"Why don't firms hire young workers during recessions? A replication of Forsythe (The Economic Journal, 2022)",2024,J Créchet,"J Créchet, J Cui, B Sabada, A Sawyer - 2024 - econstor.eu",0,https://www.econstor.eu/bitstream/10419/303195/1/I4R-DP163.pdf,True,high,"Title contains explicit replication indicator. (t_strong=2, a_strong=4)"
2104,"A Replication of"" The Macroeconomic Impact of Europe's Carbon Taxes"" by Metcalf and Stock (2023)",2024,G Nikolaishvili,"T Ash, G Nikolaishvili - 2024 - econstor.eu",0,https://www.econstor.eu/handle/10419/303905,True,high,"Title contains explicit replication indicator. (t_strong=2, a_strong=1)"
2105,"Replicating Schwardmann, Tripodi and van der Weele (AER 2022)",2024,"R Brunetti, Y Kpegli, S Sarangi","R Brunetti, A Cameron, Y Kpegli, J Krutaj, S Sarangi - 2024 - econstor.eu",0,https://www.econstor.eu/handle/10419/295248,True,high,"Title contains explicit replication indicator. (t_strong=1, a_strong=0)"
2106,"Need for Cognition, Cognitive Load, and Forewarning do not Moderate Anchoring Effects. A Replication Study of Epley & Gilovich (Journal of Behavioral Decision …",2024,"L Röseler, L Koßmann","L Röseler, HL Bögler, L Koßmann… - … in Economics (JCRE), 2024 - econstor.eu",0,https://www.econstor.eu/handle/10419/304381,True,high,"Title contains explicit replication indicator. (t_strong=2, a_strong=3)"
2107,"Revisiting the breadwinner norm: Replicating Bertrand, Kamenica, and Pan (2015)",2024,,S Rosenberg - 2024 - econstor.eu,0,https://www.econstor.eu/handle/10419/306774,True,high,Abstract has strong replication signal. (a_strong=1)
2108,"Market Access and Quality Upgrading: Evidence from Four Field Experiments. A Replication Study of Bold et al.(American Economic Review, 2022)",2024,"R McWay, K Nchare, P Sun","R McWay, K Nchare, P Sun - … Comments and Replications in Economics …, 2024 - econstor.eu",0,https://www.econstor.eu/handle/10419/295068,True,high,"Title contains explicit replication indicator. (t_strong=2, a_strong=2)"
2109,"A Computational Reproduction of"" Intrinsic Information Preferences and Skewness"" by Masatlioglu, Orhun and Raymond (2023)",2024,"R Gauriot, Y Liu","R Gauriot, Y Liu, J McLaughlin, JB Miller - 2024 - econstor.eu",0,https://www.econstor.eu/handle/10419/303902,False,high,No replication signals found in title or abstract.
2110,"Replication of a study from “Loss Aversion, the Endowment Effect, and Gain-Loss Framing Shape Preferences for Noninstrumental Information”(PNAS| Litovsky et al …",2024,,"K King, CD Harris - 2024 - osf.io",0,https://osf.io/efa73_v1/,True,high,"Title contains explicit replication indicator. (t_strong=2, a_strong=3)"
2111,Do Subway Openings Reduce Air Pollution? A Replication Exercise,2024,,M Wiebe - 2024 - econstor.eu,0,https://www.econstor.eu/handle/10419/295250,True,high,"Title contains explicit replication indicator. (t_strong=1, a_strong=1)"
2112,Replication of,2024,,"KB Hyndman, A Bisin - … : Self-Control by Precommitment""(May 27 …, 2024 - papers.ssrn.com",0,https://papers.ssrn.com/sol3/papers.cfm?abstract_id=4844080,True,high,"Title contains explicit replication indicator. (t_strong=2, a_strong=0)"
2113,"Replication guide for 'Corporate debt booms, financial constraints, and the investment nexus'",2024,,B Albuquerque - journaldata.zbw.eu,0,https://journaldata.zbw.eu/dataset/49e36281-2117-43c1-8e8a-6ab865918d73/resource/5bc60f7d-e433-44f5-bd7d-95a880f30d73/download/readme_a.pdf,True,high,"Title contains explicit replication indicator. (t_strong=1, a_strong=0)"
2114,"Reproduction and Robustness of Kao et al.(2024):"" Female Representation and Legitimacy"". A Report from the 2024 UC Berkeley Replication Games",2024,,"T Brailey, E Kelly, A Odermatt, A Ward - 2024 - econstor.eu",0,https://www.econstor.eu/handle/10419/302052,False,high,No replication signals found in title or abstract.
2115,A Comment on identity effects in social media-Taylor et al.(2023),2024,,"T Chand, M Weiß, J Gutzeit - I4R Discussion Paper Series No. 172, 2024 - pure.jgu.edu.in",0,https://pure.jgu.edu.in/id/eprint/8649/,True,high,Abstract has strong replication signal. (a_strong=1)
2116,Childhood poverty and its impact on financial decision making under threat: A preregistered replication of Griskevicius et al.(2011b).,2024,,"JJ Gladstone, M Lehman, M Decker - Journal of Experimental …, 2024 - psycnet.apa.org",0,https://psycnet.apa.org/record/2025-54388-001,True,high,"Title contains explicit replication indicator. (t_strong=2, a_strong=0)"
2117,"Do Producer Prices Lead Consumer Prices? A Replication, and Extension Under Data Revisions.",2024,CJM Williams,"CJM Williams - New York Economic Review, 2024 - nyseconomicsassociation.org",0,https://www.nyseconomicsassociation.org/wp-content/uploads/2024/10/NYER_F24_Final.pdf#page=21,True,high,"Title contains explicit replication indicator. (t_strong=1, a_strong=3)"
2118,"Migration, Diversity, and Economic Growth. A Replication Study of Bove and Elia (World Development, 2017)",2024,,"B Balsimelli Ghelli, L Ventura - … and Replications in Economics (JCRE), 2024 - econstor.eu",0,https://www.econstor.eu/handle/10419/295069,True,high,"Title contains explicit replication indicator. (t_strong=2, a_strong=2)"
2119,Contested Killings Replication: A Comment on Morris and Shoub (2023),2024,"J Ferrer, G Straus","J Courbe, J Ferrer, G Straus - 2024 - econstor.eu",0,https://www.econstor.eu/handle/10419/296194,True,high,Abstract has strong replication signal. (a_strong=1)
2120,"Replication Study of"" Coase and cap-and-trade""(Zaklan 2023)",2024,"A Coiffard, A Sauquet, J Subervie","A Coiffard, R Deperrois, A Sauquet, J Subervie - 2024 - econstor.eu",0,https://www.econstor.eu/handle/10419/289781,True,high,"Title contains explicit replication indicator. (t_strong=2, a_strong=2)"
2121,A Replication of Anchored Inflation Expectations,2024,"G Guljanov, A Kharazi","B Blagov, G Guljanov, A Kharazi - 2024 - econstor.eu",0,https://www.econstor.eu/handle/10419/305222,True,high,"Title contains explicit replication indicator. (t_strong=2, a_strong=2)"
2122,"Replication of changing hearts and minds? Why media messages designed to foster empathy often fail (Gubler et al., 2022)",2024,"J Prochazka, O Castek","J Prochazka, S Pandey, O Castek… - 2024 - econstor.eu",0,https://www.econstor.eu/handle/10419/286872,True,high,"Title contains explicit replication indicator. (t_strong=2, a_strong=0)"
2123,"Replication of"" Solar Eclipses and the Origins of Critical Thinking and Complexity""",2024,"M Connolly, A Munteanu","M Connolly, O Djamaldiev, A Munteanu - 2024 - econstor.eu",0,https://www.econstor.eu/handle/10419/302897,True,high,"Title contains explicit replication indicator. (t_strong=2, a_strong=0)"
2124,Replication Report: Did Unconventional Interventions Unfreeze the Credit Market?,2024,,"M Coppo, S Luo, F Vazquez - 2024 - econstor.eu",0,https://www.econstor.eu/handle/10419/307158,True,high,"Title contains explicit replication indicator. (t_strong=1, a_strong=0)"
2125,Beyond truth-telling: A replication study on school choice,2024,"T Andersson, S Reese","T Andersson, D Kessel, N Lager, E Olme, S Reese - Working Papers, 2024 - lup.lub.lu.se",0,https://lup.lub.lu.se/record/4255eb22-b3cd-4bbe-ba91-8c8a4512f78e,True,high,"Title contains explicit replication indicator. (t_strong=2, a_strong=2)"
2126,Replication Study of Cook et al (2023): The Evolution of Access to Public Accomodations in the United States,2024,LP Beland,"T Zahra, LP Beland - 2024 - econstor.eu",0,https://www.econstor.eu/handle/10419/301429,True,high,"Title contains explicit replication indicator. (t_strong=2, a_strong=4)"
2127,Historical Communist Party Strength and Modern Party Loyalty: A Response to Joan Barcélo's``The Long-Term Effects of War Exposure on Civic Engagement,2024,,"E Malesky, TA Nguyen - … Comments and Replications in Economics, 2024 - ojs.jcr-econ.org",0,https://www.ojs.jcr-econ.org/index.php/jcre/article/view/29,True,high,Abstract has multiple strong replication signals. (a_strong=2)
2128,What caused the post-pandemic inflation? Replicating Bernanke and Blanchard (2023) on French data,2024,,"P Aldama, H Le Bihan, C Le Gall - 2024 - ideas.repec.org",0,https://ideas.repec.org/p/bfr/banfra/967.html,False,high,No replication signals found in title or abstract.
2129,Inequality and Immigration Do Not Necessarily Increase Welfare Chauvinism–A Replication of Two Influential Studies,2024,,"J Geith, A Passer-Jähnel, S Rueß, L Rudolph - 2024 - files.de-1.osf.io",0,https://files.de-1.osf.io/v1/resources/nt8c4/providers/osfstorage/659ea22d1ff8790608ab16be?format=pdf&action=download&direct&version=1,True,high,"Title contains explicit replication indicator. (t_strong=2, a_strong=2)"
2130,Replication package for'Entry Barriers and Growth: The Role of Endogenous Market Structure',2024,,"H Jiang, Y Zheng, L Zhu - 2024 - qmro.qmul.ac.uk",0,https://qmro.qmul.ac.uk/xmlui/handle/123456789/94013,True,high,"Title contains explicit replication indicator. (t_strong=1, a_strong=0)"
2131,Debt aversion experiment: A replication with sophisticated participants,2024,N Hanaki,"K Yakushiji, J Duan, N Hanaki - 2024 - econstor.eu",0,https://www.econstor.eu/handle/10419/311684,True,high,"Title contains explicit replication indicator. (t_strong=1, a_strong=2)"
2132,The Impact of Demographic Factors on Financial Risk Tolerance: a replication study,2024,,"H Doan, S Yeasmin - 2024 - diva-portal.org",0,https://www.diva-portal.org/smash/record.jsf?pid=diva2:1891472,True,medium,Title strongly indicates replication despite abstract discussion of replication broadly.
2133,Contested Killings Replication: A Comment on Morris and Shoub,2024,"J Ferrer, G Straus","J Courbe, J Ferrer, G Straus - 2024 - rwi-essen.de",0,https://www.rwi-essen.de/fileadmin/user_upload/RWI/Publikationen/I4R_Discussion_Paper_Series/129_I4R_Courbe_Ferrer_Straus.pdf,False,high,No replication signals found in title or abstract.
2134,Replicating The Log of Gravity,2024,,"MV SepÃšlveda - arXiv preprint arXiv:2409.09066, 2024 - arxiv.org",0,https://arxiv.org/abs/2409.09066,True,high,"Title contains explicit replication indicator. (t_strong=1, a_strong=0)"
2135,Replication files for: Who should pay for higher education?,2024,"NL Schönhage, MR Busemeyer, G Schwerdt","NL Schönhage, MR Busemeyer, G Schwerdt - 2024 - kops.uni-konstanz.de",0,https://kops.uni-konstanz.de/entities/dataset/6ea4fbde-728e-4dd7-a987-d507ebb19203,True,high,"Title contains explicit replication indicator. (t_strong=1, a_strong=1)"
2136,"Replication Code for"" Should We Expect Merger Synergies To Be Passed Through to Consumers?""",2024,"A Sweeting, X Tao","A Sweeting, M Lecesse, X Tao - 2024 - drum.lib.umd.edu",0,https://drum.lib.umd.edu/items/1dfefeec-6c3c-445f-bd64-74f8953029ce,True,high,"Title contains explicit replication indicator. (t_strong=1, a_strong=0)"
2137,"Replication materials for"" Cooperation in Public Goods Experiments with Random and Finite Stopping Rules""",2024,RL Hicks,"LR Anderson, RL Hicks, AL Turscak III - 2024 - scholarworks.wm.edu",0,https://scholarworks.wm.edu/economics_facwork/1/,True,high,"Title contains explicit replication indicator. (t_strong=1, a_strong=0)"
2138,"… experiencing war on life satisfaction using the Life in Transition Survey. We show that the conflicting conclusions of 5 published studies can be replicated, but also that …",2024,"T Coupé, A Menclova","J Landers, T Coupé, A Menclova - 2024 - ideas.repec.org",0,https://ideas.repec.org/p/cbt/econwp/24-12.html,True,high,Abstract has strong replication signal. (a_strong=1)
2139,Stereotypes-Replication experiment,2024,,"M Hilweg, A Aman - 2024 - osf.io",0,https://osf.io/zkc2q/resources,True,medium,"Multiple moderate replication signals, no negatives. (a_mod=2)"
2140,Bank Equity as a Predictor of Economic Growth: Evidence from Vietnam,2024,,"PQ Tien - Recent Trends in Vietnam's Rapid Economic …, 2024 - Springer",0,https://link.springer.com/chapter/10.1007/978-981-97-6079-4_7,True,high,Abstract has strong replication signal. (a_strong=1)
2141,"Replication package for:"" Returns to Labor Mobility""",2024,,"I Baley, L Ljungqvist, TJ Sargent - 2024 - research.hhs.se",0,https://research.hhs.se/esploro/outputs/dataset/Replication-package-for-Returns-to-Labor/991001591795406056,True,high,"Title contains explicit replication indicator. (t_strong=1, a_strong=0)"
2142,Small et al 2013-Replication,2024,,N Strope - 2024 - osf.io,0,https://osf.io/aqnt8/resources,False,high,No replication signals found in title or abstract.
2143,The Colors of Aliens: A Replication Study on Environmental Practices of Foreign-Owned Establishments,2024,,"N Lee, F Hittmair - Academy of Management Proceedings, 2024 - journals.aom.org",0,https://journals.aom.org/doi/abs/10.5465/AMPROC.2024.19578abstract,True,high,"Title contains explicit replication indicator. (t_strong=2, a_strong=0)"
2144,Replication: Can Technology Solve the Principal-Agent Problem? Evidence from China's War on Air Pollution,2024,"C Garnache, G Gibney","C Garnache, A Ghosh, G Gibney - 2024 - econstor.eu",0,https://www.econstor.eu/handle/10419/289782,True,high,"Title contains explicit replication indicator. (t_strong=1, a_strong=0)"
2145,The Conceptual Replication of Crianza Positiva E-Messaging Program During the COVID-19 Pandemic: Too Much or Too Little Information?,2024,"A Balsa, J Bloomfield, A Cid","A Balsa, J Bloomfield, A Cid - Journal of Family and Economic Issues, 2024 - Springer",0,https://link.springer.com/article/10.1007/s10834-024-09975-7,True,high,"Title contains explicit replication indicator. (t_strong=2, a_strong=1)"
2146,Replication e reexamination of empirical research in corporate reporting and accounting,2024,,"MM Mattei, M Bonacchi - … : bilancio, controlli e comunicazione d'azienda …, 2024 - torrossa.com",0,https://www.torrossa.com/gs/resourceProxy?an=5914467&publisher=FM0520,True,high,"Title contains explicit replication indicator. (t_strong=1, a_strong=1)"
2147,Replication Data for: Economic Inequality and Public Support for Redistribution in Europe: A Cross-Sectional and Longitudinal Multilevel Analysis,2024,AW Schmidt-Catran,"V Velev, AW Schmidt-Catran - 2024 - kops.uni-konstanz.de",0,https://kops.uni-konstanz.de/entities/dataset/06754091-439a-4914-ba86-7354626180c2,True,high,"Title contains explicit replication indicator. (t_strong=1, a_strong=0)"
2148,"Seeking Forward, Looking Forward: A Replication and Generalization of the Future Orientation Index Utilizing Baidu Index",2024,"Y Xu, ZY Liang","Y Xu, Y Li, ZY Liang - Collabra: Psychology, 2024 - online.ucpress.edu",0,https://online.ucpress.edu/collabra/article/10/1/125146/203725,True,high,"Title contains explicit replication indicator. (t_strong=1, a_strong=1)"
2149,Replicating Mankiw's Textbook Dynamic Model: A Pedagogical Pathway to New Keynesian models,2024,F Lakhchen,F Lakhchen - 2024 - hal.science,0,https://hal.science/hal-04677312/,True,high,"Title contains explicit replication indicator. (t_strong=1, a_strong=3)"
2150,Replication Data for: Global Climate Change Survey,2024,"F Chopra, A Falk","P Andre, T Boneva, F Chopra, A Falk - 2024 - dataverse.iza.org",0,https://dataverse.iza.org/dataset.xhtml?persistentId=doi%3A10.15185%2Fgccs.1&version=&q=&fileAccess=&fileTag=%22Documentation%22&fileSortField=&fileSortOrder=,True,high,"Title contains explicit replication indicator. (t_strong=1, a_strong=0)"
2151,"Replication material for"" Determinants of the adoption of fungus-resistant grapevines: Evidence from Switzerland""",2024,L Zachmann,L Zachmann - 2024 - research-collection.ethz.ch,0,https://www.research-collection.ethz.ch/bitstream/handle/20.500.11850/671067/ReplicationDocument.pdf?sequence=2,True,high,"Title contains explicit replication indicator. (t_strong=1, a_strong=0)"
2152,"A Comment on"" Influence Motives in Social Signaling: Evidence from COVID-19 Vaccinations in Germany""",2024,,"J Collins, AB Denham, Z Du, D Waller - 2024 - econstor.eu",0,https://www.econstor.eu/handle/10419/301428,False,high,No replication signals found in title or abstract.
2153,Replication Data for: Counterfactual Coercion: Could Harsher Sanctions Against Russia Have Prevented the Worst?,2024,G Schneider,"T Niemeier, G Schneider - 2024 - kops.uni-konstanz.de",0,https://kops.uni-konstanz.de/entities/dataset/e37dbea4-f79b-4f3a-8042-d9b2043f8d14/full,True,high,"Title contains explicit replication indicator. (t_strong=1, a_strong=0)"
2154,Fertility Fails to Predict Voter Preference for the 2020 Election: A Pre-Registered Replication of Navarrete et al.(2010),2024,"JL Engelbrecht, JE Edlund","JL Engelbrecht, M Duell, JE Edlund - Psychological Reports, 2024 - journals.sagepub.com",0,https://journals.sagepub.com/doi/abs/10.1177/00332941241233209,True,high,"Title contains explicit replication indicator. (t_strong=2, a_strong=0)"
2155,"Do societies with freer markets really become less homicidal over time? New evidence from 131 developed and developing societies, 2000–2021",2024,T Rutar,"T Rutar - International Journal of Sociology, 2024 - Taylor & Francis",0,https://www.tandfonline.com/doi/abs/10.1080/00207659.2024.2436298,True,high,Abstract has strong replication signal. (a_strong=1)
2156,… for both risky choices and inter-temporal choices? Testing the assumptions underlying models of risky-intertemporal choice: A conceptual replication of Luckman et al …,2024,"F Fidanoski, V Dixit, A Ortmann","F Fidanoski, V Dixit, A Ortmann - 2024 - papers.ssrn.com",0,https://papers.ssrn.com/sol3/papers.cfm?abstract_id=4393036,True,high,"Title contains explicit replication indicator. (t_strong=2, a_strong=1)"
2157,Replication and Extension of Three Studies Investigating Escalation of Commitment and Regret Aversion,2024,,N Dhanda - researchgate.net,0,https://www.researchgate.net/profile/Ignazio-Ziano/publication/381671801_Replication_and_Extension_of_Three_Studies_Investigating_Escalation_of_Commitment_and_Regret_Aversion/links/667ab5ff8408575b838a665e/Replication-and-Extension-of-Three-Studies-Investigating-Escalation-of-Commitment-and-Regret-Aversion.pdf,True,high,"Title contains explicit replication indicator. (t_strong=2, a_strong=0)"
2158,Disease and development—The predicted mortality instrument revisited,2024,,"D Kreitmeir, T Überfuhr - Journal of Applied Econometrics, 2024 - Wiley Online Library",0,https://onlinelibrary.wiley.com/doi/abs/10.1002/jae.3023,True,low,"One moderate signal; might be incidental use of ""replicate"". (a_mod=1)"
2159,Replication Data: Growth Models and Voter Preferences: The Moderating Impact of Export-Led Growth on Centre-Left Voters,2024,L Baccaro,"E Neimanns, L Baccaro - 2024 - pure.mpg.de",0,https://pure.mpg.de/pubman/faces/ViewItemOverviewPage.jsp?itemId=item_3610392,True,high,"Title contains explicit replication indicator. (t_strong=1, a_strong=0)"
2160,The Motherhood Penalty in the 21st Century a Replication and Extension,2024,,A Raina - 2024 - search.proquest.com,0,https://search.proquest.com/openview/32c6c4d8b09af22cbcff6abe5d21d87e/1?pq-origsite=gscholar&cbl=18750&diss=y,True,high,"Title contains explicit replication indicator. (t_strong=2, a_strong=1)"
2161,Top-Down and Bottom-Up replication of Commodity Trading Advisors,2024,,K Li - 2024 - studenttheses.uu.nl,0,https://studenttheses.uu.nl/bitstream/handle/20.500.12932/48030/Thesis.pdf?sequence=1,True,high,"Title contains explicit replication indicator. (t_strong=1, a_strong=0)"
2162,Narrow Framing in Risk Aversion Experiments: Further Evidence from a Wide Replication,2024,HI Yoo,"A Gu, MJ Walker, HI Yoo - Available at SSRN, 2024 - papers.ssrn.com",0,https://papers.ssrn.com/sol3/papers.cfm?abstract_id=4935163,False,high,No replication signals found in title or abstract.
2163,Reframing Knowledge Capital Theory: A Critical Realist Approach Using Rosetta Stone and Harmonized Learning Outcomes Datasets-A Comparative Analysis,2024,,"DG Williams, A Coates - 2024 - researchsquare.com",0,https://www.researchsquare.com/article/rs-4893920/latest,False,high,No replication signals found in title or abstract.
2164,Replication of the Warsaw Stock Exchange's Broad Equity Market with the WIG-ESG Socially Responsible Investment Index,2024,,"J Tomaszewski - … Narodowa. The Polish Journal of Economics, 2024 - gnpje.sgh.waw.pl",0,"https://gnpje.sgh.waw.pl/Replikacja-szerokiego-rynku-akcji-Gieldy-Papierow-Wartosciowych-w-Warszawie-GPW-S,178340,0,2.html",True,high,"Title contains explicit replication indicator. (t_strong=2, a_strong=0)"
2165,Deterrence strength in TV fee enforcement: Field evidence from the Czech Republic,2024,,"K Chadimová - Journal of Behavioral and Experimental Economics, 2024 - Elsevier",0,https://www.sciencedirect.com/science/article/pii/S2214804324000831,True,low,"Weak evidence: strong signal competes with negative signal. (a_strong=2, a_neg=1)"
2166,Replication study on the dehumanization of workers in dirty jobs,2024,,"E Boulard, L ANDRIGHETTO, RR Valtorta… - 2024 - osf.io",0,https://osf.io/72gnf/resources,True,high,"Title contains explicit replication indicator. (t_strong=2, a_strong=2)"
2167,Is happiness always a personal (ity) thing? A quasi-replication and extension of previous well-being studies,2024,,"M Deppe, CKL Pahnke, C Maj, R Aldisi… - A Quasi-Replication …, 2024 - papers.ssrn.com",0,https://papers.ssrn.com/sol3/papers.cfm?abstract_id=4861903,True,high,"Title contains explicit replication indicator. (t_strong=1, a_strong=0)"
2168,"Replication Data for: How Does an Economic Shock Affect Environmental Attitudes, Preferences and Issue Importance?: Evidence from Switzerland",2024,S Gomm,"L Rudolph, S Gomm - 2024 - kops.uni-konstanz.de",0,https://kops.uni-konstanz.de/entities/dataset/0041e56a-b355-49fa-bb98-06970aef5337/full,True,high,"Title contains explicit replication indicator. (t_strong=1, a_strong=0)"
2169,"README-file for replication of the paper 'Gains From Trade: Demand, Supply, and Idiosyncratic Shocks'",2024,R Dewitte,R Dewitte - 2024 - journaldata.zbw.eu,0,https://journaldata.zbw.eu/dataset/3ee52c67-8c99-452b-8abd-83f670a98ded/resource/5db4f0c5-744c-47a1-9c8a-9b2c969e7eee/download/readme.dmr.pdf,True,high,"Title contains explicit replication indicator. (t_strong=1, a_strong=1)"
2170,"Replication material for"" Farm characteristics determine why a large share of organically produced wine is not labelled as organic""",2024,,L Zachmann - 2024 - research-collection.ethz.ch,0,https://www.research-collection.ethz.ch/bitstream/handle/20.500.11850/708037/1/ReplicationDocument.pdf,True,high,"Title contains explicit replication indicator. (t_strong=1, a_strong=0)"
2171,Replication & re-examination of empirical research in corporate reporting and accounting,2024,,"M Bonacchi, MM Mattei - Financial Reporting, 2024 - francoangeli.it",0,https://www.francoangeli.it/riviste/articolo/76902,True,high,"Title contains explicit replication indicator. (t_strong=1, a_strong=0)"
2172,Current Research in Ecological and Social Psychology,2024,,"H Imada, G Tsudaka, N Mifune… - … in Ecological and …, 2024 - pure.royalholloway.ac.uk",0,https://pure.royalholloway.ac.uk/ws/portalfiles/portal/62188431/1-s2.0-S2666622724000212-main.pdf,True,high,Abstract has strong replication signal. (a_strong=1)
2173,General Principles of Behavioral Economics in the Context of Healthcare,2024,,"A Yıldırım - Behavioral Economics in Healthcare: Understanding …, 2024 - emerald.com",0,https://www.emerald.com/insight/content/doi/10.1108/978-1-83662-080-820241002/full/html,False,high,No replication signals found in title or abstract.
2174,Factor timing in the Chinese stock market,2024,,"Y Wu - International Studies of Economics, 2024 - Wiley Online Library",0,https://onlinelibrary.wiley.com/doi/abs/10.1002/ise3.86,False,high,No replication signals found in title or abstract.
2175,Financial statements and accounting quality: theories and methods to detect earnings management,2024,,"A Mura, V Ecca - Journal of Accounting and Economics - dottorati.unica.it",0,https://dottorati.unica.it/sea/files/2024/05/Syllabus_PHD_Earnings-Management-Methods-MURA-ECCA_June-July-2024.pdf,False,high,No replication signals found in title or abstract.
2176,In Pursuit of Trend-Following Beta: The Promise and Pitfalls of Replication,2024,J Jablecki,"S Braun, C Hoffstein, J Jablecki - Available at SSRN, 2024 - papers.ssrn.com",0,https://papers.ssrn.com/sol3/papers.cfm?abstract_id=4990063,False,high,No replication signals found in title or abstract.
2177,Replication and Reinterpretation of,2024,"L Rentschler, J Meyer","L Rentschler, J Meyer, VL Smith, A Brooksby… - Available at SSRN … - papers.ssrn.com",0,https://papers.ssrn.com/sol3/papers.cfm?abstract_id=4860065,True,high,"Title contains explicit replication indicator. (t_strong=1, a_strong=0)"
2178,Revisiting the relationship between oil supply news shocks and US economic activity: Role of the zero lower bound,2024,,"N Sardar, I Qureshi - Energy Economics, 2024 - Elsevier",0,https://www.sciencedirect.com/science/article/pii/S0140988324001786,False,high,No replication signals found in title or abstract.
2179,Essays on Economics of Language and Education,2024,,F Yasmin - 2024 - file-thesis.pide.org.pk,0,https://file-thesis.pide.org.pk/pdf/phd-econometrics-2024-fouzia-yasmin--essays-on-economics-of-language-and-education.pdf,False,high,No replication signals found in title or abstract.
2180,"Factorial designs, model selection, and (incorrect) inference in randomized experiments",2025,"K Muralidharan, M Romero, K Wüthrich","K Muralidharan, M Romero, K Wüthrich - Review of Economics and …, 2025 - direct.mit.edu",164,https://direct.mit.edu/rest/article-abstract/doi/10.1162/rest_a_01317/115272,True,high,Abstract has strong replication signal. (a_strong=1)
2181,Policy experimentation in China: The political economy of policy learning,2025,"S Wang, DY Yang","S Wang, DY Yang - Journal of Political Economy, 2025 - journals.uchicago.edu",150,https://www.journals.uchicago.edu/doi/full/10.1086/734873,True,medium,"Multiple moderate replication signals, no negatives. (a_mod=2)"
2182,The economic impact of access to public four-year colleges,2025,"J Smith, J Goodman","J Smith, J Goodman, M Hurwitz - Journal of Human Resources, 2025 - jhr.uwpress.org",95,https://jhr.uwpress.org/content/wpjhr/early/2025/01/31/jhr.0324-13461R2.full-text.pdf,True,medium,"Multiple moderate replication signals, no negatives. (a_mod=2)"
2183,Job market signaling through occupational licensing,2025,"PQ Blair, BW Chung","PQ Blair, BW Chung - Review of Economics and Statistics, 2025 - direct.mit.edu",91,https://direct.mit.edu/rest/article-abstract/doi/10.1162/rest_a_01265/113779,True,medium,"Multiple moderate replication signals, no negatives. (a_mod=2)"
2184,The evolution of US retail concentration,2025,"DA Smith, S Ocampo","DA Smith, S Ocampo - American Economic Journal …, 2025 - pubs.aeaweb.org",46,https://pubs.aeaweb.org/doi/pdf/10.1257/mac.20220249,True,high,Abstract has strong replication signal. (a_strong=1)
2185,Staggered difference-in-differences in gravity settings: Revisiting the effects of trade agreements,2025,"AJ Nagengast, YV Yotov","AJ Nagengast, YV Yotov - … Economic Journal: Applied Economics, 2025 - pubs.aeaweb.org",43,https://pubs.aeaweb.org/doi/pdf/10.1257/app.20230089,False,high,No replication signals found in title or abstract.
2186,Severe weather and the macroeconomy,2025,"C Matthes, T Phan","HS Kim, C Matthes, T Phan - American Economic Journal …, 2025 - pubs.aeaweb.org",38,https://pubs.aeaweb.org/doi/abs/10.1257/mac.20220329,False,high,No replication signals found in title or abstract.
2187,AI–Human Hybrids for Marketing Research: Leveraging Large Language Models (LLMs) as Collaborators,2025,"N Arora, I Chakraborty, Y Nishimura","N Arora, I Chakraborty, Y Nishimura - Journal of Marketing, 2025 - journals.sagepub.com",35,https://journals.sagepub.com/doi/abs/10.1177/00222429241276529,False,high,No replication signals found in title or abstract.
2188,On the economic consequences of mass shootings,2025,"A Brodeur, H Yousaf","A Brodeur, H Yousaf - Review of Economics and Statistics, 2025 - direct.mit.edu",28,https://direct.mit.edu/rest/article-abstract/107/1/109/113173,True,low,"One moderate signal; might be incidental use of ""replicate"". (a_mod=1)"
2189,A Machine Learning Approach to Analyze and Support Anticorruption Policy,2025,"E Ash, S Galletta, T Giommoni","E Ash, S Galletta, T Giommoni - … Economic Journal: Economic …, 2025 - pubs.aeaweb.org",25,https://pubs.aeaweb.org/doi/abs/10.1257/pol.20210618,False,high,No replication signals found in title or abstract.
2190,Minimum wages and poverty: new evidence from dynamic difference-in-differences estimates,2025,"RV Burkhauser, D McNichols, JJ Sabia","RV Burkhauser, D McNichols, JJ Sabia - Review of Economics and …, 2025 - direct.mit.edu",24,https://direct.mit.edu/rest/article-abstract/doi/10.1162/rest_a_01590/128891,False,high,No replication signals found in title or abstract.
2191,Measuring group cohesion to reveal the power of social relationships in team production,2025,"S Gächter, C Starmer, F Tufano","S Gächter, C Starmer, F Tufano - Review of Economics and Statistics, 2025 - direct.mit.edu",22,https://direct.mit.edu/rest/article-abstract/doi/10.1162/rest_a_01283/114758,True,high,Abstract has multiple strong replication signals. (a_strong=2)
2192,Peers affect personality development,2025,"X Shan, U Zölitz","X Shan, U Zölitz - Review of Economics and Statistics, 2025 - direct.mit.edu",16,https://direct.mit.edu/rest/article/doi/10.1162/rest_a_01557/127733,False,high,No replication signals found in title or abstract.
2193,The causes and consequences of refugee flows: A contemporary reanalysis,2025,"A Shaver, B Krick","A Shaver, B Krick, J Blancaflor, X Liu… - American Political …, 2025 - cambridge.org",15,https://www.cambridge.org/core/journals/american-political-science-review/article/causes-and-consequences-of-refugee-flows-a-contemporary-reanalysis/F2EFBF81FCD030F4CD8DC9F82B5ED444,True,medium,"Multiple moderate replication signals, no negatives. (a_mod=2)"
2194,Standardized Test Scores and Academic Performance at Ivy Plus Colleges,2025,"JN Friedman, B Sacerdote, DO Staiger","JN Friedman, B Sacerdote, DO Staiger… - AEA Papers and …, 2025 - aeaweb.org",14,https://www.aeaweb.org/articles?id=10.1257/pandp.20251056,False,high,No replication signals found in title or abstract.
2195,"Economic development, corruption, and income inequality: The role of the informal sector",2025,MYH Wong,"MYH Wong - Politics, 2025 - journals.sagepub.com",13,https://journals.sagepub.com/doi/abs/10.1177/02633957221148951,False,medium,"Replication language appears incidental (method step, table/figure reproduction, own results)."
2196,Banking networks and economic growth: From idiosyncratic shocks to aggregate fluctuations,2025,"S Kundu, N Vats","S Kundu, N Vats - 2025 - papers.ssrn.com",12,https://papers.ssrn.com/sol3/papers.cfm?abstract_id=5127708,False,high,No replication signals found in title or abstract.
2197,"Spillover, Efficiency, and Equity Effects of Regional Firm Subsidies",2025,"S Siegloch, N Wehrhöfer","S Siegloch, N Wehrhöfer, T Etzel - … Economic Journal: Economic Policy, 2025 - aeaweb.org",12,https://www.aeaweb.org/articles?id=10.1257/pol.20220667,False,high,No replication signals found in title or abstract.
2198,Governing personal data and trade in digital services,2025,MF Ferracane,"MF Ferracane, E van Der Marel - … of international economics, 2025 - Wiley Online Library",9,https://onlinelibrary.wiley.com/doi/abs/10.1111/roie.12735,True,medium,"Multiple moderate replication signals, no negatives. (a_mod=2)"
2199,Measuring patriarchy in Italy,2025,"E Aloè, M Corsi, G Zacchia","E Aloè, M Corsi, G Zacchia - Review of Political Economy, 2025 - Taylor & Francis",9,https://www.tandfonline.com/doi/abs/10.1080/09538259.2024.2360503,True,low,"One moderate signal; might be incidental use of ""replicate"". (a_mod=1)"
2200,Examining the replicability of online experiments selected by a decision market,2025,"F Holzmeister, M Johannesson, CF Camerer","F Holzmeister, M Johannesson, CF Camerer… - Nature Human …, 2025 - nature.com",8,https://www.nature.com/articles/s41562-024-02062-9,True,low,"Weak evidence: strong signal competes with negative signal. (a_strong=2, a_neg=1)"
2201,The Elephant in the Room: p-hacking and Accounting Research,2025,ID Gow,"ID Gow - Accounting, Economics, and Law: A Convivium, 2025 - degruyterbrill.com",8,https://www.degruyterbrill.com/document/doi/10.1515/ael-2022-0111/html,True,high,Abstract has strong replication signal. (a_strong=1)
2202,How did the Covid-19 pandemic affect restaurant tipping?,2025,M Lynn,"M Lynn - Journal of Foodservice Business Research, 2025 - Taylor & Francis",7,https://www.tandfonline.com/doi/abs/10.1080/15378020.2023.2231839,False,high,No replication signals found in title or abstract.
2203,Biological control of a parasite: The efficacy of cleaner fish in salmon farming,2025,"RBM Pincinato, A Oglend, MD Smith, F Asche","RBM Pincinato, A Oglend, MD Smith, F Asche - Ecological Economics, 2025 - Elsevier",7,https://www.sciencedirect.com/science/article/pii/S0921800924002568,False,high,No replication signals found in title or abstract.
2204,Endogeneity and the economic consequences of tax avoidance,2025,"SD Dyreng, RW Hills, CM Lewellen","SD Dyreng, RW Hills, CM Lewellen… - Contemporary …, 2025 - Wiley Online Library",6,https://onlinelibrary.wiley.com/doi/abs/10.1111/1911-3846.13017,True,high,Abstract has multiple strong replication signals. (a_strong=2)
2205,The cybernetic teammate: a field experiment on generative AI reshaping teamwork and expertise,2025,"F Dell'Acqua, C Ayoubi, R Sadun, E Mollick","F Dell'Acqua, C Ayoubi, H Lifshitz, R Sadun, E Mollick… - 2025 - nber.org",5,https://www.nber.org/papers/w33641,True,high,Abstract has strong replication signal. (a_strong=1)
2206,Reconsidering the macroeconomic damage of severe warming,2025,"T Neal, A Pitman","T Neal, BR Newell, A Pitman - Environmental Research Letters, 2025 - iopscience.iop.org",5,https://iopscience.iop.org/article/10.1088/1748-9326/adbd58/meta,False,high,No replication signals found in title or abstract.
2207,"Financial literacy, numeracy, and schooling: evidence from developed countries",2025,,"S Lamboglia, M Stacchini - Italian Economic Journal, 2025 - Springer",4,https://link.springer.com/article/10.1007/s40797-025-00314-9,True,high,Abstract has multiple strong replication signals. (a_strong=2)
2208,The entrepreneurial ecosystem clock keeps on ticking–A replication and extension of Coad and Srhoj (2023),2025,"J Leendertse, E Stam, F van Rijnsoever","J van Dijk, J Leendertse, E Stam, F van Rijnsoever - Research Policy, 2025 - Elsevier",4,https://www.sciencedirect.com/science/article/pii/S0048733324002038,True,high,"Title contains explicit replication indicator. (t_strong=2, a_strong=2)"
2209,Does household welfare change with finance access? The case of women and the youth in The Gambia,2025,"LP Manja, IA Badjie","LP Manja, IA Badjie - Review of Development Economics, 2025 - Wiley Online Library",4,https://onlinelibrary.wiley.com/doi/abs/10.1111/rode.13053,False,high,No replication signals found in title or abstract.
2210,The influence of politicians' sex on political budget cycles: An empirical analysis of Spanish municipalities,2025,"I García, B Hayo","I García, B Hayo - Economics & Politics, 2025 - Wiley Online Library",4,https://onlinelibrary.wiley.com/doi/abs/10.1111/ecpo.12318,False,high,No replication signals found in title or abstract.
2211,External coercion and public support: The case of the US–China trade war,2025,,"J Yue - Journal of peace research, 2025 - journals.sagepub.com",4,https://journals.sagepub.com/doi/abs/10.1177/00223433231221437,True,medium,"Multiple moderate replication signals, no negatives. (a_mod=2)"
2212,Euro area inflation differentials: the role of fiscal policies revisited,2025,C Checherita-Westphal,"C Checherita-Westphal, N Leiner-Killinger… - … Economics, 2025 - Springer",4,https://link.springer.com/article/10.1007/s00181-024-02652-6,True,high,Abstract has strong replication signal. (a_strong=1)
2213,The pragmatic American revisited: A direct replication of Pickett and Baker (2014),2025,"AM Jones, SP Roche","AM Jones, SP Roche - International Journal of Offender …, 2025 - journals.sagepub.com",3,https://journals.sagepub.com/doi/abs/10.1177/0306624X221133007,True,high,"Title contains explicit replication indicator. (t_strong=2, a_strong=2)"
2214,A closer look at Doleac and Mukherjee (2022) and the effects of naloxone access laws on opioid ER admissions,2025,S Alexeev,"S Alexeev - Economic Inquiry, 2025 - Wiley Online Library",3,https://onlinelibrary.wiley.com/doi/abs/10.1111/ecin.13277,False,high,No replication signals found in title or abstract.
2215,"A Comment on"" Raising Health Awareness in Rural Communities: A Randomized Experiment in Bangladesh and India"" by Siddique et al.(2024)",2025,"A Kjelsrud, A Kotsadam, O Rogeberg, A Brodeur","A Kjelsrud, A Kotsadam, O Rogeberg, A Brodeur - 2025 - econstor.eu",3,https://www.econstor.eu/handle/10419/312259,False,high,No replication signals found in title or abstract.
2216,Buy baits and consumer sophistication: Field evidence from instant rebates,2025,M Rodemeier,"M Rodemeier - American Economic Journal: Economic Policy, 2025 - aeaweb.org",3,https://www.aeaweb.org/articles?id=10.1257/pol.20230358,False,high,No replication signals found in title or abstract.
2217,Increasing organ donor registration as a means to increase transplantation: an experiment with actual organ donor registrations,2025,"JB Kessler, AE Roth","JB Kessler, AE Roth - American Economic Journal: Economic …, 2025 - pubs.aeaweb.org",3,https://pubs.aeaweb.org/doi/pdf/10.1257/pol.20220760,True,medium,"Multiple moderate replication signals, no negatives. (a_mod=2)"
2218,A cross‐cultural replication of “citizens' blame of politicians for public service failure: Experimental evidence about blame reduction through delegation and contracting …,2025,"RM Walker, O James, MJ Moon","RM Walker, O James, MJ Moon… - Public Administration …, 2025 - Wiley Online Library",3,https://onlinelibrary.wiley.com/doi/abs/10.1111/puar.13845,True,high,"Title contains explicit replication indicator. (t_strong=1, a_strong=2)"
2219,xtpb: The pooled Bewley estimator of long-run relationships in dynamic heterogeneous panels,2025,"A Chudik, B Strackman","P Asnani, A Chudik, B Strackman - The Stata Journal, 2025 - journals.sagepub.com",3,https://journals.sagepub.com/doi/abs/10.1177/1536867X251322965,True,medium,"Multiple moderate replication signals, no negatives. (a_mod=2)"
2220,Are Big Cities Important for Economic Growth?,2025,M Turner,"M Turner, DN Weil - 2025 - nber.org",3,https://www.nber.org/papers/w33334,False,high,No replication signals found in title or abstract.
2221,"Shadow education, intra-household financial resource allocation, and educational achievements",2025,,"T Majilla - Journal of Economic Behavior & Organization, 2025 - Elsevier",3,https://www.sciencedirect.com/science/article/pii/S0167268125001131,True,medium,"Multiple moderate replication signals, no negatives. (a_mod=3)"
2222,New IPECAD open-source model framework for the health technology assessment of early Alzheimer's disease treatment: development and use cases,2025,"R Handels, S Grimm","R Handels, WL Herring, S Grimm, A Sköldunger… - Value in Health, 2025 - Elsevier",3,https://www.sciencedirect.com/science/article/pii/S1098301524027906,False,high,No replication signals found in title or abstract.
2223,Does social desirability of entrepreneurship matter for early-stage entrepreneurs' internationalization? The moderating role of economic freedom,2025,"JL Capelleras, V Martin-Sanchez","JL Capelleras, V Martin-Sanchez… - BRQ Business …, 2025 - journals.sagepub.com",3,https://journals.sagepub.com/doi/abs/10.1177/23409444221144462,False,medium,"Replication language appears incidental (method step, table/figure reproduction, own results)."
2224,Re-Adjusted Financial Statement Data: Challenges in Replicating Research,2025,"MR Lyle, F Siano, TL Yohn","MR Lyle, F Siano, TL Yohn - Available at SSRN 5107985, 2025 - papers.ssrn.com",3,https://papers.ssrn.com/sol3/papers.cfm?abstract_id=5107985,False,high,No replication signals found in title or abstract.
2225,Do countries default in bad times? The role of alternative detrending techniques,2025,,"U Panizza - Economics Letters, 2025 - Elsevier",3,https://www.sciencedirect.com/science/article/pii/S0165176524005603,False,high,No replication signals found in title or abstract.
2226,Revisiting representativeness heuristic classic paradigms: Replication and extensions of nine experiments in Kahneman and Tversky (1972),2025,"L Mayiwar, E Løhre","L Mayiwar, KH Wan, E Løhre… - Quarterly Journal of …, 2025 - journals.sagepub.com",2,https://journals.sagepub.com/doi/abs/10.1177/17470218241255916,True,high,"Title contains explicit replication indicator. (t_strong=1, a_strong=1)"
2227,Judge AI: Assessing Large Language Models in Judicial Decision-Making,2025,EA Posner,"EA Posner, S Saran - … Coase-Sandor Institute for Law & Economics …, 2025 - papers.ssrn.com",2,https://papers.ssrn.com/sol3/papers.cfm?abstract_id=5098708,False,high,No replication signals found in title or abstract.
2228,Dynare replication of “a model of secular stagnation: Theory and quantitative evaluation” by eggertsson et al.(2019),2025,"A Crescentini, F Giri","A Crescentini, F Giri - Economic Inquiry, 2025 - Wiley Online Library",2,https://onlinelibrary.wiley.com/doi/abs/10.1111/ecin.13185,True,high,"Title contains explicit replication indicator. (t_strong=1, a_strong=0)"
2229,"Does economic policy uncertainty differ from other uncertainty measures? Replication of Baker, Bloom, and Davis (2016)",2025,M Shim,"S Bae, S Jo, M Shim - Canadian Journal of Economics/Revue …, 2025 - Wiley Online Library",2,https://onlinelibrary.wiley.com/doi/abs/10.1111/caje.12757,True,high,"Title contains explicit replication indicator. (t_strong=1, a_strong=0)"
2230,Language and economic behaviour: future tense use causes less not more temporal discounting,2025,"C Robertson, SG Roberts, A Majid, RIM Dunbar","C Robertson, SG Roberts, A Majid, RIM Dunbar - PLoS One, 2025 - journals.plos.org",2,https://journals.plos.org/plosone/article?id=10.1371/journal.pone.0317422,False,high,No replication signals found in title or abstract.
2231,Environmental degradation and economic growth in West Africa: A fixed-effects panel analysis of the WAMZ Region,2025,"A Maduka, C Oguanobi","N Akunna, A Maduka, C Oguanobi… - Journal of Policy and …, 2025 - ajol.info",2,https://www.ajol.info/index.php/jpds/article/view/293915/276612,False,high,No replication signals found in title or abstract.
2232,Does ad hoc language training improve the economic integration of refugees? Evidence from Germany's response to the Syrian refugee crisis,2025,"M Marbach, E Vallizadeh, N Harder","M Marbach, E Vallizadeh, N Harder… - Journal of the Royal …, 2025 - academic.oup.com",2,https://academic.oup.com/jrsssa/advance-article-abstract/doi/10.1093/jrsssa/qnae106/7945226,True,medium,"Multiple moderate replication signals, no negatives. (a_mod=2)"
2233,Passing as White: Racial Identity and Old-Age Longevity,2025,"H Noghanibehambari, J Fletcher","H Noghanibehambari, J Fletcher - 2025 - nber.org",2,https://www.nber.org/papers/w33394,False,high,No replication signals found in title or abstract.
2234,No revenge of the places that don't matter? Evidence from Italy's Cassa per il Mezzogiorno,2025,T Buscemi,"T Buscemi - Cliometrica, 2025 - Springer",2,https://link.springer.com/article/10.1007/s11698-025-00310-0,False,high,No replication signals found in title or abstract.
2235,Restrictive fertility policy and elderly suicides: evidence from China,2025,U Sunde,"M Li, U Sunde - Journal of Demographic Economics, 2025 - cambridge.org",2,https://www.cambridge.org/core/journals/journal-of-demographic-economics/article/restrictive-fertility-policy-and-elderly-suicides-evidence-from-china/1E5CF5898F359ADF362B10ED9C4182C6,False,high,No replication signals found in title or abstract.
2236,The conflict-of-interest discount in the marketplace of ideas,2025,"JM Barrios, F Lancieri, J Levy, S Singh, T Valletti","JM Barrios, F Lancieri, J Levy, S Singh, T Valletti… - 2025 - nber.org",2,https://www.nber.org/papers/w33645,True,low,"One moderate signal; might be incidental use of ""replicate"". (a_mod=1)"
2237,The Model T,2025,"S Eli, JK Hausman, PW Rhode","S Eli, JK Hausman, PW Rhode - The Journal of Economic History, 2025 - cambridge.org",2,https://www.cambridge.org/core/journals/journal-of-economic-history/article/model-t/A783993184F1741EDC6F6A76B9D6D98D,True,high,Abstract has strong replication signal. (a_strong=1)
2238,Attitudes towards immigration and unemployment risk cleavages: Untangling the economically rooted group conflict framework,2025,EN Kayran,"EN Kayran - Migration Studies, 2025 - academic.oup.com",2,https://academic.oup.com/migration/advance-article/doi/10.1093/migration/mnae003/7617496,True,medium,"Multiple moderate replication signals, no negatives. (a_mod=3)"
2239,International financial openness and manufacturing productivity: A services trade perspective,2025,"M Fiorini, BM HOEKMAN","M Fiorini, BM HOEKMAN, D Quinn - 2025 - cadmus.eui.eu",2,https://cadmus.eui.eu/handle/1814/77846,True,medium,"Multiple moderate replication signals, no negatives. (a_mod=2)"
2240,Multi‐country perspectives on best practices and barriers to preference elicitation lab‐in‐the‐field experiments with farmers,2025,"MC Baaken, L Kuhfuss, D Bougherara","MC Baaken, L Kuhfuss, D Bougherara… - Applied Economic …, 2025 - Wiley Online Library",2,https://onlinelibrary.wiley.com/doi/abs/10.1002/aepp.13488,True,high,Abstract has strong replication signal. (a_strong=1)
2241,Producerist populist attitudes and electoral support for populism in the USA and Western Europe,2025,O Mazzoleni,"G Ivaldi, O Mazzoleni - Socio-Economic Review, 2025 - academic.oup.com",2,https://academic.oup.com/ser/article-abstract/23/1/25/7695376,True,low,"One moderate signal; might be incidental use of ""replicate"". (a_mod=1)"
2242,Imitation or learning: Exploring the drivers of Special Economic Zones,2025,"R Arbolino, S Capasso","R Arbolino, R Boffardi, M Bonasia, S Capasso… - … Change and Economic …, 2025 - Elsevier",2,https://www.sciencedirect.com/science/article/pii/S0954349X24001607,False,high,No replication signals found in title or abstract.
2243,How not to fool ourselves about heterogeneity of treatment effects,2025,"PT von Hippel, BA Schuetze","PT von Hippel, BA Schuetze - Advances in Methods and …, 2025 - journals.sagepub.com",2,https://journals.sagepub.com/doi/abs/10.1177/25152459241304347,False,high,"Abstract discusses replication as topic/concept, not as paper's primary action. (a_neg=1)"
2244,Finance and green growth: A comment on De Haas and Popov (2023),2025,"A Listo, S Saberian, V Thivierge","A Listo, S Saberian, V Thivierge - The Economic Journal, 2025 - academic.oup.com",2,https://academic.oup.com/ej/advance-article-abstract/doi/10.1093/ej/ueae108/7978278,False,high,No replication signals found in title or abstract.
2245,"Experiments: Why, How, and A Users Guide for Producers as well as Consumers",2025,M Niederle,M Niederle - 2025 - nber.org,2,https://www.nber.org/papers/w33630,False,high,No replication signals found in title or abstract.
2246,The Political Consequences of Resource Scarcity: Targeted Spending in a Water-Stressed Democracy. A Replication Study of Mahadevan and Shenoy,2025,R McWay,"R McWay, M Braaksma - 2025 - econstor.eu",1,https://www.econstor.eu/handle/10419/318265,True,high,"Title contains explicit replication indicator. (t_strong=2, a_strong=4)"
2247,Choice Bracketing revisited: Replication and extensions Registered Report of seven experiments reviewed in Read et al. (1999),2025,G Feldman,"CL Wong, G Feldman - Royal Society Open Science, 2025 - royalsocietypublishing.org",1,https://royalsocietypublishing.org/doi/abs/10.1098/rsos.240687,True,high,"Title contains explicit replication indicator. (t_strong=1, a_strong=1)"
2248,"Replicating Davidsson and Honig (2003): Updates on Human Capital, Social Capital, and Replications in Entrepreneurship",2025,"V Skorodziyevskiy, GC Crawford","V Skorodziyevskiy, GC Crawford… - … Theory and Practice, 2025 - journals.sagepub.com",1,https://journals.sagepub.com/doi/abs/10.1177/10422587251322409,True,high,"Title contains explicit replication indicator. (t_strong=1, a_strong=0)"
2249,Task Difficulty and Gender Differences in Competitiveness: Evidence From Botswana,2025,"M Drouvelis, G Pearce","M Drouvelis, G Pearce - Oxford Bulletin of Economics and …, 2025 - Wiley Online Library",1,https://onlinelibrary.wiley.com/doi/abs/10.1111/obes.12656,False,high,No replication signals found in title or abstract.
2250,The Slave Trade and the Origins of Mistrust in Africa: Comment,2025,G Zanella,"G Zanella - Journal of Comments and Replications in Economics, 2025 - ojs.jcr-econ.org",1,https://www.ojs.jcr-econ.org/index.php/jcre/article/view/33,False,high,No replication signals found in title or abstract.
2251,From Synthetic Marx to Synthetic Kafka: A Rejoinder to Magness and Makovi,2025,,"J Francis - Econ Journal Watch, 2025 - econjwatch.org",1,https://econjwatch.org/File+download/1338/FrancisMar2025.pdf,True,medium,"Multiple moderate replication signals, no negatives. (a_mod=2)"
2252,Does economic policy matter? A note on the narrative approach and exact inference,2025,M Carlsson,"M Carlsson - Economics Letters, 2025 - Elsevier",1,https://www.sciencedirect.com/science/article/pii/S016517652500151X,True,high,Abstract has strong replication signal. (a_strong=1)
2253,Estimating a firm-year measure of conditional conservatism for non-US firms: evidence from Japan,2025,,"T Yamashita, K Fujiyama - … Journal of Accounting & Economics, 2025 - Taylor & Francis",1,https://www.tandfonline.com/doi/abs/10.1080/16081625.2024.2443850,True,high,Abstract has strong replication signal. (a_strong=1)
2254,Replicating and extending 'Voluntary vs mandatory: the role of auditing in constraining corporate tax avoidance in small private firms',2025,"F Hartwig, AM Huq, N Rudholm","F Hartwig, AM Huq, N Rudholm - 2025 - diva-portal.org",1,https://www.diva-portal.org/smash/record.jsf?pid=diva2:1952175,True,high,"Title contains explicit replication indicator. (t_strong=1, a_strong=1)"
2255,Revisiting the Dunning-Kruger Effect: Composite Measures and Heterogeneity by Gender,2025,"A Adamecz, N Shure","A Adamecz, R Ilieva, N Shure - 2025 - docs.iza.org",1,https://docs.iza.org/dp17687.pdf,True,high,Abstract has multiple strong replication signals. (a_strong=2)
2256,Agentizing a general equilibrium model of environmental tax reform,2025,"F Klein, J Foramitti, T Konc","F Klein, J Bergh, J Foramitti, T Konc - … and Resource Economics, 2025 - Springer",1,https://link.springer.com/article/10.1007/s10640-024-00937-z,True,high,Abstract has strong replication signal. (a_strong=1)
2257,Friends as tools: Exploring the role of dispositional greed in social relationships,2025,M Zeelenberg,"K Hoyer, M Zeelenberg… - Social Psychological …, 2025 - journals.sagepub.com",1,https://journals.sagepub.com/doi/abs/10.1177/19485506251324692,False,high,No replication signals found in title or abstract.
2258,Measuring Economic Preferences with Surveys and Behavioral Experiments,2025,"Z Sharafi, N Zou","M Kosfeld, Z Sharafi, M Sontag González, N Zou - 2025 - papers.ssrn.com",1,https://papers.ssrn.com/sol3/papers.cfm?abstract_id=5114896,False,high,No replication signals found in title or abstract.
2259,Corporate resiliency and the choice between financial and operational hedging,2025,"VV Acharya, H Almeida, Y Amihud, P Liu","VV Acharya, H Almeida, Y Amihud, P Liu - 2025 - nber.org",1,https://www.nber.org/papers/w33340,True,medium,"Multiple moderate replication signals, no negatives. (a_mod=3)"
2260,Effects of confidential access to oral contraception in late adolescence on work and earnings,2025,R Cragun,"R Cragun - Journal of Labor Economics, 2025 - journals.uchicago.edu",1,https://www.journals.uchicago.edu/doi/full/10.1086/726383,False,high,No replication signals found in title or abstract.
2261,The Economic Costs of Temperature Uncertainty,2025,"L Bettarelli, D Furceri, M Ganslmeier","L Bettarelli, D Furceri, M Ganslmeier, M Schiffbauer - 2025 - imf.org",1,https://www.imf.org/-/media/Files/Publications/WP/2025/English/wpiea2025026-print-pdf.ashx,True,low,"One moderate signal; might be incidental use of ""replicate"". (a_mod=1)"
2262,Simulating Strategic Reasoning: Comparing the Ability of Single LLMs and Multi-Agent Systems to Replicate Human Behavior,2025,"K Sreedhar, L Chilton","K Sreedhar, L Chilton - 2025 - scholarspace.manoa.hawaii.edu",1,https://scholarspace.manoa.hawaii.edu/items/a517b512-3053-4c3e-a7af-5ff8278f7701,True,high,Abstract has strong replication signal. (a_strong=1)
2263,Loss aversion is not robust: A re-meta-analysis,2025,"E Yechiam, D Zeif","E Yechiam, D Zeif - Journal of Economic Psychology, 2025 - Elsevier",1,https://www.sciencedirect.com/science/article/pii/S0167487025000133,False,high,No replication signals found in title or abstract.
2264,"Economic uncertainty, monetary policy, and global commodity price dynamics: the role of “China factors”",2025,P Chen,"P Chen, J Wu, B Nie - Applied Economics, 2025 - Taylor & Francis",1,https://www.tandfonline.com/doi/abs/10.1080/00036846.2025.2453764,True,low,"One moderate signal; might be incidental use of ""replicate"". (a_mod=1)"
2265,"Why Anxious People Lean to the Left on Economic Policy: Personality, Social Exclusion, and Redistribution",2025,"AR Panish, AW Delton","AR Panish, AW Delton - British Journal of Political Science, 2025 - cambridge.org",1,https://www.cambridge.org/core/journals/british-journal-of-political-science/article/why-anxious-people-lean-to-the-left-on-economic-policy-personality-social-exclusion-and-redistribution/37261F4F36E46FFCD705406028C495D2,True,low,"One moderate signal; might be incidental use of ""replicate"". (a_mod=1)"
2266,The sources of researcher variation in economics,2025,"N Huntington-Klein, CC Portner","N Huntington-Klein, CC Portner, I McCarthy - 2025 - nber.org",1,https://www.nber.org/papers/w33729,False,high,No replication signals found in title or abstract.
2267,Share the wealth: Neurophysiological and motivational mechanisms related to racial discrimination in economic decision making,2025,"HI Volpert-Esmond, JR Bray, MP Levsen","HI Volpert-Esmond, JR Bray, MP Levsen… - Journal of experimental …, 2025 - Elsevier",1,https://www.sciencedirect.com/science/article/pii/S0022103124000969,False,high,No replication signals found in title or abstract.
2268,Development and Validation of the Social Discounting Task: Short Form,2025,"P Amormino, AA Marsh","P Amormino, AE Graue, AA Marsh… - Social Psychological …, 2025 - journals.sagepub.com",1,https://journals.sagepub.com/doi/abs/10.1177/19485506251328706,False,high,No replication signals found in title or abstract.
2269,Replication of Reference-Dependent Preferences and the Risk-Return Trade-Off in the Chinese Market,2025,,"P Xu - arXiv preprint arXiv:2505.20608, 2025 - arxiv.org",0,https://arxiv.org/abs/2505.20608,True,high,"Title contains explicit replication indicator. (t_strong=2, a_strong=3)"
2270,Unveiling Plant-Product Productivity via First-Order Conditions: Robust Replication of Orr (2022),2025,D Luparello,"J Hong, D Luparello - arXiv preprint arXiv:2501.19354, 2025 - arxiv.org",0,https://arxiv.org/abs/2501.19354,True,high,"Title contains explicit replication indicator. (t_strong=1, a_strong=0)"
2271,Materiality in the CSR-investor reaction realtionship: A replication and extension of Flammer (2013),2025,"M Melancon, BW Lewis","SD Kofford, M Melancon, BW Lewis - 2025 - scholarsarchive.byu.edu",0,https://scholarsarchive.byu.edu/facpub/7479/,True,high,"Title contains explicit replication indicator. (t_strong=2, a_strong=3)"
2272,Electoral Cycles in Macroprudential Regulation-A Replication of Müller (2023),2025,"A Gáspár, T Wochner","A Gáspár, A Sandström, T Watson, T Wochner - 2025 - econstor.eu",0,https://www.econstor.eu/handle/10419/311309,True,high,"Title contains explicit replication indicator. (t_strong=2, a_strong=3)"
2273,Are Princelings Truly Busted? Evaluating Transaction Discounts in China's Land Market,2025,,"J Manso - arXiv preprint arXiv:2502.07692, 2025 - arxiv.org",0,https://arxiv.org/abs/2502.07692,True,high,Abstract has multiple strong replication signals. (a_strong=2)
2274,"Historical Housing Discrimination, Redlining, and the Contemporary Distribution of Local Economic Development Funding: The Case of Chicago",2025,DJ Schwegman,"DJ Schwegman - Economic Development Quarterly, 2025 - journals.sagepub.com",0,https://journals.sagepub.com/doi/abs/10.1177/08912424241309321,True,medium,"Multiple moderate replication signals, no negatives. (a_mod=3)"
2275,Mitigating technology gaps' contribution to international income inequality,2025,"F Mariuzzo, D Angenendt","F Mariuzzo, J Zhang, D Angenendt - Economic Inquiry, 2025 - research-portal.uea.ac.uk",0,https://research-portal.uea.ac.uk/en/publications/mitigating-technology-gaps-contribution-to-international-income-i,True,high,Abstract has multiple strong replication signals. (a_strong=3)
2276,Does competition from informal firms impact new product development? Systematic replication and extension of McCann and Bahl (2017),2025,"A Skiadopoulou, S Mortal","A Skiadopoulou, S Mortal… - Journal of Management …, 2025 - journals.sagepub.com",0,https://journals.sagepub.com/doi/abs/10.1177/27550311251323281,True,high,"Title contains explicit replication indicator. (t_strong=1, a_strong=0)"
2277,Individual Differences and the Repayment of High-and Low-Consequences Debt: Replication and Extension,2025,Y Ganzach,"Y Ganzach, A Pazy - Behavioral Finance: Beyond the Basics, 2025 - World Scientific",0,https://www.worldscientific.com/doi/abs/10.1142/9789811290633_0009,True,high,"Title contains explicit replication indicator. (t_strong=2, a_strong=0)"
2278,Belief Shocks and Implications of Expectations About Growth‐at‐Risk,2025,"M Boeck, M Pfarrhofer","M Boeck, M Pfarrhofer - Journal of Applied Econometrics, 2025 - Wiley Online Library",0,https://onlinelibrary.wiley.com/doi/abs/10.1002/jae.3117,True,high,Abstract has strong replication signal. (a_strong=1)
2279,"Code and data files for"" Does the Added Worker Effect Matter?""",2025,,"N Guner, Y Kulikova, A Valladares-Esteban - 2025 - econpapers.repec.org",0,https://econpapers.repec.org/software/redccodes/21-89.htm,True,high,Abstract has strong replication signal. (a_strong=1)
2280,Materiality in the CSR-investor reaction relationship: A replication and extension of Flammer (2013),2025,BW Lewis,"BW Lewis, M Melancon - 2025 - papers.ssrn.com",0,https://papers.ssrn.com/sol3/papers.cfm?abstract_id=5153660,True,high,"Title contains explicit replication indicator. (t_strong=2, a_strong=1)"
2281,School Start Time Changes and their Impact on Sleep and Grade Point Average: A Replication and 6-Year Follow-up Study,2025,,"J Caesar, R Lamm, MC Rodriguez - 2025 - conservancy.umn.edu",0,https://conservancy.umn.edu/bitstreams/6a4bbd91-eb86-4ba2-9c6d-3c8ac343045e/download,True,high,"Title contains explicit replication indicator. (t_strong=1, a_strong=2)"
2282,Changes in Nutrient Intake at Retirement,2025,"M Stephens Jr, D Toohey","M Stephens Jr, D Toohey - … Economic Journal: Applied Economics, 2025 - pubs.aeaweb.org",0,https://pubs.aeaweb.org/doi/pdf/10.1257/app.20180378,True,high,Abstract has strong replication signal. (a_strong=1)
2283,Does short-term momentum really exist in China? Evidence from “Siamese twin” stocks,2025,,"Z Lin, J Yang, H Zhu - Applied Economics Letters, 2025 - Taylor & Francis",0,https://www.tandfonline.com/doi/abs/10.1080/13504851.2025.2463623,True,low,"One moderate signal; might be incidental use of ""replicate"". (a_mod=1)"
2284,"Personality, political party identification, and partisan news consumption: A replication and extension in the context of the COVID-19 pandemic",2025,JW Neal,"Z Dunnum, JW Neal - Journal of Research in Personality, 2025 - Elsevier",0,https://www.sciencedirect.com/science/article/pii/S0092656625000182,True,high,"Title contains explicit replication indicator. (t_strong=2, a_strong=0)"
2285,"State Film Incentive Effectiveness: Analyzing Television and Film Production Response to Standard Incentives, Economic Conditions, and Program Structure",2025,,M Cotton - 2025 - scholarship.claremont.edu,0,https://scholarship.claremont.edu/cmc_theses/3737/,True,high,Abstract has strong replication signal. (a_strong=1)
2286,Trade and ethnolinguistic differences: A replication and extension,2025,"J Gonzalez, Ö Özak","J Gonzalez, Ö Özak - Economic Inquiry, 2025 - Wiley Online Library",0,https://onlinelibrary.wiley.com/doi/abs/10.1111/ecin.13269,True,high,"Title contains explicit replication indicator. (t_strong=2, a_strong=1)"
2287,"A comment on"" Optimal Deposit Insurance""",2025,,"J Chahine, M DeHaven, M Greiwe, H Lee, Z Mao - 2025 - econstor.eu",0,https://www.econstor.eu/handle/10419/309440,True,high,Abstract has strong replication signal. (a_strong=1)
2288,Underpowered studies and exaggerated effects: A replication and re‐evaluation of the magnitude of anchoring effects,2025,"T Li, C Weigel, P Ferraro, KD Messer","T Li, C Weigel, P Ferraro, KD Messer - Economic Inquiry, 2025 - Wiley Online Library",0,https://onlinelibrary.wiley.com/doi/abs/10.1111/ecin.13279,True,high,"Title contains explicit replication indicator. (t_strong=1, a_strong=1)"
2289,Reducing the replication time for structural estimations: A successful replication of “An Anatomy of International Trade” using GPU computing,2025,J Zhong,"J Zhong - Economic Inquiry, 2025 - Wiley Online Library",0,https://onlinelibrary.wiley.com/doi/abs/10.1111/ecin.13257,True,high,"Title contains explicit replication indicator. (t_strong=1, a_strong=0)"
2290,Strategizing with AI: Insights from a Beauty Contest Experiment,2025,"D Dagaev, S Paklina","I Alekseenko, D Dagaev, S Paklina… - arXiv preprint arXiv …, 2025 - arxiv.org",0,https://arxiv.org/abs/2502.03158,True,medium,"Multiple moderate replication signals, no negatives. (a_mod=2)"
2291,Energy Transition and the Value of Capacity Remuneration Mechanisms: Partial Replication of the Model with Polish Data,2025,K Waśniewski,K Waśniewski - Available at SSRN 5130801 - papers.ssrn.com,0,https://papers.ssrn.com/sol3/papers.cfm?abstract_id=5130801,True,high,"Title contains explicit replication indicator. (t_strong=1, a_strong=0)"
2292,Music learning and skill development: a replication study of Hille and Schupp (2015),2025,"F Koehler, E Schurig","M Feldhaus, F Koehler, E Schurig… - Educational …, 2025 - Taylor & Francis",0,https://www.tandfonline.com/doi/abs/10.1080/01443410.2025.2477181,True,high,"Title contains explicit replication indicator. (t_strong=2, a_strong=0)"
2293,"Does Education Improve Cognitive Performance Four Decades After School Completion?: A Replication Study of Nicole Schneeweis, Vegard Skirbekk and Rudolf …",2025,,"V Schiele, BB Tawiah - … Comments and Replications in Economics, 2025 - ojs.jcr-econ.org",0,https://www.ojs.jcr-econ.org/index.php/jcre/article/view/14,True,high,"Title contains explicit replication indicator. (t_strong=2, a_strong=0)"
2294,Re‐examining investor sentiment and stock returns: A replication and extension of Baker and Wurgler (2006),2025,"K Leong, D Li, H Li, Z Xu","K Leong, D Li, H Li, C Peng, Z Xu - Economic Inquiry, 2025 - Wiley Online Library",0,https://onlinelibrary.wiley.com/doi/abs/10.1111/ecin.13290,True,high,"Title contains explicit replication indicator. (t_strong=2, a_strong=0)"
2295,A replication study on “Revisiting the linkages between oil prices and macroeconomy for the euro area: Does energy inflation still matter?”,2025,"S Ghosh, K Kanjilal","S Ghosh, K Kanjilal - Energy Economics, 2025 - Elsevier",0,https://www.sciencedirect.com/science/article/pii/S0140988325002798,True,high,"Title contains explicit replication indicator. (t_strong=2, a_strong=1)"
2296,Replication files for: Asymmetric Backlash against Structural Economic Change: The Electoral Consequences of the Coal Phase-Out in Germany,2025,S Stutzmann,S Stutzmann - 2025 - kops.uni-konstanz.de,0,https://kops.uni-konstanz.de/entities/dataset/66ec5077-2a9d-47b2-8eed-bf79a484e008,True,high,"Title contains explicit replication indicator. (t_strong=1, a_strong=0)"
2297,Behind the screens: A replication and extension of Coasian bargaining experiments in the digital age,2025,"CC Eckel, R Rholes","JD Backstrom, CC Eckel, R Rholes… - European Economic …, 2025 - Elsevier",0,https://www.sciencedirect.com/science/article/pii/S0014292125000741,True,high,"Title contains explicit replication indicator. (t_strong=2, a_strong=2)"
2298,Replication: Dictator Games with different endowment sources,2025,"D Aycinena, F Bogliacino, E Kimbrough","D Aycinena, F Bogliacino, E Kimbrough - Available at SSRN 5269482, 2025 - osf.io",0,https://osf.io/t842w/download,True,high,"Title contains explicit replication indicator. (t_strong=1, a_strong=1)"
2299,"Replication Report: A Comment on"" Politicians' Private Sector Job and Parliamentary Behavior""",2025,"L Lehner, A Sutherland","R Ganly, L Lehner, PL Nguyen, A Sutherland - 2025 - econstor.eu",0,https://www.econstor.eu/handle/10419/311308,True,high,"Title contains explicit replication indicator. (t_strong=1, a_strong=0)"
2300,Revisiting Singularity and Compassion Fade: Replication and extensions of Experiments 1a and 3 in Västfjäll et al.(2014),2025,"L Mayiwar, I Rudko","L Mayiwar, S Yu, Y Jeong, R Rekdal, T Do, I Rudko… - researchgate.net",0,https://www.researchgate.net/profile/Gilad-Feldman/publication/389085938_Revisiting_Singularity_and_Compassion_Fade_Replication_and_extensions_of_Experiments_1a_and_3_in_Vastfjall_et_al_2014/links/67be6ac0461fb56424e9d9ae/Revisiting-Singularity-and-Compassion-Fade-Replication-and-extensions-of-Experiments-1a-and-3-in-Vaestfjaell-et-al-2014.pdf,True,high,"Title contains explicit replication indicator. (t_strong=1, a_strong=0)"
2301,Applicant Perceptions of Selection Methods: Replicating and Extending Previous Research,2025,G Castano,"LD Zibarras, G Castano… - International Journal of …, 2025 - Wiley Online Library",0,https://onlinelibrary.wiley.com/doi/abs/10.1111/ijsa.70007,True,medium,"Multiple moderate replication signals, no negatives. (a_mod=2)"
2302,"Replication material for"" The effect of geographical denomination on the uptake of fungus-resistant grapes""",2025,L Zachmann,L Zachmann - 2025 - research-collection.ethz.ch,0,https://www.research-collection.ethz.ch/bitstream/handle/20.500.11850/724874/1/ReplicationDocument.pdf,True,high,"Title contains explicit replication indicator. (t_strong=1, a_strong=0)"
2303,A Reassessment of Likelihood Approximation by Integration on Sparse Grids,2025,S Madaras,"S Madaras, Z Sándor - Journal of Applied Econometrics, 2025 - Wiley Online Library",0,https://onlinelibrary.wiley.com/doi/abs/10.1002/jae.3108,True,high,Abstract has multiple strong replication signals. (a_strong=2)
2304,Does Self-Care Benefit from Pro-social Advertising? a Replication Study of the Advertising-Empowerment-Model,2025,"I Koinig, S Diehl, B Mueller","I Koinig, S Diehl, B Mueller - … in Advertising Research XIII: Frontiers of …, 2025 - Springer",0,https://link.springer.com/chapter/10.1007/978-3-658-43936-1_9,True,high,"Title contains explicit replication indicator. (t_strong=2, a_strong=2)"
2305,Consolidation of Banks and Its Impact on Minority-Income Dynamics,2025,A Ghosh,"S Contreras, A Ghosh - Journal of Economics, Race, and Policy, 2025 - Springer",0,https://link.springer.com/article/10.1007/s41996-024-00164-0,False,medium,"Replication language appears incidental (method step, table/figure reproduction, own results)."
2306,Exploring the suitability of cannabis use with next‐day responsibilities: A behavioral‐economic and qualitative study,2025,BP Miller,"BP Miller, K Csölle, C Chen, A Lester… - Journal of the …, 2025 - Wiley Online Library",0,https://onlinelibrary.wiley.com/doi/abs/10.1002/jeab.4209,True,high,Abstract has strong replication signal. (a_strong=1)
2307,"Liberal economic institutions predict decreases in relative poverty, but only in developed, individualist societies: a global analysis, 2000–2019",2025,"T Rutar, M Hočevar","T Rutar, M Hočevar - 2025 - researchgate.net",0,https://www.researchgate.net/profile/Tibor-Rutar/publication/387764716_Liberal_economic_institutions_predict_decreases_in_relative_poverty_but_only_in_developed_individualist_societies_a_global_analysis_2000-2019/links/678002b618faf13f0c3da5c1/Liberal-economic-institutions-predict-decreases-in-relative-poverty-but-only-in-developed-individualist-societies-a-global-analysis-2000-2019.pdf,True,high,Abstract has multiple strong replication signals. (a_strong=2)
2308,Replication Data for: Efficiency of European oil companies: an empirical analysis,2025,B Sanchez-Robles,"B Sanchez-Robles - Replication Data for: Efficiency of …, 2025 - portalcientifico.uned.es",0,https://portalcientifico.uned.es/documentos/67a9c7bb19544708f8c70c0f,True,high,"Title contains explicit replication indicator. (t_strong=1, a_strong=0)"
2309,Replication Data for: Efficiency and Super-Efficiency in the CRO Industry,2025,"B Sanchez-Robles, RF Diaz","B Sanchez-Robles, RF Diaz - Replication Data for …, 2025 - portalcientifico.uned.es",0,https://portalcientifico.uned.es/documentos/67a9c7bb19544708f8c70c12,True,high,"Title contains explicit replication indicator. (t_strong=1, a_strong=0)"
2310,"PROTOCOL: The impact of infrastructure on low-income consumers' nutritious diet, women's economic empowerment, and gender equality in low-and middle-income …",2025,,"G Adobea Odei Obeng-Amoako, C Panyin Nyan… - …, 2025 - cabidigitallibrary.org",0,https://www.cabidigitallibrary.org/doi/abs/10.1079/protocolrxiv.2025.00002,True,high,Abstract has strong replication signal. (a_strong=1)
2311,A comment on 'growth and inequality in public good provision': Testing the robustness and generalizability of dynamic public good games,2025,,"H Roggenkamp - Journal of Behavioral and Experimental Economics, 2025 - Elsevier",0,https://www.sciencedirect.com/science/article/pii/S2214804324001708,True,low,"One moderate signal; might be incidental use of ""replicate"". (a_mod=1)"
2312,Hindsight Bias: A Preregistered Replication Study Of Fischhoff (1975) With An Extension On Depressive Symptoms As Moderation.,2025,"L Seda, D Fatori, MC Batistuzzo","L Seda, D Fatori, MC Batistuzzo - 2025 - osf.io",0,https://osf.io/x394e/download,True,high,"Title contains explicit replication indicator. (t_strong=2, a_strong=6)"
2313,Replication Report: Corrupted by Algorithms? How AI-generated And Human-written Advice Shape (Dis) Honesty,2025,L Deer,"L Deer, A Krishna, L Zhang - 2025 - econstor.eu",0,https://www.econstor.eu/handle/10419/313185,True,high,"Title contains explicit replication indicator. (t_strong=1, a_strong=0)"
2314,"Is UWLS Really Better? A Replication and Pre-Registered Robustness Check of Stanley et al., Journal of Clinical Epidemiology (2023)",2025,WR Reed,"S Hong, WR Reed - 2025 - ideas.repec.org",0,https://ideas.repec.org/p/cbt/econwp/25-01.html,True,high,"Title contains explicit replication indicator. (t_strong=1, a_strong=1)"
2315,Multiple large shareholders and risk-taking of commercial banks,2025,,"L Cao, S Zhai, L Xie, Y Li - Applied Economics Letters, 2025 - Taylor & Francis",0,https://www.tandfonline.com/doi/abs/10.1080/13504851.2024.2446482,False,high,No replication signals found in title or abstract.
2316,Replication and Extension of Schooling Effects on Cognitive Control and Brain Activation,2025,,"A Liu, A Maganti, T Sun, B Wen - 2025 - escholarship.org",0,https://escholarship.org/content/qt1xx977n3/qt1xx977n3.pdf,True,high,"Title contains explicit replication indicator. (t_strong=2, a_strong=2)"
2317,Future Time Reference and Time Preferences on the Individual Level,2025,"T Keller, HJ Kiss, D Jorrat","T Keller, HJ Kiss, D Jorrat - Available at SSRN 5128523 - papers.ssrn.com",0,https://papers.ssrn.com/sol3/papers.cfm?abstract_id=5128523,False,high,No replication signals found in title or abstract.
2318,Revisiting mental accounting classic paradigms: Replication Registered Report of the problems reviewed in Thaler (1999),2025,G Feldman,"M Li, G Feldman - researchgate.net",0,https://www.researchgate.net/profile/Gilad-Feldman/publication/359133047_Revisiting_mental_accounting_classic_paradigms_Replication_Registered_Report_of_the_problems_reviewed_in_Thaler_1999/links/681ddd6cd1054b0207ecec91/Revisiting-mental-accounting-classic-paradigms-Replication-Registered-Report-of-the-problems-reviewed-in-Thaler-1999.pdf,True,high,"Title contains explicit replication indicator. (t_strong=1, a_strong=0)"
2319,The Cycle Continues: An Assessment of Democratic Transitions in Latin America with New Data and Indicators,2025,LG Barberia,"LG Barberia, KS Piazza… - Journal of Politics in …, 2025 - journals.sagepub.com",0,https://journals.sagepub.com/doi/abs/10.1177/1866802X241306119,True,high,Abstract has strong replication signal. (a_strong=1)
2320,Reciprocity and the tragedies of maintaining and providing the commons: A replication and an extension to income inequality,2025,M Drouvelis,"M Drouvelis, Z Qiu - Economic Inquiry, 2025 - Wiley Online Library",0,https://onlinelibrary.wiley.com/doi/abs/10.1111/ecin.13297,True,high,"Title contains explicit replication indicator. (t_strong=1, a_strong=0)"
2321,Revisiting the psychology of waste: Replication and extensions Registered Report of Arkes (1996),2025,G Feldman,"Z Zhu, G Feldman - Royal Society Open Science, 2025 - royalsocietypublishing.org",0,https://royalsocietypublishing.org/doi/abs/10.1098/rsos.250367,True,high,"Title contains explicit replication indicator. (t_strong=1, a_strong=0)"
2322,Agent-Based Modeling of Environmental Tax Reform: Replicating a General Equilibrium Model,2025,"F Klein, J Foramitti, T Konc","F Klein, J Bergh, J Foramitti, T Konc - 2025 - policycommons.net",0,https://policycommons.net/artifacts/18225438/agentizing-a-general-equilibrium-model-of-environmental-tax-reform/19125728/,False,high,No replication signals found in title or abstract.
2323,Effects of winning and losing streaks on within-session chasing in online gambling: A replication and extension study,2025,"N Banerjee, X Noël, Z Chen","N Banerjee, X Noël, Z Chen - International Gambling Studies, 2025 - Taylor & Francis",0,https://www.tandfonline.com/doi/abs/10.1080/14459795.2025.2494598,True,high,"Title contains explicit replication indicator. (t_strong=2, a_strong=0)"
2324,Replication Data for: Democratic Backsliding and Support for Public Good Provision in the European Union,2025,"M Heermann, S Baute, D Leuffen","M Heermann, S Baute, D Leuffen - 2025 - kops.uni-konstanz.de",0,https://kops.uni-konstanz.de/entities/dataset/8f545946-b0c8-4dbd-90b1-f68e30fdfe9a,True,high,"Title contains explicit replication indicator. (t_strong=1, a_strong=0)"
2325,Characterizing Measurement Error in the German Socio-Economic Panel Using Linked Survey and Administrative Data,2025,,"N Thurow - arXiv preprint arXiv:2501.03015, 2025 - arxiv.org",0,https://arxiv.org/abs/2501.03015,False,high,No replication signals found in title or abstract.
2326,"Happy Work, Happy Life? A Replication and Comparison of the Longitudinal Effects Between Job and Life Satisfaction Using Continuous Time Meta‐Analysis",2025,"CW Wiese, C Dormann, H Vaziri, L Tay","CW Wiese, C Dormann, H Vaziri, L Tay… - Journal of …, 2025 - Wiley Online Library",0,https://onlinelibrary.wiley.com/doi/abs/10.1002/job.2861,True,high,"Title contains explicit replication indicator. (t_strong=1, a_strong=0)"
2327,Guided Persona-based AI Surveys: Can we replicate personal mobility preferences at scale using LLMs?,2025,"I Tzachristas, S Narayanan, C Antoniou","I Tzachristas, S Narayanan, C Antoniou - arXiv preprint arXiv:2501.13955, 2025 - arxiv.org",0,https://arxiv.org/abs/2501.13955,True,medium,"Multiple moderate replication signals, no negatives. (a_mod=2)"
2328,"Exploration, Confirmation, and Replication in the Same Observational Study: A Two Team Cross-Screening Approach to Studying the Effect of Unwanted Pregnancy …",2025,"M Bogomolov, R Heller, AM Claridge","S Roy, M Bogomolov, R Heller, AM Claridge… - arXiv preprint arXiv …, 2025 - arxiv.org",0,https://arxiv.org/abs/2505.14480,False,high,No replication signals found in title or abstract.
2329,Psychometric Credit Scoring in Latin America: Replicated Samples Across Five Countries,2025,S Fine,"S Fine - Review of Behavioral Economics, 2025 - nowpublishers.com",0,https://www.nowpublishers.com/article/Details/RBE-0206,False,high,No replication signals found in title or abstract.
2330,From shared grievances to collective action: A multilevel study of economic adversity and protest,2025,A Azedi,"A Azedi - International Sociology, 2025 - journals.sagepub.com",0,https://journals.sagepub.com/doi/abs/10.1177/02685809241292076,True,medium,"Multiple moderate replication signals, no negatives. (a_mod=3)"
2331,Is ecosystem resilience an economic insurance? Evidence from the Goulburn-Broken Catchment farmland in Australia,2025,"MA Drupp, S Baumgärtner","MA Drupp, S Baumgärtner - Evidence from the Goulburn-Broken …, 2025 - papers.ssrn.com",0,https://papers.ssrn.com/sol3/papers.cfm?abstract_id=5118847,True,high,Abstract has strong replication signal. (a_strong=1)
2332,Replication Data for: The Politics of Status Preservation: Immigration and the Knowledge Economy Class,2025,,B Van Staalduinen - 2025 - kops.uni-konstanz.de,0,https://kops.uni-konstanz.de/entities/dataset/894c1cb6-aa25-43e3-bd2d-f93748c77d08/full,True,high,"Title contains explicit replication indicator. (t_strong=1, a_strong=0)"
2333,Climate change and health risk perception in India: A replication of the climate change risk perception model,2025,,"A Iyer, KA Jose - Journal of Environmental Psychology, 2025 - Elsevier",0,https://www.sciencedirect.com/science/article/pii/S0272494425001094,True,high,"Title contains explicit replication indicator. (t_strong=2, a_strong=0)"
2334,Does Competition Make Businesses Resilient?,2025,N Rogers,"R Jain, R Poudel, N Rogers - … Business and Economics, 2025 - search.proquest.com",0,https://search.proquest.com/openview/3cc72214ebb71413546bc018d61bdc7f/1?pq-origsite=gscholar&cbl=38282,True,low,"One moderate signal; might be incidental use of ""replicate"". (a_mod=1)"
2335,"Economic growth, energy consumption and CO2 emissions: A replication",2025,,"Q Chen, E Zhang - Energy Economics, 2025 - Elsevier",0,https://www.sciencedirect.com/science/article/pii/S0140988325003627,True,high,"Title contains explicit replication indicator. (t_strong=1, a_strong=0)"
2336,"No evidence of effects of testosterone on economic preferences: Results from a large (N= 1,000) double-blind randomized controlled study",2025,"A Dreber, M Johannesson, G Nave, C Apicella","A Dreber, M Johannesson, G Nave, C Apicella… - Available at …, 2025 - papers.ssrn.com",0,https://papers.ssrn.com/sol3/papers.cfm?abstract_id=5115145,False,high,No replication signals found in title or abstract.
2337,World Development and interdisciplinarity: re-examining the economics silo,2025,,"M Aistleitner - Decolonial Narratives in Economics, 2025 - elgaronline.com",0,https://www.elgaronline.com/edcollchap/book/9781035329649/chapter2.xml,True,high,Abstract has multiple strong replication signals. (a_strong=2)
2338,"… , AND TECHNOLOGICAL ADVANCEMENT ON GEN Z'S INVESTMENT INTEREST (Case Study of Students at the Faculty of Economics and Business, Brawijaya …",2025,H Subandi,"MA Jasmine, H Subandi - International Journal of Research on Finance & …, 2025 - ijrfb.com",0,https://ijrfb.com/index.php/ijrfb_page/article/view/20,False,high,No replication signals found in title or abstract.
2339,YET,2025,"M Adamus, M Chayinska, J Šrol, J Adam-Troian","M Adamus, M Chayinska, J Šrol, J Adam-Troian… - osf.io",0,https://osf.io/sj6k7/download,False,high,No replication signals found in title or abstract.
2340,Population Diversity and Economic Growth: A Meta‐Regression Analysis,2025,A Sintos,"A Sintos - Journal of Economic Surveys, 2025 - Wiley Online Library",0,https://onlinelibrary.wiley.com/doi/abs/10.1111/joes.12681,True,medium,"Multiple moderate replication signals, no negatives. (a_mod=2)"
2341,Job Market Stars: Statistical Significance and Academic Hiring in Economics,2025,"L Kattan, A Brodeur","L Kattan, M Musumeci, A Brodeur - Available at SSRN 5252971 - papers.ssrn.com",0,https://papers.ssrn.com/sol3/papers.cfm?abstract_id=5252971,True,medium,"Multiple moderate replication signals, no negatives. (a_mod=2)"
2342,Slaying the Undead: How Long Does It Take to Kill Zombie Papers?,2025,"V Mignon, M Joëts","V Mignon, M Joëts - 2025 - hal.science",0,https://hal.science/hal-04940088/,False,high,No replication signals found in title or abstract.
2343,Does sovereignty help economic growth? A recent reassessment,2025,J Caraballo-Cueto,"J Caraballo-Cueto - World Development, 2025 - Elsevier",0,https://www.sciencedirect.com/science/article/pii/S0305750X24002845,False,high,No replication signals found in title or abstract.
2344,Beyond the Replication Crisis: Investigating Methodological Drivers of Inconsistency in Financial Economics,2025,,LN Grebe - 2025 - tuprints.ulb.tu-darmstadt.de,0,https://tuprints.ulb.tu-darmstadt.de/30034/,False,high,"Abstract discusses replication as topic/concept, not as paper's primary action. (a_neg=1)"
2345,Comparative measurements of circular economy performance among European countries: Reviewing approaches and limitations,2025,Z Łapniewska,"N Pakuła, Z Łapniewska, CJC Dutra - Journal of Environmental …, 2025 - Elsevier",0,https://www.sciencedirect.com/science/article/pii/S0301479725003901,False,high,No replication signals found in title or abstract.
2346,Towards more horizontality in families? Sibling associations in socio-economic status in the Barcelona area in the sixteenth to nineteenth centuries,2025,"JM Pujadas-Mora, G Brea-Martinez","JM Pujadas-Mora, G Brea-Martinez - Population Studies, 2025 - Taylor & Francis",0,https://www.tandfonline.com/doi/abs/10.1080/00324728.2024.2435310,False,high,No replication signals found in title or abstract.
2347,"Re-examining money, debt and Islamic banking in the USA",2025,A Abdullah,"A Abdullah - International Journal of Islamic and Middle Eastern …, 2025 - emerald.com",0,https://www.emerald.com/insight/content/doi/10.1108/imefm-08-2024-0403/full/html,False,high,No replication signals found in title or abstract.
2348,Are Business Students More Self‐Interested Than Law Students? A Longitudinal Study,2025,"C Miragaya‐Casillas, R Aguayo‐Estremera","C Miragaya‐Casillas, R Aguayo‐Estremera… - Kyklos, 2025 - Wiley Online Library",0,https://onlinelibrary.wiley.com/doi/abs/10.1111/kykl.12451,False,high,No replication signals found in title or abstract.
2349,Replicating the Success of KB Villages: A Mock Study of Mamasa District as a Development Model in Lempangang Village,2025,"II Al Ayyubi, E Prayetno","II Al Ayyubi, E Prayetno… - Dinamis: Jurnal …, 2025 - ejournal.unhasy.ac.id",0,https://ejournal.unhasy.ac.id/index.php/dinamis/article/view/8697,True,high,"Title contains explicit replication indicator. (t_strong=1, a_strong=0)"
2350,(Predicting) replications and variation in new outcomes: which results generalize?,2025,,A DREBER ALMENBERG - 2025 - cadmus.eui.eu,0,https://cadmus.eui.eu/handle/1814/77830,False,high,No replication signals found in title or abstract.
2351,Building Trust in Illiquid Markets: an AI-Powered Replication of Private Equity Funds,2025,E Benhamou,"E Benhamou, JJ Ohana, B Guez, E Setrouk… - Available at …, 2025 - papers.ssrn.com",0,https://papers.ssrn.com/sol3/papers.cfm?abstract_id=5199100,True,high,"Title contains explicit replication indicator. (t_strong=1, a_strong=0)"
2352,Estimating Heterogeneity in Intuitive Prosociality,2025,"A Kvarven, E Strømland, G Torsvik","A Kvarven, E Strømland, G Torsvik - 2025 - osf.io",0,https://osf.io/4kxsu/download,True,high,Abstract has multiple strong replication signals. (a_strong=2)
2353,On the Prevalence of Condorcet's Paradox,2025,AS Kurella,"S Barbaro, AS Kurella - 2025 - download.uni-mainz.de",0,https://download.uni-mainz.de/RePEc/pdf/Discussion_Paper_2501.pdf,False,high,No replication signals found in title or abstract.
2354,Relative feedback response in competitive environments,2025,D Aycinena,D Aycinena - 2025 - lucasrentschler.com,0,https://lucasrentschler.com/wp-content/uploads/2020/09/Feedback1.pdf,False,high,No replication signals found in title or abstract.
2355,Asymmetric dependence between the prospect theory value and stock returns in India: a quantile regression approach,2025,"M Yadav, G Dixit","M Yadav, G Dixit - Managerial Finance, 2025 - emerald.com",0,https://www.emerald.com/insight/content/doi/10.1108/mf-10-2023-0628/full/html,False,high,No replication signals found in title or abstract.
